,Wavelength (um),Reflectivity
0,0.18998199099549773,26.928686426295517
1,0.24297598799399697,52.59600317602904
2,0.29596998499249627,36.008315235624394
3,0.34896398199099543,29.848022097430324
4,0.4019579789894947,28.684391022824553
5,0.454951975987994,28.92859906504881
6,0.5079459729864932,29.27614502986937
7,0.5609399699849925,29.963624722451726
8,0.6139339669834917,30.80295191165682
9,0.666927963981991,31.67345942872027
10,0.7199219609804902,32.69225994841944
11,0.7729159579789894,33.816394556399715
12,0.8259099549774886,34.85457942489107
13,0.8789039519759879,35.99135507092181
14,0.9318979489744872,37.44354299468007
15,0.9848919459729865,38.2964347887767
16,1.0378859429714855,39.63108736159732
17,1.090879939969985,40.82216758053713
18,1.143873936968484,41.86807744552731
19,1.1968679339669832,42.83807836688635
20,1.2498619309654826,44.37260481498972
21,1.3028559279639818,45.14707249919066
22,1.355849924962481,45.84991995235208
23,1.4088439219609803,46.37287993567928
24,1.4618379189594795,46.77002260882201
25,1.5148319159579786,47.04649484808593
26,1.567825912956478,47.32296708734986
27,1.6208199099549772,47.599439326613776
28,1.6738139069534765,47.83796241772197
29,1.7268079039519757,48.049191302681685
30,1.7798019009504749,48.2604201876414
31,1.8327958979489742,48.47164907260111
32,1.8857898949474734,48.68287795756082
33,1.9387838919459728,48.90530691602741
34,1.991777888944472,49.15163281710389
35,2.0447718859429713,49.39795871818036
36,2.0977658829414705,49.64428461925684
37,2.15075987993997,49.89061052033332
38,2.2037538769384692,50.154849834783576
39,2.2567478739369684,50.42629887179754
40,2.3097418709354676,50.6977479088115
41,2.3627358679339667,50.96919694582546
42,2.415729864932466,51.240645982839425
43,2.4687238619309655,51.409839152498854
44,2.5217178589294647,51.567712811671385
45,2.574711855927964,51.7255864708439
46,2.627705852926463,51.88346013001642
47,2.680699849924962,52.04133378918894
48,2.7336938469234617,52.19920744836146
49,2.786687843921961,52.35708110753399
50,2.83968184092046,52.573646561613494
51,2.892675837918959,52.89741274834873
52,2.9456698349174584,53.22117893508397
53,2.9986638319159575,53.544945121819204
54,3.051657828914457,53.86871130855445
55,3.1046518259129563,54.140691452621695
56,3.1576458229114555,54.38449402887236
57,3.2106398199099546,54.628296605123005
58,3.2636338169084538,54.87209918137366
59,3.3166278139069534,55.115901757624314
60,3.3696218109054525,55.35970433387497
61,3.4226158079039517,55.603506910125624
62,3.475609804902451,55.847309486376275
63,3.52860380190095,55.99192808243595
64,3.5815977988994496,56.12617022231741
65,3.634591795897949,56.26041236219886
66,3.687585792896448,56.394654502080314
67,3.740579789894947,56.528896641961765
68,3.7935737868934463,56.66313878184323
69,3.846567783891946,56.79738092172468
70,3.899561780890445,56.93162306160613
71,3.952555777888944,57.06586520148758
72,4.005549774887443,57.20010734136905
73,4.058543771885942,57.3343494812505
74,4.111537768884442,57.46859162113195
75,4.16453176588294,57.60283376101341
76,4.21752576288144,57.817588835259194
77,4.27051975987994,58.09205935355358
78,4.323513756878438,58.36652987184796
79,4.376507753876938,58.64100039014234
80,4.429501750875437,58.91547090843671
81,4.482495747873936,59.189941426731096
82,4.535489744872435,59.46441194502547
83,4.5884837418709346,59.61880317127231
84,4.641477738869434,59.75319429282939
85,4.694471735867933,59.887585414386464
86,4.7474657328664325,60.02197653594355
87,4.800459729864931,60.156367657500624
88,4.853453726863431,60.29075877905771
89,4.90644772386193,60.425149900614784
90,4.959441720860429,60.55954102217187
91,5.012435717858929,60.693932143728944
92,5.065429714857427,60.82832326528602
93,5.118423711855927,60.96271438684311
94,5.171417708854427,61.09710550840018
95,5.224411705852925,61.231496629957256
96,5.277405702851425,61.39618109801221
97,5.330399699849924,61.560979458211484
98,5.383393696848423,61.725777818410776
99,5.436387693846923,61.890576178610075
100,5.489381690845422,62.05537453880935
101,5.542375687843921,62.220172899008645
102,5.59536968484242,62.38497125920793
103,5.6483636818409195,62.549769619407215
104,5.701357678839419,62.714567979606514
105,5.754351675837918,62.8793663398058
106,5.8073456728364174,63.048794657193866
107,5.860339669834916,63.23554083665787
108,5.913333666833416,63.42228701612186
109,5.9663276638319145,63.60903319558586
110,6.019321660830414,63.79577937504987
111,6.072315657828914,63.982525554513856
112,6.125309654827412,64.16927173397787
113,6.178303651825912,64.35601791344186
114,6.231297648824411,64.54276409290586
115,6.28429164582291,64.72951027236985
116,6.33728564282141,64.91625645183385
117,6.390279639819909,65.10300263129784
118,6.443273636818408,65.28974881076184
119,6.496267633816907,65.47649499022585
120,6.549261630815407,65.66324116968984
121,6.602255627813906,65.84998734915384
122,6.655249624812405,66.03673352861783
123,6.7082436218109045,66.22347970808184
124,6.761237618809403,66.41022588754583
125,6.814231615807903,66.59697206700983
126,6.867225612806402,66.78371824647382
127,6.920219609804901,66.21595040668643
128,6.973213606803401,65.41187408117621
129,7.0262076038018995,66.27787749585806
130,7.079201600800399,67.14388091053995
131,7.132195597798899,68.00988432522183
132,7.185189594797397,68.87588773990369
133,7.238183591795897,69.74189115458556
134,7.291177588794396,70.60789456926744
135,7.344171585792895,69.35702589098074
136,7.397165582791395,68.73374757832299
137,7.450159579789894,68.85336146232699
138,7.503153576788393,68.97297534633095
139,7.556147573786892,69.09258923033494
140,7.6091415707853916,69.2122031143389
141,7.662135567783891,69.3318169983429
142,7.71512956478239,69.45143088234687
143,7.7681235617808895,69.57104476635084
144,7.821117558779388,69.69065865035482
145,7.874111555777888,69.8102725343588
146,7.9271055527763865,69.92988641836277
147,7.980099549774886,70.04950030236675
148,8.033093546773387,70.16911418637073
149,8.086087543771885,70.28872807037472
150,8.139081540770384,70.40834195437868
151,8.192075537768885,70.52795583838267
152,8.245069534767383,70.64756972238663
153,8.298063531765882,70.76718360639062
154,8.351057528764382,70.8867974903946
155,8.404051525762881,71.00641137439857
156,8.45704552276138,71.12602525840254
157,8.51003951975988,71.24563914240653
158,8.563033516758379,71.3652530264105
159,8.616027513756878,71.48486691041447
160,8.669021510755377,71.60448079441846
161,8.722015507753877,71.72409467842243
162,8.775009504752376,71.84370856242641
163,8.828003501750874,71.96332244643038
164,8.880997498749375,72.08293633043436
165,8.933991495747874,72.20255021443835
166,8.986985492746372,72.32216409844231
167,9.039979489744871,72.4417779824463
168,9.092973486743372,72.56139186645028
169,9.14596748374187,72.68100575045425
170,9.198961480740369,72.80061963445822
171,9.25195547773887,72.94297515917089
172,9.304949474737368,73.24474410466772
173,9.357943471735867,73.54651305016452
174,9.410937468734367,73.84828199566135
175,9.463931465732866,74.15005094115817
176,9.516925462731365,74.45181988665499
177,9.569919459729864,74.7535888321518
178,9.622913456728364,75.05535777764864
179,9.675907453726863,75.35712672314546
180,9.728901450725361,75.65889566864226
181,9.781895447723862,75.96066461413909
182,9.83488944472236,76.26243355963591
183,9.88788344172086,76.56420250513273
184,9.94087743871936,76.86597145062956
185,9.993871435717859,77.16774039612636
186,10.046865432716357,77.4695093416232
187,10.099859429714856,77.77127828712
188,10.152853426713357,78.07304723261683
189,10.205847423711855,78.37481617811365
190,10.258841420710354,78.67658512361047
191,10.311835417708854,78.97835406910728
192,10.364829414707353,79.2801230146041
193,10.417823411705852,79.58189196010093
194,10.47081740870435,79.88366090559774
195,10.523811405702851,80.18542985109457
196,10.57680540270135,80.48719879659139
197,10.629799399699849,80.7889677420882
198,10.682793396698349,81.09073668758504
199,10.735787393696848,81.39250563308184
200,10.788781390695346,81.69427457857866
201,10.841775387693847,81.96025017868305
202,10.894769384692346,81.82724505339755
203,10.947763381690844,81.69423992811205
204,11.000757378689343,81.56123480282655
205,11.053751375687844,81.42822967754104
206,11.106745372686342,81.29522455225556
207,11.159739369684841,81.16221942697004
208,11.212733366683342,81.02921430168453
209,11.26572736368184,80.89620917639905
210,11.318721360680339,80.76320405111355
211,11.37171535767884,80.63019892582804
212,11.424709354677338,80.49719380054253
213,11.477703351675837,80.36418867525704
214,11.530697348674336,80.23118354997155
215,11.583691345672836,80.09817842468604
216,11.636685342671335,79.96517329940053
217,11.689679339669834,79.83216817411503
218,11.742673336668334,79.69916304882953
219,11.795667333666833,79.56615792354404
220,11.848661330665331,79.43315279825853
221,11.90165532766383,79.30014767297303
222,11.95464932466233,79.16714254768753
223,12.00764332166083,79.03413742240203
224,12.060637318659328,78.90113229711653
225,12.113631315657829,78.76812717183103
226,12.166625312656327,78.63512204654552
227,12.219619309654826,78.50211692126003
228,12.272613306653327,78.36911179597453
229,12.325607303651825,78.23610667068903
230,12.378601300650324,78.10310154540352
231,12.431595297648823,77.41237184980824
232,12.484589294647323,76.63657707774817
233,12.537583291645822,75.89024531509423
234,12.59057728864432,76.03918277647058
235,12.643571285642821,76.18812023784693
236,12.69656528264132,76.33705769922328
237,12.749559279639818,76.48599516059963
238,12.802553276638319,76.63493262197599
239,12.855547273636818,76.78387008335233
240,12.908541270635316,76.93280754472869
241,12.961535267633815,77.08174500610504
242,13.014529264632316,77.23068246748139
243,13.067523261630814,77.37961992885774
244,13.120517258629313,77.52855739023408
245,13.173511255627814,77.67749485161042
246,13.226505252626312,77.82643231298678
247,13.279499249624811,77.97536977436314
248,13.332493246623311,78.12430723573948
249,13.38548724362181,78.27324469711584
250,13.438481240620309,78.42218215849218
251,13.491475237618808,78.57111961986854
252,13.544469234617308,78.72005708124489
253,13.597463231615807,78.86899454262124
254,13.650457228614306,79.01793200399757
255,13.703451225612806,79.16686946537394
256,13.756445222611305,79.31580692675028
257,13.809439219609803,79.46474438812665
258,13.862433216608302,79.61368184950298
259,13.915427213606803,79.76261931087934
260,13.968421210605301,79.8164345927715
261,14.0214152076038,79.21406341336534
262,14.0744092046023,78.61169223395916
263,14.1274032016008,78.009321054553
264,14.180397198599298,77.40694987514685
265,14.233391195597799,76.80457869574067
266,14.286385192596297,76.20220751633451
267,14.339379189594796,75.59983633692835
268,14.392373186593295,74.99746515752219
269,14.445367183591795,74.39509397811601
270,14.498361180590294,74.17341931727597
271,14.551355177588793,74.94194990521068
272,14.604349174587293,75.71048049314541
273,14.657343171585792,76.47901108108013
274,14.71033716858429,77.24754166901482
275,14.763331165582791,78.01607225694957
276,14.81632516258129,78.78460284488428
277,14.869319159579788,79.55313343281898
278,14.922313156578287,80.32166402075369
279,14.975307153576788,81.09019460868842
280,15.028301150575286,81.85872519662314
281,15.081295147573785,82.62725578455785
282,15.134289144572286,83.39578637249258
283,15.187283141570784,84.16431696042729
284,15.240277138569283,84.93284754836199
285,15.293271135567784,85.70137813629674
286,15.346265132566282,86.46990872423143
287,15.399259129564781,87.23843931216615
288,15.45225312656328,87.58866814626282
289,15.50524712356178,87.66131423449075
290,15.558241120560279,87.73396032271869
291,15.611235117558778,87.80660641094663
292,15.664229114557278,87.87925249917457
293,15.717223111555777,87.95189858740251
294,15.770217108554275,88.02454467563044
295,15.823211105552774,88.09719076385836
296,15.876205102551275,88.1698368520863
297,15.929199099549773,88.24248294031423
298,15.982193096548272,88.31512902854217
299,16.03518709354677,88.38777511677011
300,16.08818109054527,88.46042120499806
301,16.14117508754377,88.533067293226
302,16.194169084542267,88.60571338145394
303,16.247163081540766,88.67835946968188
304,16.300157078539268,88.75100555790979
305,16.353151075537767,88.82365164613773
306,16.406145072536265,88.89629773436567
307,16.459139069534764,88.96894382259362
308,16.512133066533263,89.04158991082156
309,16.56512706353176,89.11423599904947
310,16.61812106053026,89.18688208727743
311,16.671115057528763,89.25952817550537
312,16.72410905452726,89.3321742637333
313,16.77710305152576,89.40482035196123
314,16.83009704852426,89.47746644018918
315,16.883091045522757,89.55011252841712
316,16.936085042521256,89.62275861664504
317,16.98907903951976,89.69540470487297
318,17.042073036518257,89.76805079310091
319,17.095067033516756,89.84069688132885
320,17.148061030515255,89.9133429695568
321,17.201055027513753,89.98598905778474
322,17.254049024512252,90.05863514601266
323,17.30704302151075,90.1312812342406
324,17.360037018509253,90.20392732246854
325,17.41303101550775,90.27657341069647
326,17.46602501250625,90.34921949892441
327,17.51901900950475,90.42186558715235
328,17.572013006503248,90.4945116753803
329,17.625007003501747,90.56715776360821
330,17.678001000500245,90.63980385183615
331,17.730994997498748,90.71244994006409
332,17.783988994497246,90.78509602829203
333,17.836982991495745,90.85774211651997
334,17.889976988494244,90.44692864704548
335,17.942970985492742,90.01847122135388
336,17.99596498249124,89.59001379566229
337,18.04895897948974,89.16155636997067
338,18.101952976488242,88.73309894427905
339,18.15494697348674,88.30464151858743
340,18.20794097048524,87.87618409289584
341,18.26093496748374,87.44772666720422
342,18.313928964482237,87.01926924151262
343,18.366922961480736,86.59081181582101
344,18.419916958479238,86.1623543901294
345,18.472910955477737,85.73389696443779
346,18.525904952476235,85.30543953874617
347,18.578898949474734,84.87698211305457
348,18.631892946473233,84.44852468736298
349,18.68488694347173,84.41122535727993
350,18.73788094047023,84.48494998157895
351,18.790874937468732,84.558674605878
352,18.84386893446723,84.63239923017704
353,18.89686293146573,84.70612385447608
354,18.94985692846423,84.77984847877514
355,19.002850925462727,84.85357310307415
356,19.055844922461226,84.9272977273732
357,19.108838919459725,85.00102235167223
358,19.161832916458227,85.07474697597128
359,19.214826913456726,85.14847160027031
360,19.267820910455224,85.22219622456936
361,19.320814907453723,85.2959208488684
362,19.373808904452222,85.36964547316742
363,19.42680290145072,85.44337009746648
364,19.47979689844922,85.5170947217655
365,19.53279089544772,85.59081934606455
366,19.58578489244622,85.66454397036361
367,19.63877888944472,85.73826859466263
368,19.691772886443218,85.81199321896167
369,19.744766883441716,85.88571784326071
370,19.797760880440215,85.95944246755975
371,19.850754877438717,86.03316709185879
372,19.903748874437216,86.10689171615783
373,19.956742871435715,86.18061634045688
374,20.009736868434214,86.2543409647559
375,20.062730865432712,86.32806558905494
376,20.11572486243121,86.40179021335398
377,20.16871885942971,86.47551483765304
378,20.221712856428212,86.54923946195208
379,20.27470685342671,86.6229640862511
380,20.32770085042521,86.69668871055015
381,20.380694847423708,86.77041333484918
382,20.433688844422207,86.84413795914823
383,20.486682841420706,86.91786258344726
384,20.539676838419204,86.99158720774629
385,20.592670835417707,87.06531183204534
386,20.645664832416205,87.13903645634439
387,20.698658829414704,87.21276108064342
388,20.751652826413203,87.28648570494246
389,20.8046468234117,87.36021032924151
390,20.8576408204102,87.43393495354053
391,20.9106348174087,87.50765957783958
392,20.9636288144072,87.58138420213862
393,21.0166228114057,87.65510882643765
394,21.0696168084042,87.72883345073669
395,21.122610805402697,87.80255807503573
396,21.175604802401196,87.87628269933478
397,21.228598799399695,87.95000732363381
398,21.281592796398197,88.02373194793286
399,21.334586793396696,88.09745657223189
400,21.387580790395194,88.17118119653094
401,21.440574787393693,88.24490582082997
402,21.493568784392192,88.318630445129
403,21.54656278139069,88.39235506942805
404,21.59955677838919,88.4660796937271
405,21.65255077538769,88.53980431802613
406,21.70554477238619,88.61352894232516
407,21.75853876938469,88.68725356662421
408,21.811532766383188,88.76097819092325
409,21.864526763381686,88.83470281522229
410,21.917520760380185,88.90842743952132
411,21.970514757378684,88.98215206382037
412,22.023508754377186,89.05587668811941
413,22.076502751375685,89.12960131241844
414,22.129496748374184,89.20332593671748
415,22.182490745372682,89.27705056101652
416,22.23548474237118,89.35077518531557
417,22.28847873936968,89.4244998096146
418,22.34147273636818,89.49822443391363
419,22.39446673336668,89.57194905821268
420,22.44746073036518,89.64567368251171
421,22.500454727363678,89.71939830681077
422,22.553448724362177,89.79312293110979
423,22.606442721360676,89.86684755540884
424,22.659436718359174,89.94057217970789
425,22.712430715357677,90.01429680400692
426,22.765424712356175,90.08802142830595
427,22.818418709354674,90.161746052605
428,22.871412706353173,90.23547067690404
429,22.92440670335167,90.30919530120309
430,22.97740070035017,90.38291992550211
431,23.03039469734867,90.45664454980115
432,23.08338869434717,90.5303691741002
433,23.13638269134567,90.60409379839922
434,23.18937668834417,90.67781842269827
435,23.242370685342667,90.75154304699731
436,23.295364682341166,90.82526767129636
437,23.348358679339665,90.89899229559539
438,23.401352676338163,90.97271691989442
439,23.454346673336666,91.04644154419347
440,23.507340670335164,91.12016616849252
441,23.560334667333663,91.19389079279155
442,23.613328664332162,91.2676154170906
443,23.66632266133066,91.34134004138963
444,23.71931665832916,91.41506466568866
445,23.772310655327658,91.48878928998771
446,23.82530465232616,91.56251391428675
447,23.87829864932466,91.63623853858579
448,23.931292646323158,91.70996316288483
449,23.984286643321656,91.78368778718387
450,24.037280640320155,91.8574124114829
451,24.090274637318654,91.93113703578194
452,24.143268634317156,92.00486166008098
453,24.196262631315655,92.07858628438002
454,24.249256628314154,92.15231090867906
455,24.302250625312652,92.2260355329781
456,24.35524462231115,92.29976015727713
457,24.40823861930965,92.37348478157618
458,24.46123261630815,92.44720940587521
459,24.51422661330665,92.52093403017426
460,24.56722061030515,92.5946586544733
461,24.620214607303648,92.66838327877235
462,24.673208604302147,92.74210790307137
463,24.726202601300646,92.81583252737042
464,24.779196598299144,92.88955715166946
465,24.832190595297643,92.9632817759685
466,24.885184592296145,93.03700640026753
467,24.938178589294644,93.11073102456658
468,24.991172586293143,93.18445564886561
469,25.04416658329164,93.25818027316465
470,25.09716058029014,93.33190489746369
471,25.15015457728864,93.40562952176273
472,25.20314857428714,93.47935414606178
473,25.25614257128564,93.55307877036083
474,25.30913656828414,93.62680339465985
475,25.362130565282637,93.70052801895889
476,25.415124562281136,93.77425264325792
477,25.468118559279635,93.84797726755697
478,25.521112556278133,93.92170189185602
479,25.574106553276636,93.99542651615505
480,25.627100550275134,94.06915114045408
481,25.680094547273633,94.14287576475313
482,25.73308854427213,94.21660038905216
483,25.78608254127063,94.29032501335121
484,25.83907653826913,94.36404963765025
485,25.892070535267628,94.43777426194927
486,25.94506453226613,94.51149888624832
487,25.99805852926463,94.58522351054737
488,26.051052526263128,94.6589481348464
489,26.104046523261626,94.73267275914544
490,26.157040520260125,94.80639738344449
491,26.210034517258624,94.88012200774352
492,26.263028514257122,94.95384663204256
493,26.316022511255625,95.0275712563416
494,26.369016508254123,95.10129588064063
495,26.422010505252622,95.11676107150262
496,26.47500450225112,95.11916190258003
497,26.52799849924962,95.12156273365743
498,26.58099249624812,95.12396356473482
499,26.63398649324662,95.12636439581222
500,26.68698049024512,95.12876522688961
501,26.739974487243618,95.13116605796701
502,26.792968484242117,95.1335668890444
503,26.845962481240615,95.13596772012178
504,26.898956478239114,95.13836855119918
505,26.951950475237613,95.14076938227657
506,27.004944472236115,95.14317021335395
507,27.057938469234614,95.14557104443135
508,27.110932466233113,95.14797187550874
509,27.16392646323161,95.15037270658614
510,27.21692046023011,95.15277353766353
511,27.26991445722861,95.15517436874092
512,27.322908454227107,95.15757519981831
513,27.37590245122561,95.15997603089572
514,27.42889644822411,95.16237686197312
515,27.481890445222607,95.1647776930505
516,27.534884442221106,95.1671785241279
517,27.587878439219605,95.16957935520529
518,27.640872436218103,95.17198018628268
519,27.693866433216602,95.17438101736008
520,27.746860430215104,95.17678184843746
521,27.799854427213603,95.17918267951485
522,27.8528484242121,95.18158351059225
523,27.9058424212106,95.18398434166964
524,27.9588364182091,95.18638517274702
525,28.011830415207598,95.18878600382442
526,28.0648244122061,95.19118683490181
527,28.1178184092046,95.19358766597921
528,28.170812406203098,95.1959884970566
529,28.223806403201596,95.19838932813401
530,28.276800400200095,95.20079015921141
531,28.329794397198594,95.20319099028877
532,28.382788394197092,95.20559182136617
533,28.435782391195595,95.20799265244358
534,28.488776388194093,95.21039348352095
535,28.541770385192592,95.21279431459834
536,28.59476438219109,95.21519514567575
537,28.64775837918959,95.21759597675313
538,28.70075237618809,95.21999680783053
539,28.753746373186587,95.22239763890792
540,28.80674037018509,95.22479846998532
541,28.859734367183588,95.22719930106271
542,28.912728364182087,95.22960013214009
543,28.965722361180585,95.2320009632175
544,29.018716358179084,95.2344017942949
545,29.071710355177583,95.23680262537228
546,29.12470435217608,95.23920345644967
547,29.177698349174584,95.24160428752707
548,29.230692346173083,95.24400511860445
549,29.28368634317158,95.24640594968184
550,29.33668034017008,95.24880678075925
551,29.38967433716858,95.25120761183663
552,29.442668334167077,95.25360844291401
553,29.49566233116558,95.25600927399142
554,29.54865632816408,95.2584101050688
555,29.601650325162577,95.2608109361462
556,29.654644322161076,95.26321176722361
557,29.707638319159575,95.265612598301
558,29.760632316158073,95.2680134293784
559,29.813626313156572,95.27041426045577
560,29.866620310155074,95.27281509153318
561,29.919614307153573,95.27521592261057
562,29.97260830415207,95.27761675368794
563,30.02560230115057,95.28001758476535
564,30.07859629814907,95.28241841584274
565,30.131590295147568,95.28481924692012
566,30.184584292146067,95.28722007799752
567,30.23757828914457,95.28962090907493
568,30.290572286143068,95.2920217401523
569,30.343566283141566,95.29442257122969
570,30.396560280140065,95.2968234023071
571,30.449554277138564,95.29922423338449
572,30.502548274137062,95.30162506446189
573,30.555542271135565,95.30402589553927
574,30.608536268134063,95.30642672661666
575,30.661530265132562,95.30882755769406
576,30.71452426213106,95.31122838877145
577,30.76751825912956,95.31362921984885
578,30.82051225612806,95.31603005092623
579,30.873506253126557,95.31843088200363
580,30.92650025012506,95.32083171308103
581,30.979494247123558,95.32323254415842
582,31.032488244122057,95.3256333752358
583,31.085482241120555,95.3280342063132
584,31.138476238119054,95.3304350373906
585,31.191470235117553,95.332835868468
586,31.24446423211605,95.33523669954539
587,31.297458229114554,95.33763753062277
588,31.350452226113052,95.34003836170017
589,31.40344622311155,95.34243919277756
590,31.45644022011005,95.34484002385494
591,31.50943421710855,95.34724085493234
592,31.562428214107047,95.34964168600973
593,31.615422211105546,95.35204251708713
594,31.66841620810405,95.35444334816452
595,31.721410205102547,95.35684417924192
596,31.774404202101046,95.3592450103193
597,31.827398199099544,95.3616458413967
598,31.880392196098043,95.36404667247409
599,31.933386193096542,95.36644750355148
600,31.986380190095044,95.36884833462886
601,32.03937418709354,95.37124916570626
602,32.09236818409204,95.37364999678366
603,32.14536218109054,95.37605082786106
604,32.19835617808904,95.37845165893845
605,32.25135017508754,95.38085249001583
606,32.30434417208604,95.38325332109324
607,32.357338169084535,95.38565415217063
608,32.41033216608304,95.38805498324803
609,32.46332616308153,95.3904558143254
610,32.516320160080035,95.3928566454028
611,32.56931415707854,95.3952574764802
612,32.62230815407703,95.39765830755759
613,32.675302151075535,95.40005913863497
614,32.72829614807403,95.40245996971238
615,32.78129014507253,95.40486080078976
616,32.83428414207103,95.40726163186716
617,32.88727813906953,95.40966246294457
618,32.94027213606803,95.41206329402193
619,32.99326613306653,95.41446412509933
620,33.04626013006503,95.41686495617674
621,33.099254127063524,95.41926578725412
622,33.15224812406203,95.42166661833153
623,33.20524212106052,95.42406744940891
624,33.258236118059024,95.42646828048629
625,33.311230115057526,95.4288691115637
626,33.36422411205602,95.43126994264108
627,33.417218109054524,95.43367077371846
628,33.47021210605302,95.43607160479588
629,33.52320610305152,95.43847243587325
630,33.576200100050016,95.44087326695066
631,33.62919409704852,95.44327409802806
632,33.68218809404702,95.44567492910545
633,33.735182091045516,95.44807576018285
634,33.78817608804402,95.45047659126023
635,33.84117008504251,95.45287742233761
636,33.894164082041016,95.455278253415
637,33.94715807903952,95.45767908449241
638,34.00015207603801,95.46007991556979
639,34.053146073036515,95.4624807466472
640,34.10614007003501,95.46488157772458
641,34.15913406703351,95.46728240880196
642,34.21212806403201,95.46968323987937
643,34.26512206103051,95.47208407095677
644,34.31811605802901,95.47448490203415
645,34.37111005502751,95.47688573311154
646,34.42410405202601,95.47928656418894
647,34.477098049024505,95.48168739526633
648,34.53009204602301,95.48408822634373
649,34.5830860430215,95.48648905742111
650,34.636080040020005,95.48888988849852
651,34.68907403701851,95.49129071957591
652,34.742068034017,95.49369155065328
653,34.795062031015505,95.49609238173069
654,34.848056028014,95.49849321280809
655,34.9010500250125,95.50089404388545
656,34.954044022011,95.50329487496288
657,35.0070380190095,95.50569570604026
658,35.060032016008,95.50809653711764
659,35.1130260130065,95.51049736819505
660,35.166020010005,95.51289819927244
661,35.219014007003494,95.51529903034984
662,35.272008004002,95.51769986142722
663,35.32500200100049,95.5201006925046
664,35.377995997998994,95.52250152358201
665,35.430989994997496,95.52490235465942
666,35.48398399199599,95.52730318573677
667,35.536977988994494,95.52970401681418
668,35.58997198599299,95.53210484789157
669,35.64296598299149,95.53450567896897
670,35.695959979989986,95.53690651004638
671,35.74895397698849,95.53930734112375
672,35.80194797398699,95.54170817220115
673,35.854941970985486,95.54410900327855
674,35.90793596798399,95.54650983435593
675,35.96092996498248,95.54891066543333
676,36.013923961980986,95.55131149651072
677,36.06691795897948,95.5537123275881
678,36.11991195597798,95.55611315866551
679,36.172905952976485,95.55851398974292
680,36.22589994997498,95.56091482082029
681,36.27889394697348,95.56331565189768
682,36.33188794397198,95.56571648297508
683,36.38488194097048,95.56811731405246
684,36.437875937968975,95.57051814512988
685,36.49086993496748,95.57291897620725
686,36.54386393196598,95.57531980728464
687,36.596857928964475,95.57772063836205
688,36.64985192596298,95.58012146943943
689,36.70284592296147,95.58252230051683
690,36.755839919959975,95.58492313159424
691,36.80883391695848,95.5873239626716
692,36.86182791395697,95.589724793749
693,36.914821910955474,95.59212562482641
694,36.96781590795397,95.59452645590378
695,37.02080990495247,95.59692728698117
696,37.07380390195097,95.59932811805857
697,37.12679789894947,95.60172894913596
698,37.17979189594797,95.60412978021336
699,37.23278589294647,95.60653061129074
700,37.28577988994497,95.60893144236815
701,37.338773886943464,95.61133227344554
702,37.39176788394197,95.61373310452292
703,37.44476188094046,95.61613393560032
704,37.497755877938964,95.61853476667773
705,37.550749874937466,95.6209355977551
706,37.60374387193596,95.6233364288325
707,37.656737868934464,95.6257372599099
708,37.70973186593296,95.62813809098728
709,37.76272586293146,95.63053892206467
710,37.815719859929956,95.63293975314207
711,37.86871385692846,95.63534058421945
712,37.92170785392696,95.63774141529686
713,37.974701850925456,95.64014224637424
714,38.02769584792396,95.64254307745163
715,38.08068984492245,95.64494390852904
716,38.133683841920956,95.64734473960644
717,38.18667783891945,95.64974557068382
718,38.23967183591795,95.65214640176123
719,38.292665832916455,95.65454723283861
720,38.34565982991495,95.65694806391599
721,38.39865382691345,95.6593488949934
722,38.45164782391195,95.66174972607077
723,38.50464182091045,95.66415055714818
724,38.557635817908945,95.66655138822557
725,38.61062981490745,95.66895221930295
726,38.66362381190595,95.67135305038036
727,38.716617808904445,95.67375388145776
728,38.76961180590295,95.67615471253514
729,38.82260580290144,95.67855554361253
730,38.875599799899945,95.68095637468993
731,38.92859379689844,95.68335720576732
732,38.98158779389694,95.68575803684472
733,39.034581790895444,95.6881588679221
734,39.08757578789394,95.6905596989995
735,39.14056978489244,95.69296053007689
736,39.19356378189094,95.69536136115427
737,39.24655777888944,95.69776219223168
738,39.299551775887934,95.70016302330906
739,39.35254577288644,95.70256385438645
740,39.40553976988494,95.70496468546385
741,39.458533766883434,95.70736551654124
742,39.511527763881936,95.70976634761863
743,39.56452176088043,95.71216717869603
744,39.617515757878934,95.71456800977343
745,39.670509754877436,95.7169688408508
746,39.72350375187593,95.71936967192823
747,39.776497748874434,95.7217705030056
748,39.82949174587293,95.724171334083
749,39.88248574287143,95.7265721651604
750,39.935479739869926,95.72897299623776
751,39.98847373686843,95.73137382731517
752,40.04146773386693,95.73377465839258
753,40.094461730865426,95.73617548946996
754,40.14745572786393,95.73857632054735
755,40.20044972486242,95.74097715162475
756,40.253443721860926,95.74337798270213
757,40.30643771885942,95.74577881377954
758,40.35943171585792,95.74817964485692
759,40.412425712856425,95.75058047593431
760,40.46541970985492,95.75298130701171
761,40.51841370685342,95.75538213808909
762,40.57140770385192,95.75778296916648
763,40.62440170085042,95.7601838002439
764,40.677395697848915,95.76258463132126
765,40.73038969484742,95.76498546239866
766,40.78338369184592,95.76738629347606
767,40.836377688844415,95.76978712455346
768,40.88937168584292,95.77218795563084
769,40.94236568284141,95.77458878670824
770,40.995359679839915,95.77698961778563
771,41.04835367683841,95.77939044886304
772,41.10134767383691,95.78179127994042
773,41.154341670835414,95.7841921110178
774,41.20733566783391,95.78659294209521
775,41.26032966483241,95.78899377317259
776,41.31332366183091,95.79139460424999
777,41.36631765882941,95.7937954353274
778,41.419311655827904,95.79619626640476
779,41.47230565282641,95.79859709748216
780,41.52529964982491,95.80099792855957
781,41.578293646823404,95.80339875963695
782,41.631287643821906,95.80579959071434
783,41.6842816408204,95.80820042179175
784,41.737275637818904,95.81060125286912
785,41.7902696348174,95.81300208394653
786,41.8432636318159,95.81540291502392
787,41.8962576288144,95.81780374610129
788,41.9492516258129,95.82020457717871
789,42.0022456228114,95.8226054082561
790,42.055239619809896,95.82500623933348
791,42.1082336168084,95.82740707041087
792,42.1612276138069,95.82980790148827
793,42.214221610805396,95.83220873256565
794,42.2672156078039,95.83460956364306
795,42.32020960480239,95.83701039472045
796,42.373203601800896,95.83941122579785
797,42.42619759879939,95.84181205687523
798,42.47919159579789,95.84421288795262
799,42.532185592796395,95.84661371903003
800,42.58517958979489,95.8490145501074
801,42.63817358679339,95.85141538118481
802,42.69116758379189,95.8538162122622
803,42.74416158079039,95.8562170433396
804,42.797155577788885,95.85861787441698
805,42.85014957478739,95.86101870549437
806,42.90314357178589,95.86341953657177
807,42.956137568784385,95.86582036764915
808,43.00913156578289,95.86822119872656
809,43.06212556278138,95.87062202980394
810,43.115119559779885,95.87302286088135
811,43.16811355677838,95.87542369195874
812,43.22110755377688,95.87782452303613
813,43.274101550775384,95.88022535411352
814,43.32709554777388,95.88262618519092
815,43.38008954477238,95.8850270162683
816,43.43308354177088,95.88742784734569
817,43.48607753876938,95.88982867842309
818,43.539071535767874,95.89222950950048
819,43.59206553276638,95.89463034057786
820,43.64505952976488,95.89703117165527
821,43.698053526763374,95.89943200273265
822,43.751047523761876,95.90183283381005
823,43.80404152076037,95.90423366488744
824,43.857035517758874,95.90663449596484
825,43.91002951475737,95.90903532704223
826,43.96302351175587,95.91143615811961
827,44.01601750875437,95.91383698919701
828,44.06901150575287,95.9162378202744
829,44.12200550275137,95.91863865135178
830,44.174999499749866,95.9210394824292
831,44.22799349674837,95.92344031350657
832,44.28098749374686,95.92584114458397
833,44.333981490745366,95.92824197566136
834,44.38697548774387,95.93064280673876
835,44.43996948474236,95.93304363781616
836,44.492963481740865,95.93544446889356
837,44.54595747873936,95.93784529997095
838,44.59895147573786,95.94024613104834
839,44.65194547273636,95.94264696212574
840,44.70493946973486,95.94504779320312
841,44.75793346673336,95.94744862428051
842,44.81092746373186,95.9498494553579
843,44.86392146073036,95.9522502864353
844,44.916915457728855,95.9546511175127
845,44.96990945472736,95.95705194859008
846,45.02290345172586,95.95945277966747
847,45.075897448724355,95.96185361074487
848,45.12889144572286,95.96425444182226
849,45.18188544272135,95.96665527289966
850,45.234879439719855,95.96905610397705
851,45.28787343671835,95.97145693505445
852,45.34086743371685,95.97385776613183
853,45.393861430715354,95.97625859720922
854,45.44685542771385,95.97865942828662
855,45.49984942471235,95.981060259364
856,45.55284342171085,95.9834610904414
857,45.60583741870935,95.98586192151879
858,45.658831415707844,95.98826275259619
859,45.71182541270635,95.99066358367357
860,45.76481940970485,95.99306441475098
861,45.817813406703344,95.99546524582837
862,45.870807403701846,95.99786607690575
863,45.92380140070034,96.00026690798316
864,45.976795397698844,96.00266773906056
865,46.02978939469734,96.00506857013794
866,46.08278339169584,96.00746940121533
867,46.13577738869434,96.00987023229273
868,46.18877138569284,96.01227106337012
869,46.24176538269134,96.0146718944475
870,46.294759379689836,96.01707272552491
871,46.34775337668834,96.01947355660229
872,46.40074737368683,96.02187438767969
873,46.453741370685336,96.02427521875708
874,46.50673536768384,96.02667604983446
875,46.55972936468233,96.02907688091186
876,46.612723361680835,96.03147771198925
877,46.66571735867933,96.03387854306665
878,46.71871135567783,96.03627937414404
879,46.77170535267633,96.03868020522144
880,46.82469934967483,96.04108103629883
881,46.87769334667333,96.04348186737622
882,46.93068734367183,96.04588269845361
883,46.98368134067033,96.048283529531
884,47.036675337668825,96.05068436060839
885,47.08966933466733,96.05308519168578
886,47.14266333166582,96.05548602276318
887,47.195657328664325,96.05788685384057
888,47.24865132566283,96.06028768491797
889,47.30164532266132,96.06268851599536
890,47.354639319659825,96.06508934707276
891,47.40763331665832,96.06749017815015
892,47.46062731365682,96.06989100922753
893,47.51362131065532,96.07229184030493
894,47.56661530765382,96.07469267138232
895,47.61960930465232,96.07709350245972
896,47.67260330165082,96.0794943335371
897,47.72559729864932,96.08189516461451
898,47.778591295647814,96.08429599569189
899,47.83158529264632,96.08669682676928
900,47.88457928964482,96.08909765784668
901,47.937573286643314,96.09149848892407
902,47.990567283641816,96.09389932000147
903,48.04356128064031,96.09630015107885
904,48.096555277638814,96.09870098215626
905,48.14954927463731,96.10110181323365
906,48.20254327163581,96.10350264431104
907,48.25553726863431,96.10590347538843
908,48.30853126563281,96.10830430646583
909,48.36152526263131,96.11070513754322
910,48.414519259629806,96.1131059686206
911,48.46751325662831,96.115506799698
912,48.5205072536268,96.11790763077539
913,48.573501250625306,96.12030846185277
914,48.62649524762381,96.12270929293018
915,48.6794892446223,96.12511012400756
916,48.732483241620805,96.12751095508497
917,48.7854772386193,96.12991178616235
918,48.8384712356178,96.13231261723975
919,48.8914652326163,96.13471344831714
920,48.9444592296148,96.13711427939454
921,48.9974532266133,96.13951511047192
922,49.0504472236118,96.14191594154931
923,49.1034412206103,96.1443167726267
924,49.156435217608795,96.1467176037041
925,49.2094292146073,96.14911843478149
926,49.26242321160579,96.15151926585888
927,49.315417208604295,96.15392009693628
928,49.3684112056028,96.15632092801367
929,49.42140520260129,96.15872175909107
930,49.474399199599794,96.16112259016847
931,49.52739319659829,96.16352342124586
932,49.58038719359679,96.16592425232325
933,49.63338119059529,96.16832508340065
934,49.68637518759379,96.17072591447804
935,49.73936918459229,96.17312674555544
936,49.79236318159079,96.17552757663282
937,49.84535717858929,96.17792840771021
938,49.898351175587784,96.1803292387876
939,49.95134517258629,96.18273006986499
940,50.00433916958478,96.1851309009424
941,50.057333166583284,96.18753173201978
942,50.110327163581786,96.18993256309717
943,50.16332116058028,96.19233339417457
944,50.216315157578784,96.19473422525196
945,50.26930915457728,96.19713505632936
946,50.32230315157578,96.19953588740674
947,50.37529714857428,96.20193671848413
948,50.42829114557278,96.20433754956153
949,50.48128514257128,96.20673838063891
950,50.534279139569776,96.20913921171632
951,50.58727313656828,96.2115400427937
952,50.64026713356677,96.2139408738711
953,50.693261130565276,96.21634170494849
954,50.74625512756378,96.21874253602589
955,50.79924912456227,96.22114336710328
956,50.852243121560775,96.22354419818066
957,50.90523711855927,96.22594502925806
958,50.95823111555777,96.22834586033545
959,51.01122511255627,96.23074669141285
960,51.06421910955477,96.23314752249024
961,51.11721310655327,96.23554835356764
962,51.17020710355177,96.23794918464503
963,51.22320110055027,96.24035001572243
964,51.276195097548765,96.24275084679982
965,51.32918909454727,96.2451516778772
966,51.38218309154576,96.2475525089546
967,51.435177088544265,96.249953340032
968,51.48817108554277,96.25235417110937
969,51.54116508254126,96.25475500218677
970,51.594159079539764,96.25715583326416
971,51.64715307653826,96.25955666434157
972,51.70014707353676,96.26195749541895
973,51.75314107053526,96.26435832649635
974,51.80613506753376,96.26675915757374
975,51.85912906453226,96.26915998865113
976,51.91212306153076,96.27156081972852
977,51.96511705852926,96.27396165080592
978,52.018111055527754,96.27636248188331
979,52.071105052526256,96.27876331296069
980,52.12409904952475,96.28116414403809
981,52.177093046523254,96.28356497511548
982,52.230087043521756,96.28596580619288
983,52.28308104052025,96.28836663727029
984,52.336075037518754,96.29076746834767
985,52.38906903451725,96.29316829942506
986,52.44206303151575,96.29556913050244
987,52.495057028514246,96.29796996157984
988,52.54805102551275,96.30037079265723
989,52.60104502251125,96.30277162373463
990,52.654039019509746,96.30517245481201
991,52.70703301650825,96.30757328588942
992,52.76002701350674,96.3099741169668
993,52.813021010505246,96.31237494804421
994,52.86601500750374,96.31477577912159
995,52.91900900450224,96.317176610199
996,52.972003001500745,96.31957744127638
997,53.02499699849924,96.32197827235377
998,53.07799099549774,96.32437910343117
999,53.13098499249624,96.32677993450855
1000,53.18397898949474,96.32918076558596
1001,53.23697298649324,96.33158159666334
1002,53.28996698349174,96.33398242774075
1003,53.34296098049024,96.33638325881813
1004,53.395954977488735,96.33878408989551
1005,53.44894897448724,96.3411849209729
1006,53.50194297148573,96.3435857520503
1007,53.554936968484235,96.3459865831277
1008,53.60793096548274,96.34838741420509
1009,53.66092496248123,96.35078824528247
1010,53.713918959479734,96.35318907635988
1011,53.76691295647823,96.35558990743726
1012,53.81990695347673,96.35799073851467
1013,53.87290095047523,96.36039156959205
1014,53.92589494747373,96.36279240066945
1015,53.97888894447223,96.36519323174684
1016,54.03188294147073,96.36759406282422
1017,54.08487693846923,96.3699948939016
1018,54.137870935467724,96.37239572497901
1019,54.190864932466226,96.3747965560564
1020,54.24385892946472,96.3771973871338
1021,54.296852926463224,96.37959821821119
1022,54.349846923461726,96.3819990492886
1023,54.40284092046022,96.38439988036598
1024,54.45583491745872,96.38680071144339
1025,54.50882891445722,96.38920154252077
1026,54.56182291145572,96.39160237359816
1027,54.614816908454216,96.39400320467556
1028,54.66781090545272,96.39640403575295
1029,54.72080490245122,96.39880486683035
1030,54.773798899449716,96.40120569790773
1031,54.82679289644822,96.40360652898512
1032,54.87978689344671,96.40600736006252
1033,54.932780890445216,96.40840819113991
1034,54.98577488744371,96.41080902221731
1035,55.03876888444221,96.41320985329469
1036,55.091762881440715,96.41561068437208
1037,55.14475687843921,96.41801151544948
1038,55.19775087543771,96.42041234652686
1039,55.25074487243621,96.42281317760427
1040,55.30373886943471,96.42521400868165
1041,55.356732866433205,96.42761483975906
1042,55.40972686343171,96.43001567083644
1043,55.46272086043021,96.43241650191382
1044,55.515714857428705,96.43481733299123
1045,55.56870885442721,96.43721816406861
1046,55.6217028514257,96.439618995146
1047,55.674696848424205,96.4420198262234
1048,55.72769084542271,96.44442065730078
1049,55.7806848424212,96.44682148837819
1050,55.833678839419704,96.44922231945557
1051,55.8866728364182,96.45162315053298
1052,55.9396668334167,96.45402398161036
1053,55.9926608304152,96.45642481268776
1054,56.0456548274137,96.45882564376515
1055,56.0986488244122,96.46122647484256
1056,56.1516428214107,96.46362730591993
1057,56.2046368184092,96.46602813699734
1058,56.257630815407694,96.46842896807473
1059,56.310624812406196,96.47082979915211
1060,56.36361880940469,96.47323063022951
1061,56.416612806403194,96.4756314613069
1062,56.469606803401696,96.4780322923843
1063,56.52260080040019,96.4804331234617
1064,56.57559479739869,96.48283395453907
1065,56.62858879439719,96.48523478561648
1066,56.68158279139569,96.48763561669386
1067,56.734576788394186,96.49003644777126
1068,56.78757078539269,96.49243727884866
1069,56.84056478239119,96.49483810992604
1070,56.893558779389686,96.49723894100345
1071,56.94655277638819,96.49963977208083
1072,56.99954677338668,96.50204060315822
1073,57.052540770385185,96.50444143423562
1074,57.10553476738368,96.506842265313
1075,57.15852876438218,96.5092430963904
1076,57.211522761380685,96.51164392746779
1077,57.26451675837918,96.51404475854518
1078,57.31751075537768,96.51644558962258
1079,57.37050475237618,96.51884642069996
1080,57.42349874937468,96.52124725177737
1081,57.476492746373175,96.52364808285475
1082,57.52948674337168,96.52604891393216
1083,57.58248074037018,96.52844974500954
1084,57.635474737368675,96.53085057608692
1085,57.68846873436718,96.53325140716433
1086,57.74146273136567,96.53565223824171
1087,57.794456728364175,96.5380530693191
1088,57.84745072536267,96.5404539003965
1089,57.90044472236117,96.54285473147391
1090,57.953438719359674,96.54525556255129
1091,58.00643271635817,96.54765639362869
1092,58.05942671335667,96.55005722470608
1093,58.11242071035517,96.55245805578346
1094,58.16541470735367,96.55485888686087
1095,58.218408704352164,96.55725971793825
1096,58.27140270135067,96.55966054901566
1097,58.32439669834917,96.56206138009304
1098,58.377390695347664,96.56446221117044
1099,58.430384692346166,96.56686304224782
1100,58.48337868934466,96.56926387332521
1101,58.536372686343164,96.57166470440261
1102,58.589366683341666,96.57406553548
1103,58.64236068034016,96.57646636655738
1104,58.69535467733866,96.57886719763479
1105,58.74834867433716,96.58126802871217
1106,58.80134267133566,96.58366885978958
1107,58.854336668334156,96.58606969086696
1108,58.90733066533266,96.58847052194436
1109,58.96032466233116,96.59087135302175
1110,59.013318659329656,96.59327218409913
1111,59.06631265632816,96.59567301517653
1112,59.11930665332665,96.59807384625393
1113,59.172300650325155,96.60047467733132
1114,59.22529464732365,96.60287550840872
1115,59.27828864432215,96.6052763394861
1116,59.331282641320655,96.60767717056349
1117,59.38427663831915,96.61007800164089
1118,59.43727063531765,96.6124788327183
1119,59.49026463231615,96.61487966379568
1120,59.54325862931465,96.61728049487307
1121,59.596252626313145,96.61968132595047
1122,59.64924662331165,96.62208215702786
1123,59.70224062031015,96.62448298810526
1124,59.755234617308645,96.62688381918264
1125,59.80822861430715,96.62928465026003
1126,59.86122261130564,96.63168548133743
1127,59.914216608304145,96.63408631241482
1128,59.96721060530264,96.63648714349222
1129,60.02020460230114,96.63888797456961
1130,60.073198599299644,96.641288805647
1131,60.12619259629814,96.64368963672439
1132,60.17918659329664,96.64609046780177
1133,60.23218059029514,96.64849129887918
1134,60.28517458729364,96.65089212995656
1135,60.338168584292134,96.65329296103397
1136,60.39116258129064,96.65569379211135
1137,60.44415657828914,96.65809462318875
1138,60.497150575287634,96.66049545426614
1139,60.550144572286136,96.66289628534354
1140,60.60313856928463,96.66529711642092
1141,60.656132566283134,96.66769794749831
1142,60.70912656328163,96.67009877857572
1143,60.76212056028013,96.6724996096531
1144,60.81511455727863,96.67490044073048
1145,60.86810855427713,96.67730127180789
1146,60.92110255127563,96.67970210288527
1147,60.974096548274126,96.68210293396268
1148,61.02709054527263,96.68450376504006
1149,61.08008454227113,96.68690459611747
1150,61.133078539269626,96.68930542719485
1151,61.18607253626813,96.69170625827225
1152,61.23906653326662,96.69410708934963
1153,61.292060530265125,96.69650792042702
1154,61.34505452726362,96.69890875150442
1155,61.39804852426212,96.70130958258181
1156,61.451042521260625,96.70371041365921
1157,61.50403651825912,96.7061112447366
1158,61.55703051525762,96.70851207581399
1159,61.61002451225612,96.7109129068914
1160,61.66301850925462,96.71331373796878
1161,61.716012506253115,96.71571456904617
1162,61.76900650325162,96.71811540012357
1163,61.82200050025012,96.72051623120095
1164,61.874994497248615,96.72291706227836
1165,61.92798849424712,96.72531789335574
1166,61.98098249124561,96.72771872443313
1167,62.033976488244114,96.73011955551053
1168,62.08697048524261,96.73252038658791
1169,62.13996448224111,96.73492121766532
1170,62.192958479239614,96.7373220487427
1171,62.24595247623811,96.73972287982009
1172,62.29894647323661,96.74212371089749
1173,62.35194047023511,96.74452454197487
1174,62.40493446723361,96.74692537305228
1175,62.457928464232104,96.74932620412966
1176,62.51092246123061,96.75172703520707
1177,62.56391645822911,96.75412786628445
1178,62.616910455227604,96.75652869736184
1179,62.669904452226106,96.75892952843924
1180,62.7228984492246,96.76133035951662
1181,62.775892446223104,96.76373119059402
1182,62.8288864432216,96.76613202167141
1183,62.8818804402201,96.76853285274879
1184,62.9348744372186,96.7709336838262
1185,62.9878684342171,96.77333451490361
1186,63.0408624312156,96.77573534598099
1187,63.093856428214096,96.77813617705839
1188,63.1468504252126,96.78053700813578
1189,63.19984442221109,96.78293783921316
1190,63.252838419209596,96.78533867029057
1191,63.3058324162081,96.78773950136795
1192,63.35882641320659,96.79014033244535
1193,63.411820410205095,96.79254116352274
1194,63.46481440720359,96.79494199460012
1195,63.51780840420209,96.79734282567753
1196,63.57080240120059,96.79974365675491
1197,63.62379639819909,96.80214448783231
1198,63.67679039519759,96.8045453189097
1199,63.72978439219609,96.80694614998708
1200,63.78277838919459,96.8093469810645
1201,63.835772386193085,96.81174781214187
1202,63.88876638319159,96.81414864321927
1203,63.94176038019009,96.81654947429666
1204,63.994754377188585,96.81895030537405
1205,64.0477483741871,96.82135113645144
1206,64.10074237118559,96.82375196752884
1207,64.15373636818408,96.82615279860624
1208,64.2067303651826,96.82855362968363
1209,64.25972436218109,96.830954460761
1210,64.31271835917958,96.8333552918384
1211,64.3657123561781,96.83575612291581
1212,64.41870635317659,96.8381569539932
1213,64.47170035017508,96.84055778507059
1214,64.52469434717358,96.84295861614797
1215,64.57768834417209,96.84535944722538
1216,64.63068234117058,96.84776027830277
1217,64.68367633816908,96.85016110938017
1218,64.73667033516759,96.85256194045755
1219,64.78966433216608,96.85496277153494
1220,64.84265832916458,96.85736360261234
1221,64.89565232616307,96.85976443368973
1222,64.94864632316158,96.86216526476713
1223,65.00164032016008,96.86456609584451
1224,65.05463431715857,96.8669669269219
1225,65.10762831415708,96.8693677579993
1226,65.16062231115558,96.8717685890767
1227,65.21361630815407,96.87416942015409
1228,65.26661030515257,96.87657025123148
1229,65.31960430215108,96.87897108230888
1230,65.37259829914957,96.88137191338626
1231,65.42559229614807,96.88377274446366
1232,65.47858629314658,96.88617357554105
1233,65.53158029014507,96.88857440661843
1234,65.58457428714357,96.89097523769584
1235,65.63756828414206,96.89337606877322
1236,65.69056228114057,96.89577689985062
1237,65.74355627813907,96.89817773092801
1238,65.79655027513756,96.90057856200539
1239,65.84954427213607,96.9029793930828
1240,65.90253826913457,96.9053802241602
1241,65.95553226613306,96.90778105523758
1242,66.00852626313156,96.91018188631497
1243,66.06152026013007,96.91258271739238
1244,66.11451425712856,96.91498354846976
1245,66.16750825412706,96.91738437954714
1246,66.22050225112557,96.91978521062455
1247,66.27349624812406,96.92218604170193
1248,66.32649024512256,96.92458687277933
1249,66.37948424212105,96.92698770385672
1250,66.43247823911956,96.92938853493412
1251,66.48547223611806,96.93178936601151
1252,66.53846623311655,96.9341901970889
1253,66.59146023011506,96.9365910281663
1254,66.64445422711356,96.93899185924369
1255,66.69744822411205,96.9413926903211
1256,66.75044222111055,96.94379352139848
1257,66.80343621810906,96.94619435247586
1258,66.85643021510755,96.94859518355327
1259,66.90942421210605,96.95099601463065
1260,66.96241820910456,96.95339684570803
1261,67.01541220610305,96.95579767678544
1262,67.06840620310155,96.95819850786283
1263,67.12140020010004,96.96059933894023
1264,67.17439419709855,96.96300017001761
1265,67.22738819409705,96.965401001095
1266,67.28038219109554,96.9678018321724
1267,67.33337618809405,96.9702026632498
1268,67.38637018509255,96.97260349432719
1269,67.43936418209104,96.97500432540457
1270,67.49235817908954,96.97740515648196
1271,67.54535217608804,96.97980598755936
1272,67.59834617308654,96.98220681863675
1273,67.65134017008504,96.98460764971415
1274,67.70433416708354,96.98700848079153
1275,67.75732816408204,96.98940931186894
1276,67.81032216108053,96.99181014294632
1277,67.86331615807904,96.99421097402373
1278,67.91631015507754,96.99661180510111
1279,67.96930415207603,96.9990126361785
1280,68.02229814907453,97.0014134672559
1281,68.07529214607304,97.0038142983333
1282,68.12828614307153,97.00621512941069
1283,68.18128014007003,97.00861596048807
1284,68.23427413706854,97.01101679156548
1285,68.28726813406703,97.01341762264286
1286,68.34026213106553,97.01581845372027
1287,68.39325612806402,97.01821928479765
1288,68.44625012506253,97.02062011587503
1289,68.49924412206103,97.02302094695244
1290,68.55223811905952,97.02542177802982
1291,68.60523211605803,97.0278226091072
1292,68.65822611305653,97.03022344018461
1293,68.71122011005502,97.032624271262
1294,68.76421410705352,97.0350251023394
1295,68.81720810405203,97.03742593341678
1296,68.87020210105052,97.03982676449417
1297,68.92319609804902,97.04222759557157
1298,68.97619009504753,97.04462842664897
1299,69.02918409204602,97.04702925772636
1300,69.08217808904452,97.04943008880375
1301,69.13517208604301,97.05183091988114
1302,69.18816608304152,97.05423175095854
1303,69.24116008004002,97.05663258203593
1304,69.29415407703851,97.05903341311333
1305,69.34714807403702,97.0614342441907
1306,69.40014207103552,97.06383507526812
1307,69.45313606803401,97.0662359063455
1308,69.50613006503251,97.0686367374229
1309,69.55912406203102,97.07103756850029
1310,69.61211805902951,97.07343839957767
1311,69.66511205602801,97.07583923065508
1312,69.71810605302652,97.07824006173247
1313,69.77110005002501,97.08064089280987
1314,69.82409404702351,97.08304172388725
1315,69.877088044022,97.08544255496464
1316,69.93008204102051,97.08784338604204
1317,69.98307603801901,97.09024421711943
1318,70.0360700350175,97.09264504819683
1319,70.08906403201601,97.09504587927421
1320,70.1420580290145,97.09744671035162
1321,70.195052026013,97.099847541429
1322,70.2480460230115,97.10224837250641
1323,70.30104002001,97.10464920358378
1324,70.3540340170085,97.10705003466117
1325,70.407028014007,97.10945086573858
1326,70.4600220110055,97.11185169681596
1327,70.513016008004,97.11425252789334
1328,70.5660100050025,97.11665335897075
1329,70.61900400200099,97.11905419004815
1330,70.6719979989995,97.12145502112553
1331,70.724991995998,97.12385585220292
1332,70.77798599299649,97.1262566832803
1333,70.830979989995,97.12865751435771
1334,70.8839739869935,97.1310583454351
1335,70.93696798399199,97.1334591765125
1336,70.98996198099049,97.13586000758988
1337,71.042955977989,97.13826083866729
1338,71.09594997498749,97.14066166974467
1339,71.14894397198599,97.14306250082205
1340,71.2019379689845,97.14546333189946
1341,71.25493196598299,97.14786416297684
1342,71.30792596298149,97.15026499405425
1343,71.36091995997998,97.15266582513163
1344,71.41391395697849,97.15506665620903
1345,71.46690795397699,97.15746748728643
1346,71.51990195097548,97.1598683183638
1347,71.57289594797399,97.16226914944122
1348,71.62588994497249,97.1646699805186
1349,71.67888394197098,97.167070811596
1350,71.73187793896948,97.16947164267339
1351,71.78487193596798,97.1718724737508
1352,71.83786593296648,97.17427330482818
1353,71.89085992996498,97.17667413590556
1354,71.94385392696348,97.17907496698295
1355,71.99684792396198,97.18147579806035
1356,72.04984192096047,97.18387662913776
1357,72.10283591795897,97.18627746021514
1358,72.15582991495748,97.18867829129252
1359,72.20882391195597,97.19107912236993
1360,72.26181790895447,97.19347995344731
1361,72.31481190595298,97.1958807845247
1362,72.36780590295147,97.1982816156021
1363,72.42079989994997,97.20068244667948
1364,72.47379389694846,97.20308327775687
1365,72.52678789394697,97.20548410883427
1366,72.57978189094547,97.20788493991166
1367,72.63277588794396,97.21028577098906
1368,72.68576988494247,97.21268660206646
1369,72.73876388194097,97.21508743314385
1370,72.79175787893946,97.21748826422123
1371,72.84475187593796,97.21988909529864
1372,72.89774587293647,97.22228992637602
1373,72.95073986993496,97.22469075745343
1374,73.00373386693346,97.22709158853081
1375,73.05672786393197,97.2294924196082
1376,73.10972186093046,97.2318932506856
1377,73.16271585792896,97.23429408176298
1378,73.21570985492745,97.23669491284038
1379,73.26870385192596,97.23909574391777
1380,73.32169784892446,97.24149657499517
1381,73.37469184592295,97.24389740607256
1382,73.42768584292146,97.24629823714996
1383,73.48067983991996,97.24869906822735
1384,73.53367383691845,97.25109989930473
1385,73.58666783391696,97.25350073038211
1386,73.63966183091546,97.25590156145952
1387,73.69265582791395,97.25830239253693
1388,73.74564982491245,97.26070322361431
1389,73.79864382191096,97.2631040546917
1390,73.85163781890945,97.26550488576908
1391,73.90463181590795,97.26790571684649
1392,73.95762581290646,97.27030654792388
1393,74.01061980990495,97.27270737900128
1394,74.06361380690345,97.27510821007866
1395,74.11660780390194,97.27750904115605
1396,74.16960180090045,97.27990987223345
1397,74.22259579789895,97.28231070331084
1398,74.27558979489744,97.28471153438824
1399,74.32858379189595,97.28711236546562
1400,74.38157778889445,97.28951319654303
1401,74.43457178589294,97.29191402762041
1402,74.48756578289144,97.29431485869782
1403,74.54055977988995,97.2967156897752
1404,74.59355377688844,97.29911652085258
1405,74.64654777388694,97.30151735192999
1406,74.69954177088545,97.30391818300738
1407,74.75253576788394,97.30631901408478
1408,74.80552976488244,97.30871984516216
1409,74.85852376188093,97.31112067623955
1410,74.91151775887944,97.31352150731695
1411,74.96451175587794,97.31592233839434
1412,75.01750575287643,97.31832316947174
1413,75.07049974987494,97.32072400054912
1414,75.12349374687344,97.32312483162653
1415,75.17648774387193,97.32552566270391
1416,75.22948174087043,97.32792649378132
1417,75.28247573786894,97.33032732485869
1418,75.33546973486743,97.33272815593608
1419,75.38846373186593,97.33512898701349
1420,75.44145772886444,97.33752981809087
1421,75.49445172586293,97.33993064916825
1422,75.54744572286143,97.34233148024566
1423,75.60043971985992,97.34473231132306
1424,75.65343371685843,97.34713314240045
1425,75.70642771385693,97.34953397347783
1426,75.75942171085542,97.35193480455521
1427,75.81241570785393,97.35433563563262
1428,75.86540970485242,97.35673646671002
1429,75.91840370185092,97.35913729778741
1430,75.97139769884942,97.3615381288648
1431,76.02439169584792,97.3639389599422
1432,76.07738569284642,97.36633979101958
1433,76.13037968984491,97.36874062209698
1434,76.18337368684342,97.37114145317437
1435,76.23636768384192,97.37354228425176
1436,76.28936168084041,97.37594311532916
1437,76.34235567783891,97.37834394640655
1438,76.39534967483742,97.38074477748395
1439,76.44834367183591,97.38314560856134
1440,76.50133766883441,97.38554643963872
1441,76.55433166583292,97.38794727071613
1442,76.60732566283141,97.39034810179352
1443,76.66031965982991,97.3927489328709
1444,76.7133136568284,97.3951497639483
1445,76.76630765382691,97.3975505950257
1446,76.81930165082541,97.39995142610309
1447,76.8722956478239,97.40235225718048
1448,76.92528964482241,97.40475308825786
1449,76.97828364182091,97.40715391933526
1450,77.0312776388194,97.40955475041267
1451,77.0842716358179,97.41195558149005
1452,77.13726563281641,97.41435641256743
1453,77.1902596298149,97.41675724364484
1454,77.2432536268134,97.41915807472222
1455,77.29624762381191,97.42155890579961
1456,77.3492416208104,97.42395973687701
1457,77.4022356178089,97.42636056795439
1458,77.4552296148074,97.4287613990318
1459,77.5082236118059,97.43116223010918
1460,77.5612176088044,97.43356306118658
1461,77.6142116058029,97.43596389226397
1462,77.6672056028014,97.43836472334137
1463,77.7201995997999,97.44076555441876
1464,77.7731935967984,97.44316638549614
1465,77.82618759379689,97.44556721657355
1466,77.8791815907954,97.44796804765093
1467,77.93217558779389,97.45036887872834
1468,77.98516958479239,97.45276970980572
1469,78.0381635817909,97.45517054088312
1470,78.09115757878939,97.45757137196051
1471,78.14415157578789,97.45997220303789
1472,78.19714557278638,97.4623730341153
1473,78.25013956978489,97.46477386519268
1474,78.30313356678339,97.46717469627008
1475,78.35612756378188,97.46957552734747
1476,78.40912156078039,97.47197635842485
1477,78.46211555777889,97.47437718950226
1478,78.51510955477738,97.47677802057964
1479,78.56810355177588,97.47917885165704
1480,78.62109754877439,97.48157968273443
1481,78.67409154577288,97.48398051381183
1482,78.72708554277138,97.48638134488922
1483,78.78007953976989,97.4887821759666
1484,78.83307353676838,97.491183007044
1485,78.88606753376688,97.4935838381214
1486,78.93906153076539,97.49598466919879
1487,78.99205552776388,97.49838550027619
1488,79.04504952476238,97.50078633135357
1489,79.09804352176087,97.50318716243098
1490,79.15103751875938,97.50558799350836
1491,79.20403151575788,97.50798882458575
1492,79.25702551275637,97.51038965566315
1493,79.31001950975488,97.51279048674053
1494,79.36301350675338,97.51519131781794
1495,79.41600750375187,97.51759214889532
1496,79.46900150075037,97.51999297997271
1497,79.52199549774888,97.52239381105011
1498,79.57498949474737,97.5247946421275
1499,79.62798349174587,97.5271954732049
1500,79.68097748874438,97.52959630428231
1501,79.73397148574287,97.53199713535967
1502,79.78696548274137,97.53439796643707
1503,79.83995947973986,97.53679879751446
1504,79.89295347673837,97.53919962859187
1505,79.94594747373687,97.54160045966927
1506,79.99894147073536,97.54400129074664
1507,80.05193546773387,97.54640212182404
1508,80.10492946473236,97.54880295290144
1509,80.15792346173086,97.55120378397883
1510,80.21091745872936,97.5536046150562
1511,80.26391145572786,97.55600544613361
1512,80.31690545272636,97.558406277211
1513,80.36989944972485,97.5608071082884
1514,80.42289344672336,97.56320793936578
1515,80.47588744372186,97.56560877044316
1516,80.52888144072035,97.56800960152057
1517,80.58187543771885,97.57041043259797
1518,80.63486943471736,97.57281126367535
1519,80.68786343171585,97.57521209475274
1520,80.74085742871435,97.57761292583014
1521,80.79385142571286,97.58001375690753
1522,80.84684542271135,97.58241458798491
1523,80.89983941970985,97.58481541906231
1524,80.95283341670834,97.5872162501397
1525,81.00582741370685,97.58961708121711
1526,81.05882141070535,97.59201791229451
1527,81.11181540770384,97.59441874337188
1528,81.16480940470235,97.59681957444928
1529,81.21780340170085,97.59922040552668
1530,81.27079739869934,97.60162123660407
1531,81.32379139569784,97.60402206768146
1532,81.37678539269635,97.60642289875885
1533,81.42977938969484,97.60882372983625
1534,81.48277338669334,97.61122456091364
1535,81.53576738369185,97.61362539199104
1536,81.58876138069034,97.61602622306843
1537,81.64175537768884,97.61842705414583
1538,81.69474937468733,97.6208278852232
1539,81.74774337168584,97.6232287163006
1540,81.80073736868434,97.625629547378
1541,81.85373136568283,97.62803037845539
1542,81.90672536268134,97.63043120953279
1543,81.95971935967984,97.63283204061017
1544,82.01271335667833,97.63523287168758
1545,82.06570735367683,97.63763370276496
1546,82.11870135067534,97.64003453384235
1547,82.17169534767383,97.64243536491975
1548,82.22468934467233,97.64483619599714
1549,82.27768334167084,97.64723702707454
1550,82.33067733866933,97.64963785815192
1551,82.38367133566783,97.65203868922931
1552,82.43666533266632,97.65443952030671
1553,82.48965932966483,97.6568403513841
1554,82.54265332666333,97.6592411824615
1555,82.59564732366182,97.66164201353888
1556,82.64864132066033,97.66404284461628
1557,82.70163531765883,97.66644367569367
1558,82.75462931465732,97.66884450677107
1559,82.80762331165582,97.67124533784846
1560,82.86061730865433,97.67364616892584
1561,82.91361130565282,97.67604700000324
1562,82.96660530265132,97.67844783108063
1563,83.01959929964983,97.68084866215803
1564,83.07259329664832,97.68324949323542
1565,83.12558729364682,97.6856503243128
1566,83.17858129064531,97.68805115539021
1567,83.23157528764382,97.6904519864676
1568,83.28456928464232,97.69285281754499
1569,83.33756328164081,97.69525364862238
1570,83.39055727863932,97.69765447969979
1571,83.44355127563782,97.70005531077717
1572,83.49654527263631,97.70245614185455
1573,83.5495392696348,97.70485697293195
1574,83.60253326663332,97.70725780400936
1575,83.65552726363181,97.70965863508674
1576,83.7085212606303,97.71205946616413
1577,83.76151525762882,97.71446029724152
1578,83.81450925462731,97.71686112831893
1579,83.8675032516258,97.71926195939632
1580,83.9204972486243,97.7216627904737
1581,83.97349124562281,97.7240636215511
1582,84.0264852426213,97.72646445262848
1583,84.0794792396198,97.72886528370589
1584,84.13247323661831,97.73126611478327
1585,84.1854672336168,97.73366694586066
1586,84.2384612306153,97.73606777693806
1587,84.29145522761381,97.73846860801544
1588,84.3444492246123,97.74086943909285
1589,84.3974432216108,97.74327027017023
1590,84.4504372186093,97.74567110124762
1591,84.5034312156078,97.74807193232503
1592,84.5564252126063,97.75047276340241
1593,84.6094192096048,97.75287359447981
1594,84.6624132066033,97.7552744255572
1595,84.7154072036018,97.7576752566346
1596,84.7684012006003,97.76007608771198
1597,84.82139519759879,97.76247691878937
1598,84.8743891945973,97.76487774986678
1599,84.9273831915958,97.76727858094416
1600,84.98037718859429,97.76967941202156
1601,85.0333711855928,97.77208024309896
1602,85.0863651825913,97.77448107417635
1603,85.13935917958979,97.77688190525375
1604,85.19235317658828,97.77928273633114
1605,85.2453471735868,97.78168356740852
1606,85.29834117058529,97.78408439848592
1607,85.35133516758378,97.78648522956331
1608,85.4043291645823,97.78888606064069
1609,85.45732316158079,97.7912868917181
1610,85.51031715857928,97.79368772279548
1611,85.56331115557778,97.79608855387288
1612,85.61630515257629,97.79848938495026
1613,85.66929914957478,97.80089021602765
1614,85.72229314657328,97.80329104710506
1615,85.77528714357179,97.80569187818244
1616,85.82828114057028,97.80809270925985
1617,85.88127513756878,97.81049354033722
1618,85.93426913456727,97.81289437141461
1619,85.98726313156578,97.81529520249202
1620,86.04025712856428,97.81769603356942
1621,86.09325112556277,97.82009686464681
1622,86.14624512256128,97.8224976957242
1623,86.19923911955978,97.82489852680159
1624,86.25223311655827,97.82729935787899
1625,86.30522711355677,97.82970018895638
1626,86.35822111055528,97.83210102003378
1627,86.41121510755377,97.83450185111116
1628,86.46420910455227,97.83690268218855
1629,86.51720310155078,97.83930351326595
1630,86.57019709854927,97.84170434434334
1631,86.62319109554777,97.84410517542074
1632,86.67618509254626,97.84650600649812
1633,86.72917908954477,97.84890683757551
1634,86.78217308654327,97.85130766865291
1635,86.83516708354176,97.8537084997303
1636,86.88816108054027,97.8561093308077
1637,86.94115507753877,97.85851016188508
1638,86.99414907453726,97.86091099296247
1639,87.04714307153576,97.86331182403987
1640,87.10013706853427,97.86571265511726
1641,87.15313106553276,97.86811348619466
1642,87.20612506253126,97.87051431727205
1643,87.25911905952977,97.87291514834943
1644,87.31211305652826,97.87531597942683
1645,87.36510705352676,97.87771681050423
1646,87.41810105052525,97.88011764158162
1647,87.47109504752376,97.882518472659
1648,87.52408904452226,97.88491930373641
1649,87.57708304152075,97.88732013481379
1650,87.63007703851926,97.88972096589119
1651,87.68307103551776,97.89212179696858
1652,87.73606503251625,97.89452262804598
1653,87.78905902951475,97.89692345912337
1654,87.84205302651326,97.89932429020075
1655,87.89504702351175,97.90172512127815
1656,87.94804102051025,97.90412595235554
1657,88.00103501750876,97.90652678343294
1658,88.05402901450725,97.90892761451033
1659,88.10702301150575,97.91132844558771
1660,88.16001700850424,97.91372927666512
1661,88.21301100550275,97.9161301077425
1662,88.26600500250125,97.9185309388199
1663,88.31899899949974,97.9209317698973
1664,88.37199299649825,97.9233326009747
1665,88.42498699349674,97.92573343205208
1666,88.47798099049524,97.92813426312946
1667,88.53097498749374,97.93053509420686
1668,88.58396898449224,97.93293592528427
1669,88.63696298149074,97.93533675636166
1670,88.68995697848923,97.93773758743905
1671,88.74295097548774,97.94013841851643
1672,88.79594497248624,97.94253924959384
1673,88.84893896948473,97.94494008067123
1674,88.90193296648323,97.94734091174863
1675,88.95492696348174,97.949741742826
1676,89.00792096048023,97.9521425739034
1677,89.06091495747873,97.9545434049808
1678,89.11390895447724,97.95694423605818
1679,89.16690295147573,97.95934506713557
1680,89.21989694847423,97.96174589821297
1681,89.27289094547272,97.96414672929038
1682,89.32588494247123,97.96654756036774
1683,89.37887893946973,97.96894839144514
1684,89.43187293646822,97.97134922252253
1685,89.48486693346673,97.97375005359994
1686,89.53786093046523,97.97615088467734
1687,89.59085492746372,97.9785517157547
1688,89.64384892446223,97.98095254683211
1689,89.69684292146073,97.98335337790951
1690,89.74983691845922,97.9857542089869
1691,89.80283091545772,97.98815504006429
1692,89.85582491245623,97.99055587114168
1693,89.90881890945472,97.99295670221909
1694,89.96181290645322,97.99535753329647
1695,90.01480690345173,97.99775836437387
1696,90.06780090045022,98.00015919545126
1697,90.12079489744872,98.00256002652866
1698,90.17378889444721,98.00496085760605
1699,90.22678289144572,98.00736168868343
1700,90.27977688844422,98.00976251976083
1701,90.33277088544271,98.01216335083822
1702,90.38576488244122,98.0145641819156
1703,90.43875887943972,98.01696501299301
1704,90.49175287643821,98.01936584407039
1705,90.54474687343671,98.0217666751478
1706,90.59774087043522,98.02416750622518
1707,90.65073486743371,98.02656833730256
1708,90.70372886443221,98.02896916837997
1709,90.75672286143072,98.03136999945737
1710,90.80971685842921,98.03377083053475
1711,90.86271085542771,98.03617166161214
1712,90.9157048524262,98.03857249268953
1713,90.96869884942471,98.0409733237669
1714,91.0216928464232,98.04337415484434
1715,91.0746868434217,98.04577498592172
1716,91.12768084042021,98.04817581699909
1717,91.1806748374187,98.05057664807651
1718,91.2336688344172,98.05297747915388
1719,91.2866628314157,98.05537831023129
1720,91.3396568284142,98.05777914130869
1721,91.3926508254127,98.06017997238605
1722,91.4456448224112,98.06258080346348
1723,91.4986388194097,98.06498163454087
1724,91.5516328164082,98.06738246561824
1725,91.6046268134067,98.06978329669565
1726,91.65762081040519,98.07218412777303
1727,91.7106148074037,98.07458495885042
1728,91.7636088044022,98.07698578992783
1729,91.81660280140069,98.0793866210052
1730,91.8695967983992,98.08178745208261
1731,91.9225907953977,98.08418828316
1732,91.97558479239619,98.08658911423738
1733,92.02857878939469,98.0889899453148
1734,92.0815727863932,98.09139077639219
1735,92.13456678339169,98.09379160746957
1736,92.18756078039019,98.09619243854698
1737,92.2405547773887,98.09859326962436
1738,92.29354877438719,98.10099410070174
1739,92.34654277138569,98.10339493177915
1740,92.39953676838418,98.10579576285653
1741,92.45253076538269,98.10819659393391
1742,92.50552476238119,98.11059742501132
1743,92.55851875937968,98.1129982560887
1744,92.61151275637819,98.11539908716608
1745,92.66450675337668,98.1177999182435
1746,92.71750075037518,98.12020074932089
1747,92.77049474737368,98.12260158039828
1748,92.82348874437218,98.12500241147568
1749,92.87648274137068,98.12740324255304
1750,92.92947673836917,98.12980407363047
1751,92.98247073536768,98.13220490470786
1752,93.03546473236618,98.13460573578524
1753,93.08845872936467,98.13700656686265
1754,93.14145272636317,98.13940739794
1755,93.19444672336168,98.14180822901741
1756,93.24744072036017,98.14420906009482
1757,93.30043471735867,98.1466098911722
1758,93.35342871435718,98.14901072224959
1759,93.40642271135567,98.151411553327
1760,93.45941670835417,98.15381238440438
1761,93.51241070535266,98.15621321548178
1762,93.56540470235117,98.1586140465592
1763,93.61839869934967,98.16101487763656
1764,93.67139269634816,98.16341570871396
1765,93.72438669334667,98.16581653979135
1766,93.77738069034517,98.16821737086873
1767,93.83037468734366,98.17061820194616
1768,93.88336868434216,98.17301903302352
1769,93.93636268134067,98.1754198641009
1770,93.98935667833916,98.17782069517831
1771,94.04235067533766,98.18022152625569
1772,94.09534467233617,98.18262235733309
1773,94.14833866933466,98.1850231884105
1774,94.20133266633316,98.18742401948788
1775,94.25432666333165,98.18982485056529
1776,94.30732066033016,98.19222568164267
1777,94.36031465732866,98.19462651272005
1778,94.41330865432715,98.19702734379746
1779,94.46630265132566,98.19942817487487
1780,94.51929664832416,98.20182900595222
1781,94.57229064532265,98.20422983702963
1782,94.62528464232115,98.20663066810701
1783,94.67827863931966,98.2090314991844
1784,94.73127263631815,98.21143233026181
1785,94.78426663331665,98.2138331613392
1786,94.83726063031516,98.21623399241659
1787,94.89025462731365,98.218634823494
1788,94.94324862431215,98.22103565457137
1789,94.99624262131064,98.22343648564878
1790,95.04923661830915,98.22583731672619
1791,95.10223061530765,98.22823814780355
1792,95.15522461230614,98.23063897888096
1793,95.20821860930465,98.23303980995836
1794,95.26121260630315,98.23544064103572
1795,95.31420660330164,98.23784147211315
1796,95.36720060030015,98.24024230319051
1797,95.42019459729865,98.24264313426792
1798,95.47318859429714,98.24504396534532
1799,95.52618259129564,98.24744479642268
1800,95.57917658829415,98.2498456275001
1801,95.63217058529264,98.25224645857749
1802,95.68516458229114,98.25464728965487
1803,95.73815857928965,98.25704812073226
1804,95.79115257628814,98.25944895180967
1805,95.84414657328664,98.26184978288705
1806,95.89714057028513,98.26425061396445
1807,95.95013456728364,98.26665144504184
1808,96.00312856428214,98.26905227611923
1809,96.05612256128063,98.27145310719663
1810,96.10911655827914,98.27385393827403
1811,96.16211055527764,98.2762547693514
1812,96.21510455227613,98.27865560042882
1813,96.26809854927463,98.2810564315062
1814,96.32109254627314,98.28345726258357
1815,96.37408654327163,98.28585809366099
1816,96.42708054027013,98.28825892473836
1817,96.48007453726864,98.29065975581577
1818,96.53306853426713,98.29306058689318
1819,96.58606253126563,98.29546141797053
1820,96.63905652826412,98.29786224904795
1821,96.69205052526263,98.30026308012535
1822,96.74504452226113,98.30266391120273
1823,96.79803851925962,98.30506474228014
1824,96.85103251625813,98.30746557335752
1825,96.90402651325662,98.3098664044349
1826,96.95702051025512,98.31226723551231
1827,97.01001450725362,98.31466806658969
1828,97.06300850425212,98.31706889766708
1829,97.11600250125062,98.3194697287445
1830,97.16899649824911,98.32187055982186
1831,97.22199049524762,98.32427139089926
1832,97.27498449224612,98.32667222197666
1833,97.32797848924461,98.32907305305405
1834,97.38097248624311,98.33147388413146
1835,97.43396648324162,98.33387471520885
1836,97.48696048024011,98.33627554628622
1837,97.53995447723861,98.33867637736363
1838,97.59294847423712,98.34107720844102
1839,97.64594247123561,98.3434780395184
1840,97.69893646823411,98.34587887059581
1841,97.7519304652326,98.34827970167319
1842,97.80492446223111,98.35068053275057
1843,97.85791845922961,98.35308136382798
1844,97.9109124562281,98.35548219490536
1845,97.96390645322661,98.35788302598276
1846,98.01690045022511,98.36028385706017
1847,98.0698944472236,98.36268468813753
1848,98.1228884442221,98.36508551921494
1849,98.17588244122061,98.36748635029234
1850,98.2288764382191,98.36988718136972
1851,98.2818704352176,98.37228801244713
1852,98.33486443221611,98.37468884352452
1853,98.3878584292146,98.37708967460189
1854,98.4408524262131,98.3794905056793
1855,98.4938464232116,98.38189133675668
1856,98.5468404202101,98.38429216783408
1857,98.5998344172086,98.3866929989115
1858,98.6528284142071,98.38909382998885
1859,98.7058224112056,98.39149466106625
1860,98.7588164082041,98.39389549214366
1861,98.81181040520259,98.39629632322104
1862,98.86480440220109,98.39869715429846
1863,98.9177983991996,98.40109798537583
1864,98.97079239619809,98.40349881645321
1865,99.02378639319659,98.40589964753063
1866,99.0767803901951,98.40830047860801
1867,99.12977438719359,98.4107013096854
1868,99.18276838419209,98.4131021407628
1869,99.23576238119058,98.41550297184017
1870,99.28875637818909,98.41790380291758
1871,99.34175037518759,98.42030463399497
1872,99.39474437218608,98.42270546507235
1873,99.44773836918459,98.42510629614975
1874,99.50073236618309,98.42750712722716
1875,99.55372636318158,98.42990795830454
1876,99.60672036018008,98.43230878938193
1877,99.65971435717859,98.43470962045934
1878,99.71270835417708,98.43711045153671
1879,99.76570235117558,98.43951128261412
1880,99.81869634817409,98.44191211369152
1881,99.87169034517258,98.44431294476888
1882,99.92468434217108,98.4467137758463
1883,99.97767833916957,98.44911460692367
1884,100.03067233616808,98.45151543800107
1885,100.08366633316658,98.45391626907849
1886,100.13666033016507,98.45631710015584
1887,100.18965432716358,98.45871793123325
1888,100.24264832416208,98.46111876231066
1889,100.29564232116057,98.46351959338803
1890,100.34863631815907,98.46592042446545
1891,100.40163031515758,98.46832125554282
1892,100.45462431215607,98.47072208662021
1893,100.50761830915457,98.47312291769762
1894,100.56061230615308,98.47552374877502
1895,100.61360630315157,98.4779245798524
1896,100.66660030015007,98.48032541092981
1897,100.71959429714857,98.48272624200719
1898,100.77258829414707,98.48512707308457
1899,100.82558229114557,98.48752790416198
1900,100.87857628814406,98.48992873523936
1901,100.93157028514257,98.49232956631676
1902,100.98456428214106,98.49473039739415
1903,101.03755827913956,98.49713122847153
1904,101.09055227613807,98.49953205954891
1905,101.14354627313656,98.50193289062634
1906,101.19654027013506,98.50433372170372
1907,101.24953426713355,98.50673455278113
1908,101.30252826413206,98.5091353838585
1909,101.35552226113056,98.51153621493587
1910,101.40851625812905,98.5139370460133
1911,101.46151025512756,98.51633787709069
1912,101.51450425212606,98.51873870816806
1913,101.56749824912455,98.52113953924547
1914,101.62049224612305,98.52354037032283
1915,101.67348624312156,98.52594120140024
1916,101.72648024012005,98.52834203247765
1917,101.77947423711855,98.53074286355503
1918,101.83246823411706,98.53314369463241
1919,101.88546223111555,98.53554452570982
1920,101.93845622811405,98.5379453567872
1921,101.99145022511254,98.54034618786461
1922,102.04444422211105,98.54274701894201
1923,102.09743821910955,98.54514785001939
1924,102.15043221610804,98.5475486810968
1925,102.20342621310655,98.54994951217418
1926,102.25642021010505,98.55235034325156
1927,102.30941420710354,98.55475117432897
1928,102.36240820410204,98.55715200540635
1929,102.41540220110055,98.55955283648373
1930,102.46839619809904,98.56195366756114
1931,102.52139019509754,98.56435449863852
1932,102.57438419209605,98.56675532971592
1933,102.62737818909454,98.56915616079333
1934,102.68037218609304,98.57155699187071
1935,102.73336618309153,98.5739578229481
1936,102.78636018009004,98.5763586540255
1937,102.83935417708854,98.57875948510288
1938,102.89234817408703,98.58116031618029
1939,102.94534217108554,98.5835611472577
1940,102.99833616808404,98.58596197833505
1941,103.05133016508253,98.58836280941246
1942,103.10432416208103,98.59076364048984
1943,103.15731815907954,98.59316447156723
1944,103.21031215607803,98.59556530264464
1945,103.26330615307653,98.59796613372203
1946,103.31630015007504,98.6003669647994
1947,103.36929414707353,98.60276779587683
1948,103.42228814407203,98.6051686269542
1949,103.47528214107052,98.6075694580316
1950,103.52827613806903,98.60997028910901
1951,103.58127013506753,98.61237112018637
1952,103.63426413206602,98.61477195126379
1953,103.68725812906453,98.61717278234117
1954,103.74025212606303,98.61957361341855
1955,103.79324612306152,98.62197444449598
1956,103.84624012006002,98.62437527557334
1957,103.89923411705853,98.62677610665074
1958,103.95222811405702,98.62917693772813
1959,104.00522211105552,98.63157776880551
1960,104.05821610805403,98.63397859988292
1961,104.11121010505252,98.63637943096032
1962,104.16420410205102,98.6387802620377
1963,104.21719809904951,98.64118109311511
1964,104.27019209604802,98.6435819241925
1965,104.32318609304652,98.64598275526988
1966,104.37618009004501,98.64838358634728
1967,104.42917408704352,98.65078441742469
1968,104.48216808404202,98.65318524850206
1969,104.53516208104051,98.65558607957946
1970,104.588156078039,98.65798691065685
1971,104.64115007503752,98.66038774173423
1972,104.69414407203601,98.66278857281165
1973,104.7471380690345,98.66518940388903
1974,104.80013206603302,98.6675902349664
1975,104.85312606303151,98.66999106604382
1976,104.90612006003,98.67239189712119
1977,104.9591140570285,98.67479272819861
1978,105.01210805402701,98.677193559276
1979,105.0651020510255,98.67959439035336
1980,105.118096048024,98.68199522143078
1981,105.17109004502251,98.68439605250818
1982,105.224084042021,98.68679688358556
1983,105.2770780390195,98.68919771466297
1984,105.330072036018,98.69159854574033
1985,105.3830660330165,98.69399937681773
1986,105.436060030015,98.69640020789514
1987,105.4890540270135,98.69880103897252
1988,105.542048024012,98.70120187004991
1989,105.5950420210105,98.70360270112732
1990,105.648036018009,98.70600353220469
1991,105.70103001500749,98.7084043632821
1992,105.754024012006,98.7108051943595
1993,105.8070180090045,98.71320602543688
