# "Outgoing Spectral Radiance Values for OL 455-12-1 (Cal: 12-2) S/N: 04203031","[W/(sr cm^2 nm)]",140129,350.00,2500.00,1.00
# 6.145A Lamp current, 8,902 ft-L
Wavelength [nm],Spectral radiance [W/(sr cm^2 nm)]
350.00,1.6906800E-06
351.00,1.7553320E-06
352.00,1.8176060E-06
353.00,1.8778120E-06
354.00,1.9362560E-06
355.00,1.9932470E-06
356.00,2.0490940E-06
357.00,2.1041050E-06
358.00,2.1585870E-06
359.00,2.2128500E-06
360.00,2.2672000E-06
361.00,2.3219470E-06
362.00,2.3773980E-06
363.00,2.4338620E-06
364.00,2.4916460E-06
365.00,2.5510600E-06
366.00,2.6124110E-06
367.00,2.6760070E-06
368.00,2.7421570E-06
369.00,2.8111690E-06
370.00,2.8833500E-06
371.00,2.9686900E-06
372.00,3.0572300E-06
373.00,3.1486920E-06
374.00,3.2427950E-06
375.00,3.3392630E-06
376.00,3.4378150E-06
377.00,3.5381750E-06
378.00,3.6400630E-06
379.00,3.7432010E-06
380.00,3.8473100E-06
381.00,3.9452220E-06
382.00,4.0439650E-06
383.00,4.1436800E-06
384.00,4.2445040E-06
385.00,4.3465770E-06
386.00,4.4500380E-06
387.00,4.5550250E-06
388.00,4.6616790E-06
389.00,4.7701370E-06
390.00,4.8805400E-06
391.00,4.9957880E-06
392.00,5.1130910E-06
393.00,5.2324210E-06
394.00,5.3537480E-06
395.00,5.4770440E-06
396.00,5.6022810E-06
397.00,5.7294300E-06
398.00,5.8584640E-06
399.00,5.9893530E-06
400.00,6.1220700E-06
401.00,6.2558190E-06
402.00,6.3913840E-06
403.00,6.5287850E-06
404.00,6.6680380E-06
405.00,6.8091620E-06
406.00,6.9521760E-06
407.00,7.0970960E-06
408.00,7.2439420E-06
409.00,7.3927300E-06
410.00,7.5434800E-06
411.00,7.6991440E-06
412.00,7.8566280E-06
413.00,8.0157710E-06
414.00,8.1764140E-06
415.00,8.3383960E-06
416.00,8.5015590E-06
417.00,8.6657410E-06
418.00,8.8307840E-06
419.00,8.9965270E-06
420.00,9.1628100E-06
421.00,9.3249120E-06
422.00,9.4875100E-06
423.00,9.6507230E-06
424.00,9.8146660E-06
425.00,9.9794570E-06
426.00,1.0145210E-05
427.00,1.0312050E-05
428.00,1.0480080E-05
429.00,1.0649420E-05
430.00,1.0820200E-05
431.00,1.0994270E-05
432.00,1.1169890E-05
433.00,1.1347080E-05
434.00,1.1525850E-05
435.00,1.1706220E-05
436.00,1.1888190E-05
437.00,1.2071770E-05
438.00,1.2256970E-05
439.00,1.2443810E-05
440.00,1.2632300E-05
441.00,1.2825540E-05
442.00,1.3020260E-05
443.00,1.3216280E-05
444.00,1.3413440E-05
445.00,1.3611540E-05
446.00,1.3810430E-05
447.00,1.4009910E-05
448.00,1.4209820E-05
449.00,1.4409970E-05
450.00,1.4610200E-05
451.00,1.4802240E-05
452.00,1.4994480E-05
453.00,1.5187250E-05
454.00,1.5380860E-05
455.00,1.5575610E-05
456.00,1.5771830E-05
457.00,1.5969820E-05
458.00,1.6169910E-05
459.00,1.6372390E-05
460.00,1.6577600E-05
461.00,1.6794800E-05
462.00,1.7014800E-05
463.00,1.7237380E-05
464.00,1.7462290E-05
465.00,1.7689320E-05
466.00,1.7918230E-05
467.00,1.8148790E-05
468.00,1.8380780E-05
469.00,1.8613960E-05
470.00,1.8848100E-05
471.00,1.9079720E-05
472.00,1.9312050E-05
473.00,1.9545050E-05
474.00,1.9778680E-05
475.00,2.0012910E-05
476.00,2.0247720E-05
477.00,2.0483060E-05
478.00,2.0718910E-05
479.00,2.0955240E-05
480.00,2.1192000E-05
481.00,2.1426520E-05
482.00,2.1661570E-05
483.00,2.1897280E-05
484.00,2.2133790E-05
485.00,2.2371220E-05
486.00,2.2609710E-05
487.00,2.2849370E-05
488.00,2.3090330E-05
489.00,2.3332730E-05
490.00,2.3576700E-05
491.00,2.3826880E-05
492.00,2.4078600E-05
493.00,2.4331720E-05
494.00,2.4586100E-05
495.00,2.4841590E-05
496.00,2.5098040E-05
497.00,2.5355320E-05
498.00,2.5613260E-05
499.00,2.5871740E-05
500.00,2.6130600E-05
501.00,2.6388040E-05
502.00,2.6645670E-05
503.00,2.6903440E-05
504.00,2.7161330E-05
505.00,2.7419270E-05
506.00,2.7677220E-05
507.00,2.7935150E-05
508.00,2.8193000E-05
509.00,2.8450730E-05
510.00,2.8708300E-05
511.00,2.8963110E-05
512.00,2.9217820E-05
513.00,2.9472530E-05
514.00,2.9727370E-05
515.00,2.9982440E-05
516.00,3.0237850E-05
517.00,3.0493720E-05
518.00,3.0750140E-05
519.00,3.1007230E-05
520.00,3.1265100E-05
521.00,3.1526500E-05
522.00,3.1788750E-05
523.00,3.2051780E-05
524.00,3.2315550E-05
525.00,3.2580010E-05
526.00,3.2845110E-05
527.00,3.3110800E-05
528.00,3.3377030E-05
529.00,3.3643750E-05
530.00,3.3910900E-05
531.00,3.4178230E-05
532.00,3.4445910E-05
533.00,3.4713900E-05
534.00,3.4982170E-05
535.00,3.5250680E-05
536.00,3.5519380E-05
537.00,3.5788260E-05
538.00,3.6057260E-05
539.00,3.6326350E-05
540.00,3.6595500E-05
541.00,3.6864720E-05
542.00,3.7133910E-05
543.00,3.7403040E-05
544.00,3.7672060E-05
545.00,3.7940940E-05
546.00,3.8209630E-05
547.00,3.8478090E-05
548.00,3.8746280E-05
549.00,3.9014170E-05
550.00,3.9281700E-05
551.00,3.9546910E-05
552.00,3.9811810E-05
553.00,4.0076470E-05
554.00,4.0340960E-05
555.00,4.0605380E-05
556.00,4.0869790E-05
557.00,4.1134270E-05
558.00,4.1398900E-05
559.00,4.1663750E-05
560.00,4.1928900E-05
561.00,4.2196370E-05
562.00,4.2464170E-05
563.00,4.2732270E-05
564.00,4.3000630E-05
565.00,4.3269190E-05
566.00,4.3537930E-05
567.00,4.3806810E-05
568.00,4.4075770E-05
569.00,4.4344780E-05
570.00,4.4613800E-05
571.00,4.4883880E-05
572.00,4.5153810E-05
573.00,4.5423510E-05
574.00,4.5692840E-05
575.00,4.5961730E-05
576.00,4.6230040E-05
577.00,4.6497680E-05
578.00,4.6764540E-05
579.00,4.7030520E-05
580.00,4.7295500E-05
581.00,4.7559600E-05
582.00,4.7822470E-05
583.00,4.8084010E-05
584.00,4.8344080E-05
585.00,4.8602580E-05
586.00,4.8859380E-05
587.00,4.9114360E-05
588.00,4.9367410E-05
589.00,4.9618390E-05
590.00,4.9867200E-05
591.00,5.0104060E-05
592.00,5.0339100E-05
593.00,5.0572760E-05
594.00,5.0805520E-05
595.00,5.1037850E-05
596.00,5.1270200E-05
597.00,5.1503050E-05
598.00,5.1736860E-05
599.00,5.1972080E-05
600.00,5.2209200E-05
601.00,5.2462030E-05
602.00,5.2716870E-05
603.00,5.2973370E-05
604.00,5.3231190E-05
605.00,5.3489990E-05
606.00,5.3749410E-05
607.00,5.4009120E-05
608.00,5.4268770E-05
609.00,5.4528010E-05
610.00,5.4786500E-05
611.00,5.5038770E-05
612.00,5.5289910E-05
613.00,5.5539880E-05
614.00,5.5788660E-05
615.00,5.6036210E-05
616.00,5.6282500E-05
617.00,5.6527480E-05
618.00,5.6771130E-05
619.00,5.7013420E-05
620.00,5.7254300E-05
621.00,5.7492860E-05
622.00,5.7730010E-05
623.00,5.7965760E-05
624.00,5.8200140E-05
625.00,5.8433160E-05
626.00,5.8664840E-05
627.00,5.8895210E-05
628.00,5.9124270E-05
629.00,5.9352070E-05
630.00,5.9578600E-05
631.00,5.9804300E-05
632.00,6.0028760E-05
633.00,6.0251970E-05
634.00,6.0473920E-05
635.00,6.0694630E-05
636.00,6.0914060E-05
637.00,6.1132230E-05
638.00,6.1349130E-05
639.00,6.1564760E-05
640.00,6.1779100E-05
641.00,6.1989440E-05
642.00,6.2198660E-05
643.00,6.2406910E-05
644.00,6.2614350E-05
645.00,6.2821140E-05
646.00,6.3027450E-05
647.00,6.3233430E-05
648.00,6.3439240E-05
649.00,6.3645050E-05
650.00,6.3851000E-05
651.00,6.4062340E-05
652.00,6.4273840E-05
653.00,6.4485360E-05
654.00,6.4696750E-05
655.00,6.4907860E-05
656.00,6.5118530E-05
657.00,6.5328630E-05
658.00,6.5538010E-05
659.00,6.5746520E-05
660.00,6.5954000E-05
661.00,6.6159730E-05
662.00,6.6364170E-05
663.00,6.6567230E-05
664.00,6.6768780E-05
665.00,6.6968710E-05
666.00,6.7166920E-05
667.00,6.7363280E-05
668.00,6.7557690E-05
669.00,6.7750030E-05
670.00,6.7940200E-05
671.00,6.8121060E-05
672.00,6.8299950E-05
673.00,6.8477170E-05
674.00,6.8653040E-05
675.00,6.8827870E-05
676.00,6.9001980E-05
677.00,6.9175670E-05
678.00,6.9349270E-05
679.00,6.9523070E-05
680.00,6.9697400E-05
681.00,6.9880940E-05
682.00,7.0065120E-05
683.00,7.0249760E-05
684.00,7.0434640E-05
685.00,7.0619590E-05
686.00,7.0804400E-05
687.00,7.0988880E-05
688.00,7.1172840E-05
689.00,7.1356080E-05
690.00,7.1538400E-05
691.00,7.1719500E-05
692.00,7.1899310E-05
693.00,7.2077640E-05
694.00,7.2254290E-05
695.00,7.2429090E-05
696.00,7.2601840E-05
697.00,7.2772350E-05
698.00,7.2940440E-05
699.00,7.3105920E-05
700.00,7.3268600E-05
701.00,7.3421330E-05
702.00,7.3571300E-05
703.00,7.3718760E-05
704.00,7.3863940E-05
705.00,7.4007070E-05
706.00,7.4148380E-05
707.00,7.4288120E-05
708.00,7.4426510E-05
709.00,7.4563790E-05
710.00,7.4700200E-05
711.00,7.4840950E-05
712.00,7.4981000E-05
713.00,7.5120270E-05
714.00,7.5258690E-05
715.00,7.5396200E-05
716.00,7.5532730E-05
717.00,7.5668210E-05
718.00,7.5802580E-05
719.00,7.5935770E-05
720.00,7.6067700E-05
721.00,7.6195330E-05
722.00,7.6321760E-05
723.00,7.6447100E-05
724.00,7.6571450E-05
725.00,7.6694940E-05
726.00,7.6817670E-05
727.00,7.6939760E-05
728.00,7.7061320E-05
729.00,7.7182460E-05
730.00,7.7303300E-05
731.00,7.7429910E-05
732.00,7.7556090E-05
733.00,7.7681570E-05
734.00,7.7806120E-05
735.00,7.7929480E-05
736.00,7.8051410E-05
737.00,7.8171650E-05
738.00,7.8289970E-05
739.00,7.8406100E-05
740.00,7.8519800E-05
741.00,7.8624000E-05
742.00,7.8725690E-05
743.00,7.8825040E-05
744.00,7.8922190E-05
745.00,7.9017330E-05
746.00,7.9110620E-05
747.00,7.9202210E-05
748.00,7.9292280E-05
749.00,7.9380990E-05
750.00,7.9468500E-05
751.00,7.9553460E-05
752.00,7.9637650E-05
753.00,7.9721320E-05
754.00,7.9804730E-05
755.00,7.9888140E-05
756.00,7.9971800E-05
757.00,8.0055970E-05
758.00,8.0140900E-05
759.00,8.0226860E-05
760.00,8.0314100E-05
761.00,8.0410680E-05
762.00,8.0508590E-05
763.00,8.0607590E-05
764.00,8.0707490E-05
765.00,8.0808060E-05
766.00,8.0909080E-05
767.00,8.1010340E-05
768.00,8.1111630E-05
769.00,8.1212720E-05
770.00,8.1313400E-05
771.00,8.1414640E-05
772.00,8.1514970E-05
773.00,8.1614100E-05
774.00,8.1711740E-05
775.00,8.1807590E-05
776.00,8.1901380E-05
777.00,8.1992820E-05
778.00,8.2081610E-05
779.00,8.2167460E-05
780.00,8.2250100E-05
781.00,8.2318180E-05
782.00,8.2383140E-05
783.00,8.2445350E-05
784.00,8.2505190E-05
785.00,8.2563050E-05
786.00,8.2619300E-05
787.00,8.2674330E-05
788.00,8.2728520E-05
789.00,8.2782250E-05
790.00,8.2835900E-05
791.00,8.2897320E-05
792.00,8.2958960E-05
793.00,8.3020760E-05
794.00,8.3082650E-05
795.00,8.3144560E-05
796.00,8.3206400E-05
797.00,8.3268120E-05
798.00,8.3329640E-05
799.00,8.3390890E-05
800.00,8.3451800E-05
801.00,8.3510990E-05
802.00,8.3569770E-05
803.00,8.3628150E-05
804.00,8.3686140E-05
805.00,8.3743750E-05
806.00,8.3800980E-05
807.00,8.3857840E-05
808.00,8.3914350E-05
809.00,8.3970500E-05
810.00,8.4026300E-05
811.00,8.4082380E-05
812.00,8.4138100E-05
813.00,8.4193410E-05
814.00,8.4248300E-05
815.00,8.4302740E-05
816.00,8.4356680E-05
817.00,8.4410110E-05
818.00,8.4462990E-05
819.00,8.4515300E-05
820.00,8.4567000E-05
821.00,8.4616240E-05
822.00,8.4664930E-05
823.00,8.4713150E-05
824.00,8.4760960E-05
825.00,8.4808470E-05
826.00,8.4855740E-05
827.00,8.4902860E-05
828.00,8.4949900E-05
829.00,8.4996960E-05
830.00,8.5044100E-05
831.00,8.5093530E-05
832.00,8.5143080E-05
833.00,8.5192700E-05
834.00,8.5242350E-05
835.00,8.5291970E-05
836.00,8.5341530E-05
837.00,8.5390970E-05
838.00,8.5440240E-05
839.00,8.5489300E-05
840.00,8.5538100E-05
841.00,8.5584870E-05
842.00,8.5631390E-05
843.00,8.5677710E-05
844.00,8.5723890E-05
845.00,8.5769990E-05
846.00,8.5816060E-05
847.00,8.5862160E-05
848.00,8.5908340E-05
849.00,8.5954670E-05
850.00,8.6001200E-05
851.00,8.6049210E-05
852.00,8.6097470E-05
853.00,8.6145940E-05
854.00,8.6194600E-05
855.00,8.6243460E-05
856.00,8.6292470E-05
857.00,8.6341630E-05
858.00,8.6390920E-05
859.00,8.6440310E-05
860.00,8.6489800E-05
861.00,8.6539050E-05
862.00,8.6588380E-05
863.00,8.6637770E-05
864.00,8.6687240E-05
865.00,8.6736790E-05
866.00,8.6786400E-05
867.00,8.6836090E-05
868.00,8.6885850E-05
869.00,8.6935690E-05
870.00,8.6985600E-05
871.00,8.7036130E-05
872.00,8.7086700E-05
873.00,8.7137280E-05
874.00,8.7187830E-05
875.00,8.7238320E-05
876.00,8.7288730E-05
877.00,8.7339010E-05
878.00,8.7389140E-05
879.00,8.7439080E-05
880.00,8.7488800E-05
881.00,8.7533770E-05
882.00,8.7578720E-05
883.00,8.7623900E-05
884.00,8.7669540E-05
885.00,8.7715890E-05
886.00,8.7763180E-05
887.00,8.7811660E-05
888.00,8.7861560E-05
889.00,8.7913130E-05
890.00,8.7966600E-05
891.00,8.8034660E-05
892.00,8.8104360E-05
893.00,8.8175160E-05
894.00,8.8246570E-05
895.00,8.8318060E-05
896.00,8.8389130E-05
897.00,8.8459250E-05
898.00,8.8527910E-05
899.00,8.8594600E-05
900.00,8.8658800E-05
901.00,8.8709800E-05
902.00,8.8757900E-05
903.00,8.8803210E-05
904.00,8.8845820E-05
905.00,8.8885850E-05
906.00,8.8923390E-05
907.00,8.8958560E-05
908.00,8.8991440E-05
909.00,8.9022160E-05
910.00,8.9050800E-05
911.00,8.9077380E-05
912.00,8.9102100E-05
913.00,8.9125080E-05
914.00,8.9146420E-05
915.00,8.9166230E-05
916.00,8.9184620E-05
917.00,8.9201710E-05
918.00,8.9217590E-05
919.00,8.9232390E-05
920.00,8.9246200E-05
921.00,8.9259040E-05
922.00,8.9271120E-05
923.00,8.9282570E-05
924.00,8.9293490E-05
925.00,8.9304000E-05
926.00,8.9314220E-05
927.00,8.9324270E-05
928.00,8.9334250E-05
929.00,8.9344290E-05
930.00,8.9354500E-05
931.00,8.9364890E-05
932.00,8.9375690E-05
933.00,8.9387030E-05
934.00,8.9399010E-05
935.00,8.9411770E-05
936.00,8.9425440E-05
937.00,8.9440120E-05
938.00,8.9455940E-05
939.00,8.9473030E-05
940.00,8.9491500E-05
941.00,8.9511370E-05
942.00,8.9532890E-05
943.00,8.9556170E-05
944.00,8.9581340E-05
945.00,8.9608540E-05
946.00,8.9637890E-05
947.00,8.9669520E-05
948.00,8.9703570E-05
949.00,8.9740150E-05
950.00,8.9779400E-05
951.00,8.9830920E-05
952.00,8.9884790E-05
953.00,8.9940570E-05
954.00,8.9997810E-05
955.00,9.0056070E-05
956.00,9.0114900E-05
957.00,9.0173850E-05
958.00,9.0232480E-05
959.00,9.0290340E-05
960.00,9.0347000E-05
961.00,9.0392290E-05
962.00,9.0436070E-05
963.00,9.0478480E-05
964.00,9.0519660E-05
965.00,9.0559760E-05
966.00,9.0598920E-05
967.00,9.0637280E-05
968.00,9.0674980E-05
969.00,9.0712180E-05
970.00,9.0749000E-05
971.00,9.0797230E-05
972.00,9.0844670E-05
973.00,9.0890760E-05
974.00,9.0934940E-05
975.00,9.0976640E-05
976.00,9.1015310E-05
977.00,9.1050390E-05
978.00,9.1081300E-05
979.00,9.1107490E-05
980.00,9.1128400E-05
981.00,9.1124180E-05
982.00,9.1114720E-05
983.00,9.1100620E-05
984.00,9.1082510E-05
985.00,9.1060980E-05
986.00,9.1036630E-05
987.00,9.1010090E-05
988.00,9.0981940E-05
989.00,9.0952810E-05
990.00,9.0923300E-05
991.00,9.0905610E-05
992.00,9.0888040E-05
993.00,9.0870510E-05
994.00,9.0852920E-05
995.00,9.0835170E-05
996.00,9.0817160E-05
997.00,9.0798810E-05
998.00,9.0780010E-05
999.00,9.0760670E-05
1000.00,9.0740700E-05
1001.00,9.0722830E-05
1002.00,9.0703970E-05
1003.00,9.0683830E-05
1004.00,9.0662160E-05
1005.00,9.0638690E-05
1006.00,9.0613140E-05
1007.00,9.0585260E-05
1008.00,9.0554770E-05
1009.00,9.0521410E-05
1010.00,9.0484900E-05
1011.00,9.0423050E-05
1012.00,9.0358850E-05
1013.00,9.0293360E-05
1014.00,9.0227650E-05
1015.00,9.0162780E-05
1016.00,9.0099800E-05
1017.00,9.0039780E-05
1018.00,8.9983780E-05
1019.00,8.9932870E-05
1020.00,8.9888100E-05
1021.00,8.9890450E-05
1022.00,8.9898650E-05
1023.00,8.9911330E-05
1024.00,8.9927160E-05
1025.00,8.9944760E-05
1026.00,8.9962780E-05
1027.00,8.9979860E-05
1028.00,8.9994640E-05
1029.00,9.0005780E-05
1030.00,9.0011900E-05
1031.00,8.9978810E-05
1032.00,8.9939990E-05
1033.00,8.9896070E-05
1034.00,8.9847680E-05
1035.00,8.9795460E-05
1036.00,8.9740030E-05
1037.00,8.9682040E-05
1038.00,8.9622120E-05
1039.00,8.9560890E-05
1040.00,8.9499000E-05
1041.00,8.9448030E-05
1042.00,8.9396990E-05
1043.00,8.9345860E-05
1044.00,8.9294600E-05
1045.00,8.9243190E-05
1046.00,8.9191590E-05
1047.00,8.9139770E-05
1048.00,8.9087700E-05
1049.00,8.9035360E-05
1050.00,8.8982700E-05
1051.00,8.8927940E-05
1052.00,8.8872910E-05
1053.00,8.8817700E-05
1054.00,8.8762380E-05
1055.00,8.8707020E-05
1056.00,8.8651700E-05
1057.00,8.8596510E-05
1058.00,8.8541510E-05
1059.00,8.8486780E-05
1060.00,8.8432400E-05
1061.00,8.8383090E-05
1062.00,8.8333990E-05
1063.00,8.8284920E-05
1064.00,8.8235650E-05
1065.00,8.8185990E-05
1066.00,8.8135730E-05
1067.00,8.8084660E-05
1068.00,8.8032590E-05
1069.00,8.7979300E-05
1070.00,8.7924600E-05
1071.00,8.7860890E-05
1072.00,8.7795790E-05
1073.00,8.7729560E-05
1074.00,8.7662440E-05
1075.00,8.7594660E-05
1076.00,8.7526480E-05
1077.00,8.7458120E-05
1078.00,8.7389850E-05
1079.00,8.7321890E-05
1080.00,8.7254500E-05
1081.00,8.7196500E-05
1082.00,8.7139030E-05
1083.00,8.7081810E-05
1084.00,8.7024560E-05
1085.00,8.6967000E-05
1086.00,8.6908860E-05
1087.00,8.6849860E-05
1088.00,8.6789710E-05
1089.00,8.6728150E-05
1090.00,8.6664900E-05
1091.00,8.6599260E-05
1092.00,8.6531400E-05
1093.00,8.6461060E-05
1094.00,8.6387990E-05
1095.00,8.6311930E-05
1096.00,8.6232630E-05
1097.00,8.6149850E-05
1098.00,8.6063310E-05
1099.00,8.5972780E-05
1100.00,8.5878000E-05
1101.00,8.5782030E-05
1102.00,8.5681110E-05
1103.00,8.5574770E-05
1104.00,8.5462560E-05
1105.00,8.5344040E-05
1106.00,8.5218740E-05
1107.00,8.5086210E-05
1108.00,8.4945990E-05
1109.00,8.4797640E-05
1110.00,8.4640700E-05
1111.00,8.4431040E-05
1112.00,8.4214520E-05
1113.00,8.3993350E-05
1114.00,8.3769710E-05
1115.00,8.3545790E-05
1116.00,8.3323790E-05
1117.00,8.3105890E-05
1118.00,8.2894300E-05
1119.00,8.2691210E-05
1120.00,8.2498800E-05
1121.00,8.2373710E-05
1122.00,8.2260390E-05
1123.00,8.2157740E-05
1124.00,8.2064640E-05
1125.00,8.1980010E-05
1126.00,8.1902720E-05
1127.00,8.1831670E-05
1128.00,8.1765750E-05
1129.00,8.1703870E-05
1130.00,8.1644900E-05
1131.00,8.1575600E-05
1132.00,8.1507750E-05
1133.00,8.1440980E-05
1134.00,8.1374900E-05
1135.00,8.1309160E-05
1136.00,8.1243390E-05
1137.00,8.1177200E-05
1138.00,8.1110240E-05
1139.00,8.1042130E-05
1140.00,8.0972500E-05
1141.00,8.0879170E-05
1142.00,8.0784900E-05
1143.00,8.0690650E-05
1144.00,8.0597360E-05
1145.00,8.0505990E-05
1146.00,8.0417490E-05
1147.00,8.0332810E-05
1148.00,8.0252900E-05
1149.00,8.0178710E-05
1150.00,8.0111200E-05
1151.00,8.0098520E-05
1152.00,8.0091570E-05
1153.00,8.0088410E-05
1154.00,8.0087160E-05
1155.00,8.0085890E-05
1156.00,8.0082700E-05
1157.00,8.0075670E-05
1158.00,8.0062900E-05
1159.00,8.0042480E-05
1160.00,8.0012500E-05
1161.00,7.9929570E-05
1162.00,7.9835770E-05
1163.00,7.9731700E-05
1164.00,7.9617980E-05
1165.00,7.9495200E-05
1166.00,7.9363970E-05
1167.00,7.9224890E-05
1168.00,7.9078560E-05
1169.00,7.8925600E-05
1170.00,7.8766600E-05
1171.00,7.8573910E-05
1172.00,7.8378100E-05
1173.00,7.8181490E-05
1174.00,7.7986400E-05
1175.00,7.7795140E-05
1176.00,7.7610040E-05
1177.00,7.7433410E-05
1178.00,7.7267560E-05
1179.00,7.7114820E-05
1180.00,7.6977500E-05
1181.00,7.6928380E-05
1182.00,7.6895050E-05
1183.00,7.6875550E-05
1184.00,7.6867920E-05
1185.00,7.6870210E-05
1186.00,7.6880470E-05
1187.00,7.6896740E-05
1188.00,7.6917080E-05
1189.00,7.6939510E-05
1190.00,7.6962100E-05
1191.00,7.6956210E-05
1192.00,7.6948180E-05
1193.00,7.6937670E-05
1194.00,7.6924340E-05
1195.00,7.6907870E-05
1196.00,7.6887900E-05
1197.00,7.6864110E-05
1198.00,7.6836150E-05
1199.00,7.6803700E-05
1200.00,7.6766400E-05
1201.00,7.6707830E-05
1202.00,7.6644720E-05
1203.00,7.6577710E-05
1204.00,7.6507440E-05
1205.00,7.6434550E-05
1206.00,7.6359670E-05
1207.00,7.6283450E-05
1208.00,7.6206520E-05
1209.00,7.6129530E-05
1210.00,7.6053100E-05
1211.00,7.5991970E-05
1212.00,7.5931830E-05
1213.00,7.5872470E-05
1214.00,7.5813670E-05
1215.00,7.5755220E-05
1216.00,7.5696900E-05
1217.00,7.5638490E-05
1218.00,7.5579780E-05
1219.00,7.5520560E-05
1220.00,7.5460600E-05
1221.00,7.5396270E-05
1222.00,7.5330990E-05
1223.00,7.5264740E-05
1224.00,7.5197520E-05
1225.00,7.5129330E-05
1226.00,7.5060140E-05
1227.00,7.4989970E-05
1228.00,7.4918790E-05
1229.00,7.4846600E-05
1230.00,7.4773400E-05
1231.00,7.4697360E-05
1232.00,7.4620390E-05
1233.00,7.4542600E-05
1234.00,7.4464100E-05
1235.00,7.4384970E-05
1236.00,7.4305340E-05
1237.00,7.4225290E-05
1238.00,7.4144930E-05
1239.00,7.4064370E-05
1240.00,7.3983700E-05
1241.00,7.3907160E-05
1242.00,7.3830470E-05
1243.00,7.3753470E-05
1244.00,7.3676040E-05
1245.00,7.3598000E-05
1246.00,7.3519220E-05
1247.00,7.3439550E-05
1248.00,7.3358840E-05
1249.00,7.3276940E-05
1250.00,7.3193700E-05
1251.00,7.3104160E-05
1252.00,7.3013280E-05
1253.00,7.2921200E-05
1254.00,7.2828070E-05
1255.00,7.2734030E-05
1256.00,7.2639220E-05
1257.00,7.2543790E-05
1258.00,7.2447880E-05
1259.00,7.2351640E-05
1260.00,7.2255200E-05
1261.00,7.2147010E-05
1262.00,7.2039620E-05
1263.00,7.1933890E-05
1264.00,7.1830680E-05
1265.00,7.1730830E-05
1266.00,7.1635190E-05
1267.00,7.1544630E-05
1268.00,7.1459990E-05
1269.00,7.1382130E-05
1270.00,7.1311900E-05
1271.00,7.1292090E-05
1272.00,7.1279080E-05
1273.00,7.1271170E-05
1274.00,7.1266680E-05
1275.00,7.1263930E-05
1276.00,7.1261210E-05
1277.00,7.1256850E-05
1278.00,7.1249150E-05
1279.00,7.1236430E-05
1280.00,7.1217000E-05
1281.00,7.1149470E-05
1282.00,7.1074250E-05
1283.00,7.0992070E-05
1284.00,7.0903650E-05
1285.00,7.0809690E-05
1286.00,7.0710930E-05
1287.00,7.0608070E-05
1288.00,7.0501830E-05
1289.00,7.0392940E-05
1290.00,7.0282100E-05
1291.00,7.0182280E-05
1292.00,7.0081220E-05
1293.00,6.9978880E-05
1294.00,6.9875250E-05
1295.00,6.9770300E-05
1296.00,6.9664000E-05
1297.00,6.9556340E-05
1298.00,6.9447290E-05
1299.00,6.9336810E-05
1300.00,6.9224900E-05
1301.00,6.9107010E-05
1302.00,6.8987910E-05
1303.00,6.8867840E-05
1304.00,6.8747060E-05
1305.00,6.8625800E-05
1306.00,6.8504320E-05
1307.00,6.8382880E-05
1308.00,6.8261710E-05
1309.00,6.8141070E-05
1310.00,6.8021200E-05
1311.00,6.7911510E-05
1312.00,6.7802540E-05
1313.00,6.7693990E-05
1314.00,6.7585540E-05
1315.00,6.7476890E-05
1316.00,6.7367740E-05
1317.00,6.7257790E-05
1318.00,6.7146710E-05
1319.00,6.7034220E-05
1320.00,6.6920000E-05
1321.00,6.6802150E-05
1322.00,6.6682060E-05
1323.00,6.6559520E-05
1324.00,6.6434320E-05
1325.00,6.6306260E-05
1326.00,6.6175110E-05
1327.00,6.6040690E-05
1328.00,6.5902760E-05
1329.00,6.5761140E-05
1330.00,6.5615600E-05
1331.00,6.5505820E-05
1332.00,6.5389300E-05
1333.00,6.5263400E-05
1334.00,6.5125500E-05
1335.00,6.4972980E-05
1336.00,6.4803210E-05
1337.00,6.4613560E-05
1338.00,6.4401410E-05
1339.00,6.4164130E-05
1340.00,6.3899100E-05
1341.00,6.3514960E-05
1342.00,6.3103180E-05
1343.00,6.2666530E-05
1344.00,6.2207760E-05
1345.00,6.1729610E-05
1346.00,6.1234840E-05
1347.00,6.0726210E-05
1348.00,6.0206450E-05
1349.00,5.9678330E-05
1350.00,5.9144600E-05
1351.00,5.8571730E-05
1352.00,5.8000940E-05
1353.00,5.7437200E-05
1354.00,5.6885440E-05
1355.00,5.6350630E-05
1356.00,5.5837700E-05
1357.00,5.5351610E-05
1358.00,5.4897320E-05
1359.00,5.4479760E-05
1360.00,5.4103900E-05
1361.00,5.3936770E-05
1362.00,5.3811400E-05
1363.00,5.3722940E-05
1364.00,5.3666490E-05
1365.00,5.3637190E-05
1366.00,5.3630170E-05
1367.00,5.3640560E-05
1368.00,5.3663470E-05
1369.00,5.3694040E-05
1370.00,5.3727400E-05
1371.00,5.3674040E-05
1372.00,5.3618860E-05
1373.00,5.3562090E-05
1374.00,5.3504000E-05
1375.00,5.3444840E-05
1376.00,5.3384880E-05
1377.00,5.3324350E-05
1378.00,5.3263530E-05
1379.00,5.3202660E-05
1380.00,5.3142000E-05
1381.00,5.3092090E-05
1382.00,5.3042280E-05
1383.00,5.2992200E-05
1384.00,5.2941480E-05
1385.00,5.2889760E-05
1386.00,5.2836670E-05
1387.00,5.2781830E-05
1388.00,5.2724890E-05
1389.00,5.2665470E-05
1390.00,5.2603200E-05
1391.00,5.2512420E-05
1392.00,5.2419600E-05
1393.00,5.2325900E-05
1394.00,5.2232480E-05
1395.00,5.2140510E-05
1396.00,5.2051160E-05
1397.00,5.1965580E-05
1398.00,5.1884960E-05
1399.00,5.1810440E-05
1400.00,5.1743200E-05
1401.00,5.1711810E-05
1402.00,5.1688370E-05
1403.00,5.1672370E-05
1404.00,5.1663340E-05
1405.00,5.1660760E-05
1406.00,5.1664140E-05
1407.00,5.1672990E-05
1408.00,5.1686820E-05
1409.00,5.1705120E-05
1410.00,5.1727400E-05
1411.00,5.1756570E-05
1412.00,5.1788530E-05
1413.00,5.1822560E-05
1414.00,5.1857980E-05
1415.00,5.1894070E-05
1416.00,5.1930130E-05
1417.00,5.1965470E-05
1418.00,5.1999380E-05
1419.00,5.2031160E-05
1420.00,5.2060100E-05
1421.00,5.2076250E-05
1422.00,5.2088720E-05
1423.00,5.2097370E-05
1424.00,5.2102070E-05
1425.00,5.2102660E-05
1426.00,5.2099020E-05
1427.00,5.2090990E-05
1428.00,5.2078440E-05
1429.00,5.2061220E-05
1430.00,5.2039200E-05
1431.00,5.1994980E-05
1432.00,5.1946720E-05
1433.00,5.1895330E-05
1434.00,5.1841700E-05
1435.00,5.1786740E-05
1436.00,5.1731360E-05
1437.00,5.1676470E-05
1438.00,5.1622950E-05
1439.00,5.1571730E-05
1440.00,5.1523700E-05
1441.00,5.1504600E-05
1442.00,5.1488990E-05
1443.00,5.1476290E-05
1444.00,5.1465880E-05
1445.00,5.1457180E-05
1446.00,5.1449560E-05
1447.00,5.1442450E-05
1448.00,5.1435240E-05
1449.00,5.1427320E-05
1450.00,5.1418100E-05
1451.00,5.1404390E-05
1452.00,5.1388340E-05
1453.00,5.1369500E-05
1454.00,5.1347420E-05
1455.00,5.1321670E-05
1456.00,5.1291790E-05
1457.00,5.1257350E-05
1458.00,5.1217900E-05
1459.00,5.1173000E-05
1460.00,5.1122200E-05
1461.00,5.1038280E-05
1462.00,5.0949210E-05
1463.00,5.0856150E-05
1464.00,5.0760280E-05
1465.00,5.0662800E-05
1466.00,5.0564870E-05
1467.00,5.0467680E-05
1468.00,5.0372400E-05
1469.00,5.0280210E-05
1470.00,5.0192300E-05
1471.00,5.0136660E-05
1472.00,5.0086030E-05
1473.00,5.0039960E-05
1474.00,4.9997990E-05
1475.00,4.9959700E-05
1476.00,4.9924630E-05
1477.00,4.9892320E-05
1478.00,4.9862350E-05
1479.00,4.9834260E-05
1480.00,4.9807600E-05
1481.00,4.9782090E-05
1482.00,4.9757100E-05
1483.00,4.9732200E-05
1484.00,4.9706910E-05
1485.00,4.9680790E-05
1486.00,4.9653380E-05
1487.00,4.9624220E-05
1488.00,4.9592860E-05
1489.00,4.9558840E-05
1490.00,4.9521700E-05
1491.00,4.9469150E-05
1492.00,4.9413300E-05
1493.00,4.9354400E-05
1494.00,4.9292710E-05
1495.00,4.9228490E-05
1496.00,4.9162020E-05
1497.00,4.9093540E-05
1498.00,4.9023320E-05
1499.00,4.8951620E-05
1500.00,4.8878700E-05
1501.00,4.8807840E-05
1502.00,4.8736100E-05
1503.00,4.8663560E-05
1504.00,4.8590310E-05
1505.00,4.8516410E-05
1506.00,4.8441960E-05
1507.00,4.8367020E-05
1508.00,4.8291680E-05
1509.00,4.8216010E-05
1510.00,4.8140100E-05
1511.00,4.8064570E-05
1512.00,4.7988910E-05
1513.00,4.7913190E-05
1514.00,4.7837430E-05
1515.00,4.7761690E-05
1516.00,4.7686020E-05
1517.00,4.7610460E-05
1518.00,4.7535060E-05
1519.00,4.7459850E-05
1520.00,4.7384900E-05
1521.00,4.7311040E-05
1522.00,4.7237480E-05
1523.00,4.7164200E-05
1524.00,4.7091210E-05
1525.00,4.7018510E-05
1526.00,4.6946090E-05
1527.00,4.6873960E-05
1528.00,4.6802100E-05
1529.00,4.6730510E-05
1530.00,4.6659200E-05
1531.00,4.6587120E-05
1532.00,4.6515380E-05
1533.00,4.6444030E-05
1534.00,4.6373130E-05
1535.00,4.6302740E-05
1536.00,4.6232920E-05
1537.00,4.6163740E-05
1538.00,4.6095250E-05
1539.00,4.6027520E-05
1540.00,4.5960600E-05
1541.00,4.5896670E-05
1542.00,4.5833560E-05
1543.00,4.5771180E-05
1544.00,4.5709470E-05
1545.00,4.5648360E-05
1546.00,4.5587790E-05
1547.00,4.5527690E-05
1548.00,4.5467980E-05
1549.00,4.5408610E-05
1550.00,4.5349500E-05
1551.00,4.5291780E-05
1552.00,4.5234110E-05
1553.00,4.5176360E-05
1554.00,4.5118380E-05
1555.00,4.5060040E-05
1556.00,4.5001190E-05
1557.00,4.4941690E-05
1558.00,4.4881400E-05
1559.00,4.4820180E-05
1560.00,4.4757900E-05
1561.00,4.4687590E-05
1562.00,4.4616340E-05
1563.00,4.4544430E-05
1564.00,4.4472130E-05
1565.00,4.4399710E-05
1566.00,4.4327450E-05
1567.00,4.4255610E-05
1568.00,4.4184480E-05
1569.00,4.4114320E-05
1570.00,4.4045400E-05
1571.00,4.3986480E-05
1572.00,4.3928840E-05
1573.00,4.3872240E-05
1574.00,4.3816430E-05
1575.00,4.3761180E-05
1576.00,4.3706240E-05
1577.00,4.3651380E-05
1578.00,4.3596340E-05
1579.00,4.3540900E-05
1580.00,4.3484800E-05
1581.00,4.3422370E-05
1582.00,4.3359140E-05
1583.00,4.3295190E-05
1584.00,4.3230620E-05
1585.00,4.3165510E-05
1586.00,4.3099950E-05
1587.00,4.3034030E-05
1588.00,4.2967840E-05
1589.00,4.2901470E-05
1590.00,4.2835000E-05
1591.00,4.2771700E-05
1592.00,4.2708290E-05
1593.00,4.2644670E-05
1594.00,4.2580730E-05
1595.00,4.2516370E-05
1596.00,4.2451480E-05
1597.00,4.2385970E-05
1598.00,4.2319720E-05
1599.00,4.2252630E-05
1600.00,4.2184600E-05
1601.00,4.2112460E-05
1602.00,4.2039360E-05
1603.00,4.1965370E-05
1604.00,4.1890590E-05
1605.00,4.1815090E-05
1606.00,4.1738950E-05
1607.00,4.1662260E-05
1608.00,4.1585100E-05
1609.00,4.1507560E-05
1610.00,4.1429700E-05
1611.00,4.1355420E-05
1612.00,4.1280760E-05
1613.00,4.1205580E-05
1614.00,4.1129730E-05
1615.00,4.1053070E-05
1616.00,4.0975440E-05
1617.00,4.0896690E-05
1618.00,4.0816690E-05
1619.00,4.0735270E-05
1620.00,4.0652300E-05
1621.00,4.0561420E-05
1622.00,4.0469070E-05
1623.00,4.0375470E-05
1624.00,4.0280840E-05
1625.00,4.0185410E-05
1626.00,4.0089420E-05
1627.00,3.9993080E-05
1628.00,3.9896630E-05
1629.00,3.9800300E-05
1630.00,3.9704300E-05
1631.00,3.9615410E-05
1632.00,3.9526910E-05
1633.00,3.9438650E-05
1634.00,3.9350450E-05
1635.00,3.9262140E-05
1636.00,3.9173560E-05
1637.00,3.9084530E-05
1638.00,3.8994890E-05
1639.00,3.8904470E-05
1640.00,3.8813100E-05
1641.00,3.8716090E-05
1642.00,3.8618060E-05
1643.00,3.8519130E-05
1644.00,3.8419390E-05
1645.00,3.8318960E-05
1646.00,3.8217930E-05
1647.00,3.8116410E-05
1648.00,3.8014520E-05
1649.00,3.7912340E-05
1650.00,3.7810000E-05
1651.00,3.7711890E-05
1652.00,3.7613550E-05
1653.00,3.7514840E-05
1654.00,3.7415600E-05
1655.00,3.7315670E-05
1656.00,3.7214900E-05
1657.00,3.7113130E-05
1658.00,3.7010210E-05
1659.00,3.6905990E-05
1660.00,3.6800300E-05
1661.00,3.6687010E-05
1662.00,3.6572320E-05
1663.00,3.6456420E-05
1664.00,3.6339530E-05
1665.00,3.6221850E-05
1666.00,3.6103590E-05
1667.00,3.5984960E-05
1668.00,3.5866160E-05
1669.00,3.5747410E-05
1670.00,3.5628900E-05
1671.00,3.5513440E-05
1672.00,3.5398480E-05
1673.00,3.5284090E-05
1674.00,3.5170300E-05
1675.00,3.5057170E-05
1676.00,3.4944760E-05
1677.00,3.4833100E-05
1678.00,3.4722260E-05
1679.00,3.4612270E-05
1680.00,3.4503200E-05
1681.00,3.4395800E-05
1682.00,3.4289370E-05
1683.00,3.4183920E-05
1684.00,3.4079450E-05
1685.00,3.3975980E-05
1686.00,3.3873510E-05
1687.00,3.3772050E-05
1688.00,3.3671610E-05
1689.00,3.3572190E-05
1690.00,3.3473800E-05
1691.00,3.3374850E-05
1692.00,3.3277050E-05
1693.00,3.3180490E-05
1694.00,3.3085290E-05
1695.00,3.2991550E-05
1696.00,3.2899370E-05
1697.00,3.2808860E-05
1698.00,3.2720130E-05
1699.00,3.2633270E-05
1700.00,3.2548400E-05
1701.00,3.2468290E-05
1702.00,3.2390210E-05
1703.00,3.2314100E-05
1704.00,3.2239910E-05
1705.00,3.2167580E-05
1706.00,3.2097040E-05
1707.00,3.2028260E-05
1708.00,3.1961160E-05
1709.00,3.1895690E-05
1710.00,3.1831800E-05
1711.00,3.1769340E-05
1712.00,3.1708340E-05
1713.00,3.1648750E-05
1714.00,3.1590530E-05
1715.00,3.1533610E-05
1716.00,3.1477940E-05
1717.00,3.1423480E-05
1718.00,3.1370170E-05
1719.00,3.1317960E-05
1720.00,3.1266800E-05
1721.00,3.1212520E-05
1722.00,3.1159430E-05
1723.00,3.1107730E-05
1724.00,3.1057620E-05
1725.00,3.1009290E-05
1726.00,3.0962940E-05
1727.00,3.0918770E-05
1728.00,3.0876970E-05
1729.00,3.0837750E-05
1730.00,3.0801300E-05
1731.00,3.0773280E-05
1732.00,3.0748100E-05
1733.00,3.0725610E-05
1734.00,3.0705690E-05
1735.00,3.0688190E-05
1736.00,3.0673000E-05
1737.00,3.0659970E-05
1738.00,3.0648960E-05
1739.00,3.0639850E-05
1740.00,3.0632500E-05
1741.00,3.0628320E-05
1742.00,3.0625540E-05
1743.00,3.0623940E-05
1744.00,3.0623270E-05
1745.00,3.0623320E-05
1746.00,3.0623850E-05
1747.00,3.0624650E-05
1748.00,3.0625470E-05
1749.00,3.0626100E-05
1750.00,3.0626300E-05
1751.00,3.0624490E-05
1752.00,3.0621890E-05
1753.00,3.0618340E-05
1754.00,3.0613700E-05
1755.00,3.0607830E-05
1756.00,3.0600570E-05
1757.00,3.0591780E-05
1758.00,3.0581320E-05
1759.00,3.0569040E-05
1760.00,3.0554800E-05
1761.00,3.0536760E-05
1762.00,3.0516560E-05
1763.00,3.0494170E-05
1764.00,3.0469530E-05
1765.00,3.0442610E-05
1766.00,3.0413360E-05
1767.00,3.0381740E-05
1768.00,3.0347700E-05
1769.00,3.0311200E-05
1770.00,3.0272200E-05
1771.00,3.0229950E-05
1772.00,3.0185140E-05
1773.00,3.0137790E-05
1774.00,3.0087890E-05
1775.00,3.0035440E-05
1776.00,2.9980440E-05
1777.00,2.9922890E-05
1778.00,2.9862780E-05
1779.00,2.9800120E-05
1780.00,2.9734900E-05
1781.00,2.9665960E-05
1782.00,2.9594520E-05
1783.00,2.9520680E-05
1784.00,2.9444490E-05
1785.00,2.9366020E-05
1786.00,2.9285350E-05
1787.00,2.9202540E-05
1788.00,2.9117660E-05
1789.00,2.9030790E-05
1790.00,2.8942000E-05
1791.00,2.8850380E-05
1792.00,2.8757040E-05
1793.00,2.8662100E-05
1794.00,2.8565690E-05
1795.00,2.8467940E-05
1796.00,2.8368980E-05
1797.00,2.8268930E-05
1798.00,2.8167940E-05
1799.00,2.8066120E-05
1800.00,2.7963600E-05
1801.00,2.7865580E-05
1802.00,2.7766820E-05
1803.00,2.7667130E-05
1804.00,2.7566340E-05
1805.00,2.7464270E-05
1806.00,2.7360740E-05
1807.00,2.7255580E-05
1808.00,2.7148600E-05
1809.00,2.7039640E-05
1810.00,2.6928500E-05
1811.00,2.6805870E-05
1812.00,2.6681270E-05
1813.00,2.6555070E-05
1814.00,2.6427650E-05
1815.00,2.6299390E-05
1816.00,2.6170660E-05
1817.00,2.6041840E-05
1818.00,2.5913310E-05
1819.00,2.5785430E-05
1820.00,2.5658600E-05
1821.00,2.5539520E-05
1822.00,2.5421850E-05
1823.00,2.5305580E-05
1824.00,2.5190690E-05
1825.00,2.5077190E-05
1826.00,2.4965060E-05
1827.00,2.4854290E-05
1828.00,2.4744880E-05
1829.00,2.4636820E-05
1830.00,2.4530100E-05
1831.00,2.4423930E-05
1832.00,2.4319130E-05
1833.00,2.4215740E-05
1834.00,2.4113810E-05
1835.00,2.4013360E-05
1836.00,2.3914430E-05
1837.00,2.3817080E-05
1838.00,2.3721330E-05
1839.00,2.3627220E-05
1840.00,2.3534800E-05
1841.00,2.3439960E-05
1842.00,2.3347140E-05
1843.00,2.3256620E-05
1844.00,2.3168690E-05
1845.00,2.3083640E-05
1846.00,2.3001770E-05
1847.00,2.2923360E-05
1848.00,2.2848700E-05
1849.00,2.2778080E-05
1850.00,2.2711800E-05
1851.00,2.2667500E-05
1852.00,2.2627060E-05
1853.00,2.2589720E-05
1854.00,2.2554720E-05
1855.00,2.2521280E-05
1856.00,2.2488660E-05
1857.00,2.2456080E-05
1858.00,2.2422780E-05
1859.00,2.2388010E-05
1860.00,2.2351000E-05
1861.00,2.2285500E-05
1862.00,2.2217790E-05
1863.00,2.2148630E-05
1864.00,2.2078820E-05
1865.00,2.2009120E-05
1866.00,2.1940340E-05
1867.00,2.1873240E-05
1868.00,2.1808620E-05
1869.00,2.1747240E-05
1870.00,2.1689900E-05
1871.00,2.1665690E-05
1872.00,2.1645350E-05
1873.00,2.1627960E-05
1874.00,2.1612590E-05
1875.00,2.1598290E-05
1876.00,2.1584140E-05
1877.00,2.1569200E-05
1878.00,2.1552540E-05
1879.00,2.1533210E-05
1880.00,2.1510300E-05
1881.00,2.1460310E-05
1882.00,2.1406230E-05
1883.00,2.1348490E-05
1884.00,2.1287520E-05
1885.00,2.1223750E-05
1886.00,2.1157620E-05
1887.00,2.1089560E-05
1888.00,2.1019990E-05
1889.00,2.0949360E-05
1890.00,2.0878100E-05
1891.00,2.0811340E-05
1892.00,2.0744520E-05
1893.00,2.0677790E-05
1894.00,2.0611310E-05
1895.00,2.0545210E-05
1896.00,2.0479650E-05
1897.00,2.0414770E-05
1898.00,2.0350720E-05
1899.00,2.0287650E-05
1900.00,2.0225700E-05
1901.00,2.0167620E-05
1902.00,2.0110800E-05
1903.00,2.0055230E-05
1904.00,2.0000900E-05
1905.00,1.9947810E-05
1906.00,1.9895940E-05
1907.00,1.9845290E-05
1908.00,1.9795830E-05
1909.00,1.9747580E-05
1910.00,1.9700500E-05
1911.00,1.9651360E-05
1912.00,1.9603580E-05
1913.00,1.9557340E-05
1914.00,1.9512840E-05
1915.00,1.9470260E-05
1916.00,1.9429790E-05
1917.00,1.9391610E-05
1918.00,1.9355910E-05
1919.00,1.9322880E-05
1920.00,1.9292700E-05
1921.00,1.9274520E-05
1922.00,1.9259020E-05
1923.00,1.9245860E-05
1924.00,1.9234660E-05
1925.00,1.9225070E-05
1926.00,1.9216750E-05
1927.00,1.9209330E-05
1928.00,1.9202450E-05
1929.00,1.9195760E-05
1930.00,1.9188900E-05
1931.00,1.9177770E-05
1932.00,1.9165990E-05
1933.00,1.9153430E-05
1934.00,1.9139950E-05
1935.00,1.9125440E-05
1936.00,1.9109750E-05
1937.00,1.9092760E-05
1938.00,1.9074340E-05
1939.00,1.9054370E-05
1940.00,1.9032700E-05
1941.00,1.9004950E-05
1942.00,1.8975520E-05
1943.00,1.8944520E-05
1944.00,1.8912090E-05
1945.00,1.8878360E-05
1946.00,1.8843460E-05
1947.00,1.8807510E-05
1948.00,1.8770650E-05
1949.00,1.8733000E-05
1950.00,1.8694700E-05
1951.00,1.8659760E-05
1952.00,1.8624180E-05
1953.00,1.8587870E-05
1954.00,1.8550700E-05
1955.00,1.8512580E-05
1956.00,1.8473400E-05
1957.00,1.8433040E-05
1958.00,1.8391420E-05
1959.00,1.8348400E-05
1960.00,1.8303900E-05
1961.00,1.8257010E-05
1962.00,1.8208470E-05
1963.00,1.8158210E-05
1964.00,1.8106170E-05
1965.00,1.8052310E-05
1966.00,1.7996550E-05
1967.00,1.7938830E-05
1968.00,1.7879110E-05
1969.00,1.7817320E-05
1970.00,1.7753400E-05
1971.00,1.7684250E-05
1972.00,1.7613040E-05
1973.00,1.7539890E-05
1974.00,1.7464920E-05
1975.00,1.7388280E-05
1976.00,1.7310060E-05
1977.00,1.7230410E-05
1978.00,1.7149450E-05
1979.00,1.7067310E-05
1980.00,1.6984100E-05
1981.00,1.6901710E-05
1982.00,1.6818400E-05
1983.00,1.6734190E-05
1984.00,1.6649100E-05
1985.00,1.6563160E-05
1986.00,1.6476370E-05
1987.00,1.6388760E-05
1988.00,1.6300350E-05
1989.00,1.6211160E-05
1990.00,1.6121200E-05
1991.00,1.6028920E-05
1992.00,1.5936020E-05
1993.00,1.5842600E-05
1994.00,1.5748770E-05
1995.00,1.5654660E-05
1996.00,1.5560380E-05
1997.00,1.5466040E-05
1998.00,1.5371750E-05
1999.00,1.5277630E-05
2000.00,1.5183800E-05
2001.00,1.5092520E-05
2002.00,1.5001610E-05
2003.00,1.4911080E-05
2004.00,1.4820900E-05
2005.00,1.4731050E-05
2006.00,1.4641520E-05
2007.00,1.4552300E-05
2008.00,1.4463370E-05
2009.00,1.4374700E-05
2010.00,1.4286300E-05
2011.00,1.4197360E-05
2012.00,1.4108680E-05
2013.00,1.4020320E-05
2014.00,1.3932280E-05
2015.00,1.3844620E-05
2016.00,1.3757350E-05
2017.00,1.3670520E-05
2018.00,1.3584140E-05
2019.00,1.3498260E-05
2020.00,1.3412900E-05
2021.00,1.3327210E-05
2022.00,1.3242170E-05
2023.00,1.3157850E-05
2024.00,1.3074340E-05
2025.00,1.2991730E-05
2026.00,1.2910100E-05
2027.00,1.2829540E-05
2028.00,1.2750130E-05
2029.00,1.2671950E-05
2030.00,1.2595100E-05
2031.00,1.2521480E-05
2032.00,1.2449250E-05
2033.00,1.2378370E-05
2034.00,1.2308820E-05
2035.00,1.2240570E-05
2036.00,1.2173600E-05
2037.00,1.2107890E-05
2038.00,1.2043400E-05
2039.00,1.1980110E-05
2040.00,1.1918000E-05
2041.00,1.1856920E-05
2042.00,1.1796970E-05
2043.00,1.1738140E-05
2044.00,1.1680400E-05
2045.00,1.1623730E-05
2046.00,1.1568120E-05
2047.00,1.1513560E-05
2048.00,1.1460010E-05
2049.00,1.1407460E-05
2050.00,1.1355900E-05
2051.00,1.1306490E-05
2052.00,1.1257960E-05
2053.00,1.1210210E-05
2054.00,1.1163150E-05
2055.00,1.1116700E-05
2056.00,1.1070760E-05
2057.00,1.1025240E-05
2058.00,1.0980050E-05
2059.00,1.0935100E-05
2060.00,1.0890300E-05
2061.00,1.0844020E-05
2062.00,1.0797800E-05
2063.00,1.0751650E-05
2064.00,1.0705570E-05
2065.00,1.0659550E-05
2066.00,1.0613600E-05
2067.00,1.0567740E-05
2068.00,1.0521940E-05
2069.00,1.0476230E-05
2070.00,1.0430600E-05
2071.00,1.0385310E-05
2072.00,1.0340100E-05
2073.00,1.0294940E-05
2074.00,1.0249830E-05
2075.00,1.0204760E-05
2076.00,1.0159700E-05
2077.00,1.0114650E-05
2078.00,1.0069590E-05
2079.00,1.0024520E-05
2080.00,9.9794100E-06
2081.00,9.9335210E-06
2082.00,9.8876190E-06
2083.00,9.8417350E-06
2084.00,9.7959000E-06
2085.00,9.7501460E-06
2086.00,9.7045050E-06
2087.00,9.6590090E-06
2088.00,9.6136880E-06
2089.00,9.5685740E-06
2090.00,9.5237000E-06
2091.00,9.4808750E-06
2092.00,9.4382450E-06
2093.00,9.3957330E-06
2094.00,9.3532630E-06
2095.00,9.3107580E-06
2096.00,9.2681430E-06
2097.00,9.2253410E-06
2098.00,9.1822750E-06
2099.00,9.1388700E-06
2100.00,9.0950500E-06
2101.00,9.0480940E-06
2102.00,9.0007300E-06
2103.00,8.9530410E-06
2104.00,8.9051130E-06
2105.00,8.8570290E-06
2106.00,8.8088730E-06
2107.00,8.7607300E-06
2108.00,8.7126820E-06
2109.00,8.6648140E-06
2110.00,8.6172100E-06
2111.00,8.5697880E-06
2112.00,8.5228070E-06
2113.00,8.4763630E-06
2114.00,8.4305490E-06
2115.00,8.3854590E-06
2116.00,8.3411880E-06
2117.00,8.2978300E-06
2118.00,8.2554780E-06
2119.00,8.2142260E-06
2120.00,8.1741700E-06
2121.00,8.1352100E-06
2122.00,8.0976440E-06
2123.00,8.0615790E-06
2124.00,8.0271210E-06
2125.00,7.9943740E-06
2126.00,7.9634450E-06
2127.00,7.9344390E-06
2128.00,7.9074620E-06
2129.00,7.8826210E-06
2130.00,7.8600200E-06
2131.00,7.8419910E-06
2132.00,7.8262790E-06
2133.00,7.8128550E-06
2134.00,7.8016910E-06
2135.00,7.7927570E-06
2136.00,7.7860240E-06
2137.00,7.7814630E-06
2138.00,7.7790440E-06
2139.00,7.7787400E-06
2140.00,7.7805200E-06
2141.00,7.7836940E-06
2142.00,7.7889340E-06
2143.00,7.7962520E-06
2144.00,7.8056590E-06
2145.00,7.8171660E-06
2146.00,7.8307830E-06
2147.00,7.8465220E-06
2148.00,7.8643940E-06
2149.00,7.8844090E-06
2150.00,7.9065800E-06
2151.00,7.9312820E-06
2152.00,7.9581380E-06
2153.00,7.9871380E-06
2154.00,8.0182710E-06
2155.00,8.0515250E-06
2156.00,8.0868900E-06
2157.00,8.1243540E-06
2158.00,8.1639060E-06
2159.00,8.2055350E-06
2160.00,8.2492300E-06
2161.00,8.2975320E-06
2162.00,8.3477240E-06
2163.00,8.3996390E-06
2164.00,8.4531110E-06
2165.00,8.5079760E-06
2166.00,8.5640660E-06
2167.00,8.6212160E-06
2168.00,8.6792610E-06
2169.00,8.7380340E-06
2170.00,8.7973700E-06
2171.00,8.8568290E-06
2172.00,8.9165350E-06
2173.00,8.9763400E-06
2174.00,9.0360950E-06
2175.00,9.0956500E-06
2176.00,9.1548560E-06
2177.00,9.2135650E-06
2178.00,9.2716260E-06
2179.00,9.3288910E-06
2180.00,9.3852100E-06
2181.00,9.4378150E-06
2182.00,9.4893360E-06
2183.00,9.5397810E-06
2184.00,9.5891600E-06
2185.00,9.6374830E-06
2186.00,9.6847590E-06
2187.00,9.7309990E-06
2188.00,9.7762100E-06
2189.00,9.8204040E-06
2190.00,9.8635900E-06
2191.00,9.9066960E-06
2192.00,9.9487580E-06
2193.00,9.9897290E-06
2194.00,1.0029560E-05
2195.00,1.0068210E-05
2196.00,1.0105630E-05
2197.00,1.0141780E-05
2198.00,1.0176600E-05
2199.00,1.0210060E-05
2200.00,1.0242100E-05
2201.00,1.0273590E-05
2202.00,1.0303510E-05
2203.00,1.0331770E-05
2204.00,1.0358270E-05
2205.00,1.0382910E-05
2206.00,1.0405580E-05
2207.00,1.0426180E-05
2208.00,1.0444620E-05
2209.00,1.0460800E-05
2210.00,1.0474600E-05
2211.00,1.0481740E-05
2212.00,1.0486560E-05
2213.00,1.0489220E-05
2214.00,1.0489880E-05
2215.00,1.0488680E-05
2216.00,1.0485770E-05
2217.00,1.0481320E-05
2218.00,1.0475470E-05
2219.00,1.0468380E-05
2220.00,1.0460200E-05
2221.00,1.0456240E-05
2222.00,1.0451180E-05
2223.00,1.0444870E-05
2224.00,1.0437150E-05
2225.00,1.0427860E-05
2226.00,1.0416840E-05
2227.00,1.0403940E-05
2228.00,1.0388980E-05
2229.00,1.0371820E-05
2230.00,1.0352300E-05
2231.00,1.0322830E-05
2232.00,1.0291130E-05
2233.00,1.0257490E-05
2234.00,1.0222190E-05
2235.00,1.0185540E-05
2236.00,1.0147820E-05
2237.00,1.0109330E-05
2238.00,1.0070350E-05
2239.00,1.0031180E-05
2240.00,9.9921000E-06
2241.00,9.9599890E-06
2242.00,9.9281600E-06
2243.00,9.8965030E-06
2244.00,9.8649120E-06
2245.00,9.8332800E-06
2246.00,9.8014980E-06
2247.00,9.7694600E-06
2248.00,9.7370580E-06
2249.00,9.7041830E-06
2250.00,9.6707300E-06
2251.00,9.6345010E-06
2252.00,9.5976050E-06
2253.00,9.5600600E-06
2254.00,9.5218860E-06
2255.00,9.4831010E-06
2256.00,9.4437250E-06
2257.00,9.4037770E-06
2258.00,9.3632760E-06
2259.00,9.3222400E-06
2260.00,9.2806900E-06
2261.00,9.2388820E-06
2262.00,9.1965830E-06
2263.00,9.1537970E-06
2264.00,9.1105290E-06
2265.00,9.0667840E-06
2266.00,9.0225660E-06
2267.00,8.9778800E-06
2268.00,8.9327300E-06
2269.00,8.8871220E-06
2270.00,8.8410600E-06
2271.00,8.7934090E-06
2272.00,8.7453820E-06
2273.00,8.6970530E-06
2274.00,8.6484960E-06
2275.00,8.5997840E-06
2276.00,8.5509900E-06
2277.00,8.5021900E-06
2278.00,8.4534550E-06
2279.00,8.4048610E-06
2280.00,8.3564800E-06
2281.00,8.3068190E-06
2282.00,8.2576140E-06
2283.00,8.2090340E-06
2284.00,8.1612470E-06
2285.00,8.1144220E-06
2286.00,8.0687280E-06
2287.00,8.0243320E-06
2288.00,7.9814050E-06
2289.00,7.9401150E-06
2290.00,7.9006300E-06
2291.00,7.8704010E-06
2292.00,7.8418720E-06
2293.00,7.8147730E-06
2294.00,7.7888300E-06
2295.00,7.7637700E-06
2296.00,7.7393210E-06
2297.00,7.7152100E-06
2298.00,7.6911650E-06
2299.00,7.6669120E-06
2300.00,7.6421800E-06
2301.00,7.6126160E-06
2302.00,7.5822750E-06
2303.00,7.5511300E-06
2304.00,7.5191570E-06
2305.00,7.4863290E-06
2306.00,7.4526220E-06
2307.00,7.4180100E-06
2308.00,7.3824680E-06
2309.00,7.3459700E-06
2310.00,7.3084900E-06
2311.00,7.2670440E-06
2312.00,7.2247450E-06
2313.00,7.1817470E-06
2314.00,7.1382040E-06
2315.00,7.0942710E-06
2316.00,7.0501000E-06
2317.00,7.0058470E-06
2318.00,6.9616650E-06
2319.00,6.9177080E-06
2320.00,6.8741300E-06
2321.00,6.8336050E-06
2322.00,6.7936130E-06
2323.00,6.7541580E-06
2324.00,6.7152390E-06
2325.00,6.6768580E-06
2326.00,6.6390170E-06
2327.00,6.6017160E-06
2328.00,6.5649570E-06
2329.00,6.5287410E-06
2330.00,6.4930700E-06
2331.00,6.4587160E-06
2332.00,6.4248620E-06
2333.00,6.3914630E-06
2334.00,6.3584730E-06
2335.00,6.3258470E-06
2336.00,6.2935390E-06
2337.00,6.2615040E-06
2338.00,6.2296960E-06
2339.00,6.1980700E-06
2340.00,6.1665800E-06
2341.00,6.1322010E-06
2342.00,6.0980470E-06
2343.00,6.0642550E-06
2344.00,6.0309590E-06
2345.00,5.9982940E-06
2346.00,5.9663960E-06
2347.00,5.9353990E-06
2348.00,5.9054390E-06
2349.00,5.8766510E-06
2350.00,5.8491700E-06
2351.00,5.8278290E-06
2352.00,5.8077810E-06
2353.00,5.7888750E-06
2354.00,5.7709630E-06
2355.00,5.7538940E-06
2356.00,5.7375200E-06
2357.00,5.7216900E-06
2358.00,5.7062540E-06
2359.00,5.6910640E-06
2360.00,5.6759700E-06
2361.00,5.6572640E-06
2362.00,5.6385700E-06
2363.00,5.6199540E-06
2364.00,5.6014820E-06
2365.00,5.5832200E-06
2366.00,5.5652340E-06
2367.00,5.5475900E-06
2368.00,5.5303540E-06
2369.00,5.5135920E-06
2370.00,5.4973700E-06
2371.00,5.4835610E-06
2372.00,5.4703140E-06
2373.00,5.4575860E-06
2374.00,5.4453330E-06
2375.00,5.4335130E-06
2376.00,5.4220810E-06
2377.00,5.4109950E-06
2378.00,5.4002100E-06
2379.00,5.3896820E-06
2380.00,5.3793700E-06
2381.00,5.3686830E-06
2382.00,5.3581570E-06
2383.00,5.3477810E-06
2384.00,5.3375450E-06
2385.00,5.3274390E-06
2386.00,5.3174510E-06
2387.00,5.3075720E-06
2388.00,5.2977900E-06
2389.00,5.2880970E-06
2390.00,5.2784800E-06
2391.00,5.2686300E-06
2392.00,5.2588550E-06
2393.00,5.2491610E-06
2394.00,5.2395580E-06
2395.00,5.2300520E-06
2396.00,5.2206520E-06
2397.00,5.2113650E-06
2398.00,5.2021990E-06
2399.00,5.1931610E-06
2400.00,5.1842600E-06
2401.00,5.1765860E-06
2402.00,5.1689980E-06
2403.00,5.1614390E-06
2404.00,5.1538500E-06
2405.00,5.1461730E-06
2406.00,5.1383510E-06
2407.00,5.1303260E-06
2408.00,5.1220390E-06
2409.00,5.1134330E-06
2410.00,5.1044500E-06
2411.00,5.0928430E-06
2412.00,5.0808760E-06
2413.00,5.0686230E-06
2414.00,5.0561590E-06
2415.00,5.0435600E-06
2416.00,5.0308990E-06
2417.00,5.0182520E-06
2418.00,5.0056940E-06
2419.00,4.9932980E-06
2420.00,4.9811400E-06
2421.00,4.9711530E-06
2422.00,4.9614410E-06
2423.00,4.9519660E-06
2424.00,4.9426900E-06
2425.00,4.9335740E-06
2426.00,4.9245820E-06
2427.00,4.9156760E-06
2428.00,4.9068170E-06
2429.00,4.8979680E-06
2430.00,4.8890900E-06
2431.00,4.8795800E-06
2432.00,4.8700000E-06
2433.00,4.8603470E-06
2434.00,4.8506170E-06
2435.00,4.8408070E-06
2436.00,4.8309130E-06
2437.00,4.8209320E-06
2438.00,4.8108600E-06
2439.00,4.8006940E-06
2440.00,4.7904300E-06
2441.00,4.7797500E-06
2442.00,4.7689840E-06
2443.00,4.7581480E-06
2444.00,4.7472570E-06
2445.00,4.7363260E-06
2446.00,4.7253720E-06
2447.00,4.7144100E-06
2448.00,4.7034550E-06
2449.00,4.6925230E-06
2450.00,4.6816300E-06
2451.00,4.6713920E-06
2452.00,4.6611860E-06
2453.00,4.6509930E-06
2454.00,4.6407920E-06
2455.00,4.6305610E-06
2456.00,4.6202790E-06
2457.00,4.6099260E-06
2458.00,4.5994810E-06
2459.00,4.5889220E-06
2460.00,4.5782300E-06
2461.00,4.5670840E-06
2462.00,4.5557810E-06
2463.00,4.5443170E-06
2464.00,4.5326900E-06
2465.00,4.5208960E-06
2466.00,4.5089340E-06
2467.00,4.4968000E-06
2468.00,4.4844920E-06
2469.00,4.4720060E-06
2470.00,4.4593400E-06
2471.00,4.4457770E-06
2472.00,4.4320720E-06
2473.00,4.4182650E-06
2474.00,4.4043960E-06
2475.00,4.3905060E-06
2476.00,4.3766360E-06
2477.00,4.3628260E-06
2478.00,4.3491160E-06
2479.00,4.3355470E-06
2480.00,4.3221600E-06
2481.00,4.3133420E-06
2482.00,4.3045230E-06
2483.00,4.2954800E-06
2484.00,4.2859890E-06
2485.00,4.2758290E-06
2486.00,4.2647750E-06
2487.00,4.2526060E-06
2488.00,4.2390970E-06
2489.00,4.2240260E-06
2490.00,4.2071700E-06
2491.00,4.1883060E-06
2492.00,4.1672110E-06
2493.00,4.1436620E-06
2494.00,4.1174350E-06
2495.00,4.0883090E-06
2496.00,4.0560590E-06
2497.00,4.0204640E-06
2498.00,3.9812990E-06
2499.00,3.9383420E-06
2500.00,3.8913700E-06
