Time (s),TC1 (C),TC2 (C)
0.0,23.0,23.25
0.015,23.0,22.75
0.03,23.0,22.75
0.045,23.0,22.75
0.06,23.0,22.75
0.075,23.0,22.75
0.09,23.0,23.25
0.105,23.0,23.25
0.12,23.0,23.25
0.135,23.0,23.25
0.15,23.0,23.25
0.165,23.0,23.0
0.18,23.0,23.0
0.195,23.0,23.0
0.21,23.0,23.0
0.225,23.0,23.0
0.24,23.0,23.25
0.255,23.0,23.25
0.27,23.0,23.25
0.285,23.0,23.25
0.3,23.0,23.25
0.315,23.0,23.25
0.33,23.0,23.25
0.345,23.0,23.25
0.36,23.0,23.25
0.375,23.0,23.25
0.39,23.0,23.25
0.405,23.0,23.25
0.42,23.0,23.25
0.435,23.0,23.25
0.45,23.0,23.25
0.465,23.0,23.25
0.48,23.0,23.25
0.495,23.0,23.25
0.51,23.0,23.25
0.525,23.0,23.25
0.54,23.0,23.25
0.555,23.0,23.25
0.57,23.0,23.25
0.585,23.0,23.25
0.6,23.0,23.25
0.615,23.0,23.25
0.63,23.0,23.25
0.645,23.0,23.25
0.66,23.0,23.25
0.675,23.0,23.25
0.69,23.0,23.25
0.705,23.0,23.25
0.72,23.0,23.25
0.735,23.0,23.25
0.75,23.0,23.25
0.765,23.0,23.25
0.78,23.0,23.25
0.795,23.0,23.25
0.81,23.0,23.25
0.825,23.0,23.25
0.84,23.0,23.25
0.855,23.0,23.25
0.87,23.0,23.25
0.885,23.0,23.25
0.9,23.0,23.25
0.915,23.0,23.25
0.93,23.0,23.25
0.945,23.0,23.25
0.96,23.0,23.25
0.975,23.0,23.25
0.99,23.0,23.25
1.005,23.0,23.25
1.02,23.0,23.25
1.035,23.0,23.25
1.05,23.0,23.25
1.065,23.0,23.25
1.08,23.0,23.25
1.095,23.0,23.25
1.11,23.0,23.25
1.125,23.0,23.25
1.14,23.0,23.25
1.155,23.0,23.25
1.17,23.0,23.25
1.185,23.0,23.25
1.2,23.0,23.25
1.215,23.0,23.25
1.23,23.0,23.25
1.245,23.0,23.25
1.26,23.0,23.25
1.275,23.0,23.25
1.29,23.0,23.25
1.305,23.0,23.25
1.32,23.0,23.25
1.335,23.0,23.25
1.35,23.0,23.25
1.365,23.0,23.25
1.38,23.0,23.25
1.395,23.0,23.25
1.41,23.0,23.25
1.425,23.0,23.25
1.44,23.0,23.25
1.455,23.0,23.25
1.47,23.0,23.25
1.485,23.0,23.25
1.5,23.0,23.25
1.515,23.0,23.25
1.53,23.0,23.25
1.545,23.0,23.25
1.56,23.0,23.25
1.575,23.0,23.25
1.59,23.0,23.25
1.605,23.0,23.25
1.62,23.0,23.25
1.635,23.0,23.25
1.65,23.0,23.25
1.665,23.0,23.25
1.68,23.0,23.25
1.695,23.0,23.25
1.71,23.0,23.25
1.725,23.0,23.25
1.74,23.0,23.25
1.755,23.0,23.25
1.77,23.0,23.25
1.785,23.0,23.25
1.8,23.0,23.25
1.815,23.0,23.25
1.83,23.0,23.25
1.845,23.0,23.25
1.86,23.0,23.25
1.875,23.0,23.25
1.89,23.0,23.5
1.905,23.0,23.5
1.92,23.0,23.5
1.935,23.0,23.5
1.95,23.0,23.5
1.965,23.0,23.5
1.98,23.0,23.5
1.995,23.0,23.5
2.01,23.0,23.5
2.025,23.0,23.5
2.04,23.0,23.5
2.055,23.0,23.5
2.07,23.0,23.5
2.085,23.0,23.5
2.1,23.0,23.5
2.115,23.0,23.5
2.13,23.0,23.5
2.145,23.0,23.5
2.16,23.0,23.5
2.175,23.0,23.5
2.19,23.0,23.5
2.205,23.0,23.5
2.22,23.0,23.5
2.235,23.0,23.5
2.25,23.0,24.75
2.265,23.0,24.75
2.28,23.0,24.75
2.295,23.0,24.75
2.31,23.0,24.75
2.325,23.0,27.75
2.34,23.0,27.75
2.355,23.0,27.75
2.37,23.0,27.75
2.385,23.0,27.75
2.4,23.0,31.5
2.415,23.0,31.5
2.43,23.0,31.5
2.445,23.0,31.5
2.46,23.0,31.5
2.475,23.0,35.25
2.49,23.0,35.25
2.505,23.0,35.25
2.52,23.0,35.25
2.535,23.0,35.25
2.55,23.0,38.5
2.565,23.0,38.5
2.58,23.0,38.5
2.595,23.0,38.5
2.61,23.0,38.5
2.625,23.0,41.25
2.64,23.0,41.25
2.655,23.0,41.25
2.67,23.0,41.25
2.685,22.75,41.25
2.7,22.75,43.25
2.715,22.75,43.25
2.73,22.75,43.25
2.745,22.75,43.25
2.76,23.0,43.25
2.775,23.0,44.75
2.79,23.0,44.75
2.805,23.0,44.75
2.82,23.0,44.75
2.835,23.0,44.75
2.85,23.0,46.0
2.865,23.0,46.0
2.88,23.0,46.0
2.895,23.0,46.0
2.91,23.0,46.0
2.925,23.0,47.25
2.94,23.0,47.25
2.955,23.0,47.25
2.97,23.0,47.25
2.985,23.0,47.25
3.0,23.0,48.0
3.015,23.0,48.0
3.03,23.0,48.0
3.045,23.0,48.0
3.06,23.0,48.0
3.075,23.0,49.0
3.09,23.0,49.0
3.105,23.0,49.0
3.12,23.0,49.0
3.135,23.0,49.0
3.15,23.0,49.75
3.165,23.0,49.75
3.18,23.0,49.75
3.195,23.0,49.75
3.21,23.0,49.75
3.225,23.0,50.5
3.24,23.0,50.5
3.255,23.0,50.5
3.27,23.0,50.5
3.285,23.0,50.5
3.3,23.0,51.0
3.315,23.0,51.0
3.33,23.0,51.0
3.345,23.0,51.0
3.36,23.0,51.0
3.375,23.0,51.25
3.39,23.0,51.25
3.405,23.0,51.25
3.42,23.0,51.25
3.435,23.0,51.25
3.45,23.0,51.75
3.465,23.0,51.75
3.48,23.0,51.75
3.495,23.0,51.75
3.51,23.0,51.75
3.525,23.0,52.25
3.54,23.0,52.25
3.555,23.0,52.25
3.57,23.0,52.25
3.585,23.0,52.25
3.6,23.0,52.5
3.615,23.0,52.5
3.63,23.0,52.5
3.645,23.0,52.5
3.66,23.0,52.5
3.675,23.0,53.0
3.69,23.0,53.0
3.705,23.0,53.0
3.72,23.0,53.0
3.735,23.0,53.0
3.75,23.0,53.5
3.765,23.0,53.5
3.78,23.0,53.5
3.795,23.0,53.5
3.81,23.0,53.5
3.825,23.0,53.75
3.84,23.0,53.75
3.855,23.0,53.75
3.87,22.75,53.75
3.885,22.75,53.75
3.9,22.75,54.0
3.915,22.75,54.0
3.93,22.75,54.0
3.945,23.0,54.0
3.96,23.0,54.25
3.975,23.0,54.25
3.99,23.0,54.25
4.005,23.0,54.25
4.02,23.0,54.25
4.035,23.0,54.5
4.05,23.0,54.5
4.065,23.0,54.5
4.08,23.0,54.5
4.095,23.0,54.5
4.11,23.0,54.75
4.125,23.0,54.75
4.14,23.0,54.75
4.155,23.0,54.75
4.17,23.0,54.75
4.185,23.0,55.0
4.2,23.0,55.0
4.215,23.0,55.0
4.23,23.0,55.0
4.245,23.0,55.0
4.26,23.0,55.0
4.275,23.0,55.0
4.29,23.0,55.0
4.305,23.0,55.0
4.32,23.0,55.0
4.335,23.0,55.25
4.35,23.0,55.25
4.365,23.0,55.25
4.38,23.0,55.25
4.395,23.0,55.25
4.41,23.0,55.25
4.425,23.0,55.25
4.44,23.0,55.25
4.455,23.0,55.25
4.47,23.0,55.25
4.485,23.0,55.25
4.5,23.0,55.25
4.515,23.0,55.25
4.53,23.0,55.25
4.545,23.0,55.25
4.56,23.0,55.25
4.575,23.0,55.25
4.59,23.0,55.25
4.605,23.0,55.25
4.62,23.0,55.25
4.635,23.0,55.25
4.65,23.0,55.25
4.665,23.0,55.25
4.68,23.0,55.25
4.695,23.0,55.25
4.71,23.0,55.25
4.725,23.0,55.25
4.74,23.0,55.25
4.755,23.0,55.25
4.77,23.0,55.25
4.785,23.0,55.25
4.8,23.0,55.25
4.815,23.0,55.25
4.83,23.0,55.25
4.845,23.0,55.25
4.86,23.0,55.5
4.875,23.0,55.5
4.89,23.0,55.5
4.905,23.0,55.5
4.92,23.0,55.5
4.935,23.0,55.0
4.95,23.0,55.0
4.965,23.0,55.0
4.98,23.0,55.0
4.995,23.0,55.0
5.01,23.0,55.25
5.025,23.0,55.25
5.04,23.0,55.25
5.055,23.0,55.25
5.07,23.0,55.25
5.085,23.0,55.25
5.1,23.0,55.25
5.115,23.0,55.25
5.13,23.0,55.25
5.145,23.0,55.25
5.16,23.0,55.0
5.175,23.0,55.0
5.19,23.0,55.0
5.205,23.0,55.0
5.22,23.0,55.0
5.235,23.0,55.0
5.25,23.0,55.0
5.265,23.0,55.0
5.28,23.0,55.0
5.295,23.0,55.0
5.31,23.0,55.0
5.325,23.0,55.0
5.34,23.0,55.0
5.355,23.0,55.0
5.37,23.0,55.0
5.385,23.0,55.0
5.4,23.0,55.0
5.415,23.0,55.0
5.43,23.0,55.0
5.445,23.0,55.0
5.46,23.0,55.0
5.475,23.0,55.0
5.49,23.0,55.0
5.505,23.0,55.0
5.52,23.0,55.0
5.535,23.0,55.0
5.55,23.0,55.0
5.565,23.0,55.0
5.58,23.0,55.0
5.595,23.0,55.0
5.61,23.0,55.0
5.625,23.0,55.0
5.64,23.0,55.0
5.655,23.0,55.0
5.67,23.0,55.0
5.685,23.0,55.0
5.7,23.0,55.0
5.715,23.0,55.0
5.73,22.75,55.0
5.745,22.75,55.0
5.76,22.75,55.0
5.775,22.75,55.0
5.79,22.75,55.0
5.805,23.0,55.0
5.82,23.0,55.0
5.835,23.0,54.75
5.85,23.0,54.75
5.865,23.0,54.75
5.88,23.0,54.75
5.895,23.0,54.75
5.91,23.0,55.0
5.925,23.0,55.0
5.94,23.0,55.0
5.955,23.0,55.0
5.97,23.0,54.75
5.985,23.0,54.75
6.0,23.0,54.75
6.015,23.0,54.75
6.03,23.0,54.75
6.045,23.0,55.0
6.06,23.0,55.0
6.075,23.0,55.0
6.09,23.0,55.0
6.105,23.0,55.0
6.12,23.0,55.0
6.135,23.0,55.0
6.15,23.0,55.0
6.165,23.0,55.0
6.18,23.0,55.0
6.195,23.0,55.0
6.21,23.0,55.0
6.225,23.0,55.0
6.24,23.0,55.0
6.255,23.0,55.0
6.27,23.0,55.0
6.285,23.0,55.0
6.3,23.0,55.0
6.315,23.0,55.0
6.33,23.0,55.0
6.345,23.0,54.75
6.36,23.0,54.75
6.375,23.0,54.75
6.39,23.0,54.75
6.405,23.0,54.75
6.42,23.0,55.0
6.435,23.0,55.0
6.45,23.0,55.0
6.465,23.0,55.0
6.48,23.0,55.0
6.495,23.0,55.0
6.51,23.0,55.0
6.525,23.0,55.0
6.54,23.0,55.0
6.555,23.0,55.0
6.57,23.0,55.0
6.585,23.0,55.0
6.6,23.0,55.0
6.615,23.0,55.0
6.63,23.0,55.0
6.645,23.0,55.0
6.66,23.0,55.0
6.675,23.0,55.0
6.69,23.0,55.0
6.705,23.0,55.0
6.72,23.0,55.0
6.735,23.0,55.0
6.75,23.0,55.0
6.765,23.0,55.0
6.78,23.0,55.0
6.795,23.0,55.0
6.81,23.0,55.0
6.825,23.0,55.0
6.84,23.0,55.0
6.855,23.0,55.0
6.87,23.0,55.0
6.885,23.0,55.0
6.9,23.0,55.0
6.915,23.0,55.0
6.93,23.0,55.0
6.945,23.0,55.0
6.96,23.0,55.0
6.975,23.0,55.0
6.99,23.0,55.0
7.005,23.0,55.0
7.02,23.0,55.25
7.035,23.0,55.25
7.05,23.0,55.25
7.065,23.0,55.25
7.08,23.0,55.25
7.095,23.0,55.25
7.11,23.0,55.25
7.125,23.0,55.25
7.14,23.0,55.25
7.155,23.0,55.25
7.17,23.0,55.25
7.185,23.0,55.25
7.2,23.0,55.25
7.215,23.0,55.25
7.23,23.0,55.25
7.245,23.0,55.25
7.26,23.0,55.25
7.275,23.0,55.25
7.29,23.0,55.25
7.305,23.0,55.25
7.32,23.0,55.25
7.335,23.0,55.25
7.35,23.0,55.25
7.365,23.0,55.25
7.38,23.0,55.25
7.395,23.0,55.25
7.41,23.0,55.25
7.425,23.0,55.25
7.44,23.0,55.25
7.455,23.0,55.25
7.47,23.0,55.25
7.485,23.0,55.25
7.5,23.0,55.25
7.515,23.0,55.25
7.53,23.0,55.25
7.545,23.0,55.5
7.56,23.0,55.5
7.575,23.0,55.5
7.59,23.0,55.5
7.605,23.0,55.5
7.62,23.0,55.5
7.635,23.0,55.5
7.65,23.0,55.5
7.665,23.0,55.5
7.68,23.0,55.5
7.695,23.0,55.5
7.71,23.0,55.5
7.725,23.0,55.5
7.74,23.0,55.5
7.755,23.0,55.5
7.77,23.0,55.5
7.785,23.0,55.5
7.8,23.0,55.5
7.815,23.0,55.5
7.83,23.0,55.5
7.845,23.0,55.5
7.86,23.0,55.5
7.875,23.0,55.5
7.89,23.0,55.5
7.905,23.0,55.5
7.92,23.0,55.5
7.935,23.0,55.5
7.95,23.0,55.5
7.965,23.0,55.5
7.98,23.0,55.5
7.995,23.0,55.5
8.01,23.0,55.5
8.025,23.0,55.5
8.04,23.0,55.5
8.055,23.0,55.5
8.07,23.0,55.5
8.085,23.0,55.5
8.1,23.0,55.5
8.115,23.0,55.5
8.13,23.0,55.5
8.145,23.0,55.5
8.16,23.0,55.5
8.175,23.0,55.5
8.19,23.0,55.5
8.205,23.0,55.5
8.22,23.0,55.5
8.235,23.0,55.5
8.25,23.0,55.5
8.265,23.0,55.5
8.28,23.0,55.5
8.295,23.0,55.5
8.31,23.0,55.5
8.325,23.0,55.5
8.34,23.0,55.5
8.355,23.0,55.5
8.37,23.0,55.5
8.385,23.0,55.5
8.4,23.0,55.5
8.415,23.0,55.5
8.43,23.0,55.75
8.445,23.0,55.75
8.46,23.0,55.75
8.475,23.0,55.75
8.49,23.0,55.75
8.505,23.0,55.75
8.52,23.0,55.75
8.535,23.0,55.75
8.55,23.0,55.75
8.565,23.0,55.75
8.58,23.0,55.75
8.595,23.0,55.75
8.61,23.0,55.75
8.625,23.0,55.75
8.64,23.0,55.75
8.655,23.0,55.75
8.67,23.0,55.75
8.685,23.0,55.75
8.7,23.0,55.75
8.715,23.0,55.75
8.73,23.0,55.75
8.745,23.0,55.75
8.76,23.0,55.75
8.775,23.0,55.75
8.79,23.0,55.75
8.805,23.0,55.75
8.82,23.0,55.75
8.835,23.0,55.75
8.85,23.0,55.75
8.865,23.0,55.75
8.88,23.0,55.75
8.895,23.0,55.75
8.91,23.0,55.75
8.925,23.0,55.75
8.94,23.0,55.75
8.955,23.0,55.75
8.97,23.0,55.75
8.985,23.0,55.75
9.0,23.0,55.75
9.015,23.0,55.75
9.03,23.0,55.75
9.045,23.0,55.75
9.06,23.0,55.75
9.075,23.0,55.75
9.09,23.0,55.75
9.105,23.0,55.75
9.12,23.0,55.75
9.135,23.0,55.75
9.15,23.0,55.75
9.165,23.0,55.75
9.18,23.0,55.75
9.195,23.0,55.75
9.21,23.0,55.75
9.225,23.0,55.75
9.24,23.0,55.75
9.255,23.0,55.75
9.27,23.0,55.75
9.285,23.0,55.75
9.3,23.0,55.75
9.315,23.0,55.75
9.33,23.0,55.75
9.345,23.0,55.75
9.36,23.0,55.75
9.375,23.0,55.75
9.39,23.0,55.75
9.405,23.0,55.75
9.42,23.0,55.75
9.435,23.0,55.75
9.45,23.0,55.75
9.465,23.0,55.75
9.48,23.0,55.75
9.495,23.0,55.75
9.51,23.0,55.75
9.525,23.0,55.75
9.54,23.0,55.75
9.555,23.0,55.75
9.57,23.0,55.75
9.585,23.0,55.75
9.6,23.0,55.75
9.615,23.0,55.75
9.63,23.0,55.75
9.645,23.0,55.75
9.66,23.0,55.75
9.675,23.0,55.75
9.69,23.0,55.75
9.705,23.0,55.75
9.72,23.0,55.75
9.735,23.0,55.75
9.75,23.0,55.75
9.765,23.0,55.75
9.78,23.0,55.75
9.795,23.0,55.75
9.81,23.0,55.75
9.825,23.0,55.75
9.84,23.0,55.75
9.855,23.0,55.75
9.87,23.0,55.75
9.885,23.0,55.75
9.9,23.0,55.75
9.915,23.0,55.75
9.93,23.0,55.75
9.945,23.0,55.75
9.96,23.0,55.75
9.975,23.0,55.75
9.99,23.0,55.75
10.005,23.0,55.75
10.02,23.0,55.75
10.035,23.0,55.75
10.05,23.0,55.75
10.065,23.0,55.75
10.08,23.0,55.75
10.095,23.0,55.75
10.11,23.0,55.75
10.125,23.0,55.75
10.14,23.0,55.75
10.155,23.0,55.75
10.17,23.0,55.75
10.185,23.0,55.75
10.2,23.0,55.75
10.215,23.0,56.0
10.23,23.0,56.0
10.245,23.0,56.0
10.26,23.0,56.0
10.275,23.0,56.0
10.29,23.0,56.0
10.305,23.0,56.0
10.32,23.0,56.0
10.335,23.0,56.0
10.35,23.0,56.0
10.365,23.0,56.0
10.38,23.0,56.0
10.395,23.0,56.0
10.41,23.0,56.0
10.425,23.0,56.0
10.44,23.0,56.0
10.455,23.0,56.0
10.47,23.0,56.0
10.485,23.0,56.0
10.5,23.0,56.0
10.515,23.0,56.0
10.53,23.0,56.0
10.545,23.0,56.0
10.56,23.0,56.0
10.575,23.0,56.0
10.59,23.0,56.0
10.605,23.0,56.0
10.62,23.0,56.0
10.635,23.0,56.0
10.65,23.0,56.0
10.665,23.0,56.0
10.68,23.0,56.0
10.695,23.0,56.0
10.71,23.0,56.0
10.725,23.0,56.0
10.74,23.0,56.0
10.755,23.0,56.0
10.77,23.0,56.0
10.785,23.0,56.0
10.8,23.0,56.0
10.815,23.0,56.0
10.83,23.0,56.0
10.845,23.0,56.0
10.86,23.0,56.0
10.875,23.0,56.0
10.89,23.0,56.0
10.905,23.0,56.0
10.92,23.0,56.0
10.935,23.0,56.0
10.95,23.0,56.0
10.965,23.0,56.0
10.98,23.0,56.0
10.995,23.0,56.0
11.01,23.0,56.0
11.025,23.0,56.0
11.04,23.0,56.0
11.055,23.0,56.0
11.07,23.0,56.0
11.085,23.0,56.0
11.1,23.0,56.0
11.115,23.0,55.75
11.13,23.0,55.75
11.145,23.0,55.75
11.16,23.0,55.75
11.175,23.0,55.75
11.19,23.0,55.75
11.205,23.0,55.75
11.22,23.0,55.75
11.235,23.0,55.75
11.25,23.0,55.75
11.265,23.0,55.75
11.28,23.0,55.75
11.295,23.0,55.75
11.31,23.0,55.75
11.325,23.0,55.75
11.34,23.0,55.75
11.355,23.0,55.75
11.37,23.0,55.75
11.385,23.0,55.75
11.4,23.0,55.75
11.415,23.0,55.75
11.43,23.0,55.75
11.445,23.0,55.75
11.46,23.0,55.75
11.475,23.0,55.75
11.49,23.0,55.75
11.505,23.0,55.75
11.52,23.0,55.75
11.535,23.0,55.75
11.55,23.0,55.75
11.565,23.0,55.75
11.58,23.0,55.75
11.595,23.0,55.75
11.61,23.0,55.75
11.625,23.0,55.75
11.64,23.0,55.75
11.655,23.0,55.75
11.67,23.0,55.75
11.685,23.0,55.75
11.7,23.0,55.75
11.715,23.0,55.75
11.73,23.0,55.75
11.745,23.0,55.75
11.76,23.0,55.75
11.775,23.0,55.75
11.79,23.0,55.75
11.805,23.0,55.75
11.82,23.0,55.75
11.835,23.0,55.75
11.85,23.0,55.75
11.865,23.0,55.75
11.88,23.0,55.75
11.895,23.0,55.75
11.91,23.0,55.75
11.925,23.0,55.75
11.94,23.0,55.75
11.955,23.0,55.75
11.97,23.0,55.75
11.985,23.0,55.75
12.0,23.0,55.5
12.015,23.0,55.5
12.03,23.0,55.5
12.045,23.0,55.5
12.06,23.0,55.5
12.075,23.0,55.5
12.09,23.0,55.5
12.105,23.0,55.5
12.12,23.0,55.5
12.135,23.0,55.5
12.15,23.0,55.5
12.165,23.0,55.5
12.18,23.0,55.5
12.195,23.0,55.5
12.21,23.0,55.5
12.225,23.0,55.75
12.24,23.0,55.75
12.255,23.0,55.75
12.27,23.0,55.75
12.285,23.0,55.75
12.3,23.0,55.5
12.315,23.0,55.5
12.33,23.0,55.5
12.345,23.0,55.5
12.36,23.0,55.5
12.375,23.0,55.75
12.39,23.0,55.75
12.405,23.0,55.75
12.42,23.0,55.75
12.435,23.0,55.75
12.45,23.0,55.75
12.465,23.0,55.75
12.48,23.0,55.75
12.495,23.0,55.75
12.51,23.0,55.75
12.525,23.0,55.75
12.54,23.0,55.75
12.555,23.0,55.75
12.57,23.0,55.75
12.585,23.0,55.75
12.6,23.0,55.75
12.615,23.0,55.75
12.63,23.0,55.75
12.645,23.0,55.75
12.66,23.0,55.75
12.675,23.0,55.75
12.69,23.0,55.75
12.705,23.0,55.75
12.72,23.0,55.75
12.735,23.0,55.75
12.75,23.0,55.75
12.765,23.0,55.75
12.78,23.0,55.75
12.795,23.0,55.75
12.81,23.0,55.75
12.825,23.0,55.75
12.84,23.0,55.75
12.855,23.0,55.75
12.87,23.0,55.75
12.885,23.0,55.75
12.9,23.0,55.75
12.915,23.0,55.75
12.93,23.0,55.75
12.945,23.0,55.75
12.96,23.0,55.75
12.975,23.0,55.75
12.99,23.0,55.75
13.005,23.0,55.75
13.02,23.0,55.75
13.035,23.0,55.75
13.05,23.0,55.75
13.065,23.0,55.75
13.08,23.0,55.75
13.095,23.0,55.75
13.11,23.0,55.75
13.125,23.0,55.75
13.14,23.0,55.75
13.155,23.0,55.75
13.17,23.0,55.75
13.185,23.0,55.75
13.2,23.0,55.75
13.215,23.0,55.75
13.23,23.0,55.75
13.245,23.0,55.75
13.26,23.0,55.75
13.275,23.0,55.75
13.29,23.0,55.75
13.305,23.0,55.75
13.32,23.0,55.75
13.335,23.0,55.75
13.35,23.0,55.75
13.365,23.0,55.75
13.38,23.0,55.75
13.395,23.0,55.75
13.41,23.0,55.75
13.425,23.0,55.75
13.44,23.0,55.75
13.455,23.0,55.75
13.47,23.0,55.75
13.485,23.0,55.75
13.5,23.0,55.75
13.515,23.0,55.75
13.53,23.0,55.75
13.545,23.0,55.75
13.56,23.0,55.75
13.575,23.0,55.75
13.59,23.0,55.75
13.605,23.0,55.75
13.62,23.0,55.75
13.635,23.0,55.75
13.65,23.0,55.75
13.665,23.0,55.75
13.68,23.0,55.75
13.695,23.0,55.75
13.71,23.0,55.75
13.725,23.0,55.75
13.74,23.0,55.75
13.755,23.0,55.75
13.77,23.0,55.75
13.785,23.0,55.75
13.8,23.0,55.75
13.815,23.0,55.75
13.83,23.0,55.75
13.845,23.0,55.75
13.86,23.0,55.75
13.875,23.0,55.75
13.89,23.0,55.75
13.905,23.0,55.75
13.92,23.0,55.75
13.935,23.0,55.5
13.95,23.0,55.5
13.965,23.0,55.5
13.98,23.0,55.5
13.995,23.0,55.5
14.01,23.0,55.5
14.025,23.0,55.5
14.04,23.0,55.5
14.055,23.0,55.5
14.07,23.0,55.5
14.085,23.0,55.5
14.1,23.0,55.5
14.115,23.0,55.5
14.13,23.0,55.5
14.145,23.0,55.5
14.16,23.0,55.5
14.175,23.0,55.5
14.19,23.0,55.5
14.205,23.0,55.5
14.22,23.0,55.5
14.235,23.0,55.5
14.25,23.0,55.5
14.265,23.0,55.5
14.28,23.0,55.5
14.295,23.0,55.5
14.31,23.0,55.5
14.325,23.0,55.5
14.34,23.0,55.5
14.355,23.0,55.5
14.37,23.0,55.5
14.385,23.0,55.5
14.4,23.0,55.5
14.415,23.0,55.5
14.43,23.0,55.5
14.445,23.0,55.5
14.46,23.0,55.5
14.475,23.0,55.5
14.49,23.0,55.5
14.505,23.0,55.5
14.52,23.0,55.5
14.535,23.0,55.25
14.55,23.0,55.25
14.565,23.0,55.25
14.58,23.0,55.25
14.595,23.0,55.25
14.61,23.0,55.5
14.625,23.0,55.5
14.64,23.0,55.5
14.655,23.0,55.5
14.67,23.0,55.5
14.685,23.0,55.5
14.7,23.0,55.5
14.715,23.0,55.5
14.73,23.0,55.5
14.745,23.0,55.5
14.76,23.0,55.25
14.775,23.0,55.25
14.79,23.0,55.25
14.805,23.0,55.25
14.82,23.0,55.25
14.835,23.0,55.5
14.85,23.0,55.5
14.865,23.0,55.5
14.88,23.0,55.5
14.895,23.0,55.5
14.91,23.0,55.25
14.925,23.0,55.25
14.94,23.0,55.25
14.955,23.0,55.25
14.97,23.0,55.25
14.985,23.0,55.5
15.0,23.0,55.5
15.015,23.0,55.5
15.03,23.0,55.5
15.045,23.0,55.5
15.06,23.0,55.25
15.075,23.0,55.25
15.09,23.0,55.25
15.105,23.0,55.25
15.12,23.0,55.25
15.135,23.0,55.25
15.15,23.0,55.25
15.165,23.0,55.25
15.18,23.0,55.25
15.195,23.0,55.25
15.21,23.0,55.25
15.225,23.0,55.25
15.24,23.0,55.25
15.255,23.0,55.25
15.27,23.0,55.25
15.285,23.0,55.25
15.3,23.0,55.25
15.315,23.0,55.25
15.33,23.0,55.25
15.345,23.0,55.25
15.36,23.0,55.25
15.375,23.0,55.25
15.39,23.0,55.25
15.405,23.0,55.25
15.42,23.0,55.25
15.435,23.0,55.25
15.45,23.0,55.25
15.465,23.0,55.25
15.48,23.0,55.25
15.495,23.0,55.25
15.51,23.0,55.25
15.525,23.0,55.25
15.54,23.0,55.25
15.555,23.0,55.25
15.57,23.0,55.25
15.585,23.0,55.25
15.6,23.0,55.25
15.615,23.0,55.25
15.63,23.0,55.25
15.645,23.0,55.25
15.66,23.0,55.25
15.675,23.0,55.25
15.69,23.0,55.25
15.705,23.0,55.25
15.72,23.0,55.25
15.735,23.0,55.25
15.75,23.0,55.25
15.765,23.0,55.25
15.78,23.0,55.25
15.795,23.0,55.25
15.81,23.0,55.25
15.825,23.0,55.25
15.84,23.0,55.25
15.855,23.0,55.25
15.87,23.0,55.25
15.885,23.0,55.25
15.9,23.0,55.25
15.915,23.0,55.25
15.93,23.0,55.25
15.945,23.0,55.25
15.96,23.0,55.25
15.975,23.0,55.25
15.99,23.0,55.25
16.005,23.0,55.25
16.02,23.0,55.25
16.035,23.0,55.25
16.05,23.0,55.25
16.065,23.0,55.25
16.08,23.0,55.25
16.095,23.0,55.0
16.11,23.0,55.0
16.125,23.0,55.0
16.14,23.0,55.0
16.155,23.0,55.0
16.17,23.0,55.0
16.185,23.0,55.0
16.2,23.0,55.0
16.215,23.0,55.0
16.23,23.0,55.0
16.245,23.0,55.0
16.26,23.0,55.0
16.275,23.0,55.0
16.29,23.0,55.0
16.305,23.0,55.0
16.32,23.0,55.0
16.335,23.0,55.0
16.35,23.0,55.0
16.365,23.0,55.0
16.38,23.0,55.0
16.395,23.0,55.0
16.41,23.0,55.0
16.425,23.0,55.0
16.44,23.0,55.0
16.455,23.0,55.0
16.47,23.0,55.0
16.485,23.0,55.0
16.5,23.0,55.0
16.515,23.0,55.0
16.53,23.0,55.0
16.545,23.0,55.0
16.56,23.0,55.0
16.575,23.0,55.0
16.59,23.0,55.0
16.605,23.0,55.0
16.62,23.0,54.75
16.635,23.0,54.75
16.65,23.0,54.75
16.665,23.0,54.75
16.68,23.0,54.75
16.695,23.0,55.0
16.71,23.0,55.0
16.725,23.0,55.0
16.74,23.0,55.0
16.755,23.0,55.0
16.77,23.0,55.0
16.785,23.0,55.0
16.8,23.0,55.0
16.815,23.0,55.0
16.83,23.0,55.0
16.845,23.0,55.0
16.86,23.0,55.0
16.875,23.0,55.0
16.89,23.0,55.0
16.905,23.0,55.0
16.92,23.0,55.0
16.935,23.0,55.0
16.95,23.0,55.0
16.965,23.0,55.0
16.98,23.0,55.0
16.995,23.0,55.0
17.01,23.0,55.0
17.025,23.0,55.0
17.04,23.0,55.0
17.055,23.0,55.0
17.07,23.0,55.0
17.085,23.0,55.0
17.1,23.0,55.0
17.115,23.0,55.0
17.13,23.0,55.0
17.145,23.0,55.0
17.16,23.0,55.0
17.175,23.0,55.0
17.19,23.0,55.0
17.205,23.0,55.0
17.22,23.0,54.75
17.235,23.0,54.75
17.25,23.0,54.75
17.265,23.0,54.75
17.28,23.0,54.75
17.295,23.0,55.0
17.31,23.0,55.0
17.325,23.0,55.0
17.34,23.0,55.0
17.355,23.0,55.0
17.37,23.0,55.0
17.385,23.0,55.0
17.4,23.0,55.0
17.415,23.0,55.0
17.43,23.0,55.0
17.445,23.0,55.0
17.46,23.0,55.0
17.475,23.0,55.0
17.49,23.0,55.0
17.505,23.0,55.0
17.52,23.0,54.75
17.535,23.0,54.75
17.55,23.0,54.75
17.565,23.0,54.75
17.58,23.0,54.75
17.595,23.0,55.0
17.61,23.0,55.0
17.625,23.0,55.0
17.64,23.0,55.0
17.655,23.0,55.0
17.67,23.0,54.75
17.685,23.0,54.75
17.7,23.0,54.75
17.715,23.0,54.75
17.73,23.0,54.75
17.745,23.0,55.0
17.76,23.0,55.0
17.775,23.0,55.0
17.79,23.0,55.0
17.805,23.0,55.0
17.82,23.0,54.75
17.835,23.0,54.75
17.85,23.0,54.75
17.865,23.0,54.75
17.88,23.0,54.75
17.895,23.0,54.75
17.91,23.0,54.75
17.925,23.0,54.75
17.94,23.0,54.75
17.955,23.0,54.75
17.97,23.0,54.75
17.985,23.0,54.75
18.0,23.0,54.75
18.015,23.0,54.75
18.03,23.0,54.75
18.045,23.0,54.75
18.06,23.0,54.75
18.075,23.0,54.75
18.09,23.0,54.75
18.105,23.0,54.75
18.12,23.0,54.75
18.135,23.0,54.75
18.15,23.0,54.75
18.165,23.0,54.75
18.18,23.0,54.75
18.195,23.0,54.75
18.21,23.0,54.75
18.225,23.0,54.75
18.24,23.0,54.75
18.255,23.0,54.75
18.27,23.0,54.75
18.285,23.0,54.75
18.3,23.0,54.75
18.315,23.0,54.75
18.33,23.0,54.75
18.345,23.0,54.75
18.36,23.0,54.75
18.375,23.0,54.75
18.39,23.0,54.75
18.405,23.0,54.75
18.42,23.0,54.75
18.435,23.0,54.75
18.45,23.0,54.75
18.465,23.0,54.75
18.48,23.0,54.75
18.495,23.0,54.75
18.51,23.0,54.75
18.525,23.0,54.75
18.54,23.0,54.75
18.555,23.0,54.5
18.57,23.0,54.5
18.585,23.0,54.5
18.6,23.0,54.5
18.615,23.0,54.5
18.63,23.0,54.5
18.645,23.0,54.5
18.66,23.0,54.5
18.675,23.0,54.5
18.69,23.0,54.5
18.705,23.0,54.75
18.72,23.0,54.75
18.735,23.0,54.75
18.75,23.0,54.75
18.765,23.0,54.75
18.78,23.0,54.75
18.795,23.0,54.75
18.81,23.0,54.75
18.825,23.0,54.75
18.84,23.0,54.75
18.855,23.0,54.5
18.87,23.0,54.5
18.885,23.0,54.5
18.9,23.0,54.5
18.915,23.0,54.5
18.93,23.0,54.75
18.945,23.0,54.75
18.96,23.0,54.75
18.975,23.0,54.75
18.99,23.0,54.75
19.005,23.0,54.75
19.02,23.0,54.75
19.035,23.0,54.75
19.05,23.0,54.75
19.065,23.0,54.75
19.08,23.0,54.75
19.095,23.0,54.75
19.11,23.0,54.75
19.125,23.0,54.75
19.14,23.0,54.75
19.155,23.0,54.75
19.17,23.0,54.75
19.185,23.0,54.75
19.2,23.0,54.75
19.215,23.0,54.75
19.23,23.0,54.75
19.245,23.0,54.75
19.26,23.0,54.75
19.275,23.0,54.75
19.29,23.0,54.75
19.305,23.0,54.5
19.32,23.0,54.5
19.335,23.0,54.5
19.35,23.0,54.5
19.365,23.0,54.5
19.38,23.0,54.5
19.395,23.0,54.5
19.41,23.0,54.5
19.425,23.0,54.5
19.44,23.0,54.5
19.455,23.0,54.5
19.47,23.0,54.5
19.485,23.0,54.5
19.5,23.0,54.5
19.515,23.0,54.5
19.53,23.0,54.5
19.545,23.0,54.5
19.56,23.0,54.5
19.575,23.0,54.5
19.59,23.0,54.5
19.605,23.0,54.5
19.62,23.0,54.5
19.635,23.0,54.5
19.65,23.0,54.5
19.665,23.0,54.5
19.68,23.0,54.5
19.695,23.0,54.5
19.71,23.0,54.5
19.725,23.0,54.5
19.74,23.0,54.5
19.755,23.0,54.5
19.77,23.0,54.5
19.785,23.0,54.5
19.8,23.0,54.5
19.815,23.0,54.5
19.83,23.0,54.5
19.845,23.0,54.5
19.86,23.0,54.5
19.875,23.0,54.5
19.89,23.0,54.5
19.905,23.0,54.5
19.92,23.0,54.5
19.935,23.0,54.5
19.95,23.0,54.5
19.965,23.0,54.5
19.98,23.0,54.5
19.995,23.0,54.5
20.01,23.0,54.5
20.025,23.0,54.5
20.04,23.0,54.5
20.055,23.0,54.5
20.07,23.0,54.5
20.085,23.0,54.5
20.1,23.0,54.5
20.115,23.0,54.5
20.13,23.0,54.5
20.145,23.0,54.5
20.16,23.0,54.5
20.175,23.0,54.5
20.19,23.0,54.5
20.205,23.0,54.5
20.22,23.0,54.5
20.235,23.0,54.5
20.25,23.0,54.5
20.265,23.0,54.5
20.28,23.0,54.5
20.295,23.0,54.5
20.31,23.0,54.5
20.325,23.0,54.5
20.34,23.0,54.5
20.355,23.0,54.5
20.37,23.0,54.5
20.385,23.0,54.5
20.4,23.0,54.5
20.415,23.0,54.5
20.43,23.0,54.5
20.445,23.0,54.5
20.46,23.0,54.5
20.475,23.0,54.5
20.49,23.0,54.5
20.505,23.0,54.5
20.52,23.0,54.5
20.535,23.0,54.5
20.55,23.0,54.5
20.565,23.0,54.5
20.58,23.0,54.5
20.595,23.0,54.5
20.61,23.0,54.5
20.625,23.0,54.5
20.64,23.0,54.5
20.655,23.0,54.5
20.67,23.0,54.5
20.685,23.0,54.5
20.7,23.0,54.5
20.715,23.0,54.5
20.73,23.0,54.5
20.745,23.0,54.5
20.76,23.0,54.5
20.775,23.0,54.5
20.79,23.0,54.5
20.805,23.0,54.5
20.82,23.0,54.5
20.835,23.0,54.5
20.85,23.0,54.5
20.865,23.0,54.5
20.88,23.0,54.5
20.895,23.0,54.5
20.91,23.0,54.5
20.925,23.0,54.5
20.94,23.0,54.5
20.955,23.0,54.5
20.97,23.0,54.5
20.985,23.0,54.5
21.0,23.0,54.5
21.015,23.0,54.5
21.03,23.0,54.5
21.045,23.0,54.5
21.06,23.0,54.5
21.075,23.0,54.5
21.09,23.0,54.5
21.105,23.0,54.5
21.12,23.0,54.5
21.135,23.0,54.5
21.15,23.0,54.5
21.165,23.0,54.5
21.18,23.0,54.5
21.195,23.0,54.5
21.21,23.0,54.5
21.225,23.0,54.5
21.24,23.0,54.5
21.255,23.0,54.5
21.27,23.0,54.5
21.285,23.0,54.5
21.3,23.0,54.5
21.315,23.0,54.5
21.33,23.0,54.5
21.345,23.0,54.5
21.36,23.0,54.5
21.375,23.0,54.5
21.39,23.0,54.5
21.405,23.0,54.5
21.42,23.0,54.5
21.435,23.0,54.5
21.45,23.0,54.5
21.465,23.0,54.5
21.48,23.0,54.5
21.495,23.0,54.5
21.51,23.0,54.5
21.525,23.0,54.5
21.54,23.0,54.5
21.555,23.0,54.5
21.57,23.0,54.5
21.585,23.0,54.5
21.6,23.0,54.5
21.615,23.0,54.75
21.63,23.0,54.75
21.645,23.0,54.75
21.66,23.0,54.75
21.675,23.0,54.75
21.69,23.0,54.5
21.705,23.0,54.5
21.72,23.0,54.5
21.735,23.0,54.5
21.75,23.0,54.5
21.765,23.0,54.75
21.78,23.0,54.75
21.795,23.0,54.75
21.81,23.0,54.75
21.825,23.0,54.5
21.84,23.0,54.5
21.855,23.0,54.5
21.87,23.0,54.5
21.885,23.0,54.5
21.9,23.0,54.5
21.915,23.0,54.5
21.93,23.0,54.5
21.945,23.0,54.5
21.96,23.0,54.5
21.975,23.0,54.5
21.99,23.0,54.5
22.005,23.0,54.5
22.02,23.0,54.5
22.035,23.0,54.5
22.05,23.0,54.5
22.065,23.0,54.5
22.08,23.0,54.5
22.095,23.0,54.5
22.11,23.0,54.5
22.125,23.0,54.5
22.14,23.0,54.5
22.155,23.0,54.5
22.17,23.0,54.5
22.185,23.0,54.5
22.2,23.0,54.5
22.215,23.0,54.5
22.23,23.0,54.5
22.245,23.0,54.5
22.26,23.0,54.5
22.275,23.0,54.5
22.29,23.0,54.5
22.305,23.0,54.5
22.32,23.0,54.5
22.335,23.0,54.5
22.35,23.0,54.5
22.365,23.0,54.5
22.38,23.0,54.5
22.395,23.0,54.5
22.41,23.0,54.5
22.425,23.0,54.5
22.44,23.0,54.5
22.455,23.0,54.5
22.47,23.0,54.5
22.485,23.0,54.5
22.5,23.0,54.5
22.515,23.0,54.5
22.53,23.0,54.5
22.545,23.0,54.5
22.56,23.0,54.5
22.575,23.0,54.5
22.59,23.0,54.5
22.605,23.0,54.5
22.62,23.0,54.5
22.635,23.0,54.5
22.65,23.0,54.5
22.665,23.0,54.5
22.68,23.0,54.5
22.695,23.0,54.5
22.71,23.0,54.5
22.725,23.0,54.5
22.74,23.0,54.5
22.755,23.0,54.5
22.77,23.0,54.5
22.785,23.0,54.5
22.8,23.0,54.5
22.815,23.0,54.5
22.83,23.0,54.5
22.845,23.0,54.5
22.86,23.0,54.5
22.875,23.0,54.25
22.89,23.0,54.25
22.905,23.0,54.25
22.92,23.0,54.25
22.935,23.0,54.25
22.95,23.0,54.25
22.965,23.0,54.25
22.98,23.0,54.25
22.995,23.0,54.25
23.01,23.0,54.25
23.025,23.0,54.25
23.04,23.0,54.25
23.055,23.0,54.25
23.07,23.0,54.25
23.085,23.0,54.25
23.1,23.0,54.25
23.115,23.0,54.25
23.13,23.0,54.25
23.145,23.0,54.25
23.16,23.0,54.25
23.175,23.0,54.25
23.19,23.0,54.25
23.205,23.0,54.25
23.22,23.0,54.25
23.235,23.0,54.25
23.25,23.0,54.25
23.265,23.0,54.25
23.28,23.0,54.25
23.295,23.0,54.25
23.31,23.0,54.25
23.325,23.0,54.25
23.34,23.0,54.25
23.355,23.0,54.25
23.37,23.0,54.25
23.385,23.0,54.25
23.4,23.0,54.25
23.415,23.0,54.25
23.43,23.0,54.25
23.445,23.0,54.25
23.46,23.0,54.25
23.475,23.0,54.25
23.49,23.0,54.25
23.505,23.0,54.25
23.52,23.0,54.25
23.535,23.0,54.25
23.55,23.0,54.25
23.565,23.0,54.25
23.58,23.0,54.25
23.595,23.0,54.25
23.61,23.0,54.25
23.625,23.0,54.25
23.64,23.0,54.25
23.655,23.0,54.25
23.67,23.0,54.25
23.685,23.0,54.25
23.7,23.0,54.25
23.715,23.0,54.25
23.73,23.0,54.25
23.745,23.0,54.25
23.76,23.0,54.25
23.775,23.0,54.25
23.79,23.0,54.25
23.805,23.0,54.25
23.82,23.0,54.25
23.835,23.0,54.25
23.85,23.0,54.25
23.865,23.0,54.25
23.88,23.0,54.25
23.895,23.0,54.25
23.91,23.0,54.25
23.925,23.0,54.25
23.94,23.0,54.25
23.955,23.0,54.25
23.97,23.0,54.25
23.985,23.0,54.25
24.0,23.0,54.25
24.015,23.0,54.25
24.03,23.0,54.25
24.045,23.0,54.25
24.06,23.0,54.25
24.075,23.0,54.25
24.09,23.0,54.25
24.105,23.0,54.25
24.12,23.0,54.25
24.135,23.0,54.25
24.15,23.0,54.25
24.165,23.0,54.25
24.18,23.0,54.25
24.195,23.0,54.25
24.21,23.0,54.25
24.225,23.0,54.25
24.24,23.0,54.25
24.255,23.0,54.25
24.27,23.0,54.25
24.285,23.0,54.25
24.3,23.0,54.25
24.315,23.0,54.25
24.33,23.0,54.25
24.345,23.0,54.25
24.36,23.0,54.25
24.375,23.0,54.25
24.39,23.0,54.25
24.405,23.0,54.25
24.42,23.0,54.25
24.435,23.0,54.25
24.45,23.0,54.25
24.465,23.0,54.25
24.48,23.0,54.25
24.495,23.0,54.25
24.51,23.0,54.25
24.525,23.0,54.25
24.54,23.0,54.25
24.555,23.0,54.25
24.57,23.0,54.25
24.585,23.0,54.25
24.6,23.0,54.25
24.615,23.0,54.25
24.63,23.0,54.25
24.645,23.0,54.25
24.66,23.0,54.25
24.675,23.0,54.25
24.69,23.0,54.25
24.705,23.0,54.25
24.72,23.0,54.25
24.735,23.0,54.5
24.75,23.0,54.5
24.765,23.0,54.5
24.78,23.0,54.5
24.795,23.0,54.5
24.81,23.0,54.25
24.825,23.0,54.25
24.84,23.0,54.25
24.855,23.0,54.25
24.87,23.0,54.25
24.885,23.0,54.25
24.9,23.0,54.25
24.915,23.0,54.25
24.93,23.0,54.25
24.945,23.0,54.25
24.96,23.0,54.25
24.975,23.0,54.25
24.99,23.0,54.25
25.005,23.0,54.25
25.02,23.0,54.25
25.035,23.0,54.25
25.05,23.0,54.25
25.065,23.0,54.25
25.08,23.0,54.25
25.095,23.0,54.25
25.11,23.0,54.5
25.125,23.0,54.5
25.14,23.0,54.5
25.155,23.0,54.5
25.17,23.0,54.5
25.185,23.0,54.25
25.2,23.0,54.25
25.215,23.0,54.25
25.23,23.0,54.25
25.245,23.0,54.25
25.26,23.0,54.5
25.275,23.0,54.5
25.29,23.0,54.5
25.305,23.0,54.5
25.32,23.0,54.5
25.335,23.0,54.5
25.35,23.0,54.5
25.365,23.0,54.5
25.38,23.0,54.5
25.395,23.0,54.5
25.41,23.0,54.25
25.425,23.0,54.25
25.44,23.0,54.25
25.455,23.0,54.25
25.47,23.0,54.25
25.485,23.0,54.5
25.5,23.0,54.5
25.515,23.0,54.5
25.53,23.0,54.5
25.545,23.0,54.5
25.56,23.0,54.5
25.575,23.0,54.5
25.59,23.0,54.5
25.605,23.0,54.5
25.62,23.0,54.5
25.635,23.0,54.5
25.65,23.0,54.5
25.665,23.0,54.5
25.68,23.0,54.5
25.695,23.0,54.5
25.71,23.0,54.5
25.725,23.0,54.5
25.74,23.0,54.5
25.755,23.0,54.5
25.77,23.0,54.5
25.785,23.0,54.5
25.8,23.0,54.5
25.815,23.0,54.5
25.83,23.0,54.5
25.845,23.0,54.5
25.86,23.0,54.5
25.875,23.0,54.5
25.89,23.0,54.5
25.905,23.0,54.5
25.92,23.0,54.5
25.935,23.0,54.5
25.95,23.0,54.5
25.965,23.0,54.5
25.98,23.0,54.5
25.995,23.0,54.5
26.01,23.0,54.5
26.025,23.0,54.5
26.04,23.0,54.5
26.055,23.0,54.5
26.07,23.0,54.5
26.085,23.0,54.5
26.1,23.0,54.5
26.115,23.0,54.5
26.13,23.0,54.5
26.145,23.0,54.5
26.16,23.0,54.5
26.175,23.0,54.5
26.19,23.0,54.5
26.205,23.0,54.5
26.22,23.0,54.5
26.235,23.0,54.5
26.25,23.0,54.5
26.265,23.0,54.5
26.28,23.0,54.5
26.295,23.0,54.5
26.31,23.0,54.5
26.325,23.0,54.5
26.34,23.0,54.5
26.355,23.0,54.5
26.37,23.0,54.5
26.385,23.0,54.5
26.4,23.0,54.5
26.415,23.0,54.5
26.43,23.0,54.5
26.445,23.0,54.5
26.46,23.0,54.5
26.475,23.0,54.5
26.49,23.0,54.5
26.505,23.0,54.5
26.52,23.0,54.5
26.535,23.0,54.5
26.55,23.0,54.5
26.565,23.0,54.5
26.58,23.0,54.5
26.595,23.0,54.25
26.61,23.0,54.25
26.625,23.0,54.25
26.64,23.0,54.25
26.655,23.0,54.25
26.67,23.0,54.25
26.685,23.0,54.25
26.7,23.0,54.25
26.715,23.0,54.25
26.73,23.0,54.25
26.745,23.0,54.25
26.76,23.0,54.25
26.775,23.0,54.25
26.79,23.0,54.25
26.805,23.0,54.25
26.82,23.0,54.25
26.835,23.0,54.25
26.85,23.0,54.25
26.865,23.0,54.25
26.88,23.0,54.25
26.895,23.0,54.25
26.91,23.0,54.25
26.925,23.0,54.25
26.94,23.0,54.25
26.955,23.0,54.25
26.97,23.0,54.25
26.985,23.0,54.25
27.0,23.0,54.25
27.015,23.0,54.25
27.03,23.0,54.25
27.045,23.0,54.25
27.06,23.0,54.25
27.075,23.0,54.25
27.09,23.0,54.25
27.105,23.0,54.25
27.12,23.0,54.25
27.135,23.0,54.25
27.15,23.0,54.25
27.165,23.0,54.25
27.18,23.0,54.25
27.195,23.0,54.25
27.21,23.0,54.25
27.225,23.0,54.25
27.24,23.0,54.25
27.255,23.0,54.25
27.27,23.0,54.25
27.285,23.0,54.25
27.3,23.0,54.25
27.315,23.0,54.25
27.33,23.0,54.25
27.345,23.0,54.25
27.36,23.0,54.25
27.375,23.0,54.25
27.39,23.0,54.25
27.405,23.0,54.25
27.42,23.0,54.25
27.435,23.0,54.25
27.45,23.0,54.25
27.465,23.0,54.25
27.48,23.0,54.25
27.495,23.0,54.0
27.51,23.0,54.0
27.525,23.0,54.0
27.54,23.0,54.0
27.555,23.0,54.0
27.57,23.0,54.25
27.585,23.0,54.25
27.6,23.0,54.25
27.615,23.0,54.25
27.63,23.0,54.25
27.645,23.0,54.25
27.66,23.0,54.25
27.675,23.0,54.25
27.69,23.0,54.25
27.705,23.0,54.25
27.72,23.0,54.25
27.735,23.0,54.25
27.75,23.0,54.25
27.765,23.0,54.25
27.78,23.0,54.25
27.795,23.0,54.25
27.81,23.0,54.25
27.825,23.0,54.25
27.84,23.0,54.25
27.855,23.0,54.25
27.87,23.0,54.25
27.885,23.0,54.25
27.9,23.0,54.25
27.915,23.0,54.25
27.93,23.0,54.25
27.945,23.0,54.25
27.96,23.0,54.25
27.975,23.0,54.25
27.99,23.0,54.25
28.005,23.0,54.25
28.02,23.0,54.25
28.035,23.0,54.25
28.05,23.0,54.25
28.065,23.0,54.25
28.08,23.0,54.25
28.095,23.0,54.25
28.11,23.0,54.25
28.125,23.0,54.25
28.14,23.0,54.25
28.155,23.0,54.25
28.17,23.0,54.25
28.185,23.0,54.25
28.2,23.0,54.25
28.215,23.0,54.25
28.23,23.0,54.25
28.245,23.0,54.25
28.26,23.0,54.25
28.275,23.0,54.25
28.29,23.0,54.25
28.305,23.0,54.25
28.32,23.0,54.25
28.335,23.0,54.25
28.35,23.0,54.25
28.365,23.0,54.25
28.38,23.0,54.25
28.395,23.0,54.25
28.41,23.0,54.25
28.425,23.0,54.25
28.44,23.0,54.25
28.455,23.0,54.25
28.47,23.0,54.25
28.485,23.0,54.25
28.5,23.0,54.25
28.515,23.0,54.25
28.53,23.0,54.25
28.545,23.0,54.25
28.56,23.0,54.25
28.575,23.0,54.25
28.59,23.0,54.25
28.605,23.0,54.25
28.62,23.0,54.25
28.635,23.0,54.25
28.65,23.0,54.25
28.665,23.0,54.25
28.68,23.0,54.25
28.695,23.0,54.25
28.71,23.0,54.25
28.725,23.0,54.25
28.74,23.0,54.25
28.755,23.0,54.25
28.77,23.0,54.25
28.785,23.0,54.25
28.8,23.0,54.25
28.815,23.0,54.25
28.83,23.0,54.25
28.845,23.0,54.25
28.86,23.0,54.25
28.875,23.0,54.25
28.89,23.0,54.25
28.905,23.0,54.25
28.92,23.0,54.25
28.935,23.0,54.25
28.95,23.0,54.25
28.965,23.0,54.25
28.98,23.0,54.5
28.995,23.0,54.5
29.01,23.0,54.5
29.025,23.0,54.5
29.04,23.0,54.5
29.055,23.0,54.5
29.07,23.0,54.5
29.085,23.0,54.5
29.1,23.0,54.5
29.115,23.0,54.5
29.13,23.0,54.5
29.145,23.0,54.5
29.16,23.0,54.5
29.175,23.0,54.5
29.19,23.0,54.5
29.205,23.0,54.5
29.22,23.0,54.5
29.235,23.0,54.5
29.25,23.0,54.5
29.265,23.0,54.5
29.28,23.0,54.5
29.295,23.0,54.5
29.31,23.0,54.5
29.325,23.0,54.5
29.34,23.0,54.5
29.355,23.0,54.5
29.37,23.0,54.5
29.385,23.0,54.5
29.4,23.0,54.5
29.415,23.0,54.5
29.43,23.0,54.5
29.445,23.0,54.5
29.46,23.0,54.5
29.475,23.0,54.5
29.49,23.0,54.5
29.505,23.0,54.5
29.52,23.0,54.5
29.535,23.0,54.5
29.55,23.0,54.5
29.565,23.0,54.5
29.58,23.0,54.5
29.595,23.0,54.5
29.61,23.0,54.5
29.625,23.0,54.5
29.64,23.0,54.5
29.655,23.0,54.5
29.67,23.0,54.5
29.685,23.0,54.5
29.7,23.0,54.5
29.715,23.0,54.5
29.73,23.0,54.5
29.745,23.0,54.5
29.76,23.0,54.5
29.775,23.0,54.5
29.79,23.0,54.5
29.805,23.0,54.5
29.82,23.0,54.5
29.835,23.0,54.5
29.85,23.0,54.5
29.865,23.0,54.5
29.88,23.0,54.5
29.895,23.0,54.5
29.91,23.0,54.5
29.925,23.0,54.5
29.94,23.0,54.5
29.955,23.0,54.5
29.97,23.0,54.5
29.985,23.0,54.5
