Time (s),Pressure (Torr),Laser output power (W),Laser peak power (W)
0.0,0.0,0.0,0.0
0.04155111312866211,0.0,0.0,0.0
0.08140420913696289,0.0,0.0,0.0
0.11365699768066406,0.0,0.0,0.0
0.14304041862487793,0.0,0.0,0.0
0.17345023155212402,0.0,0.0,0.0
0.20555496215820312,0.0,0.0,0.0
0.23610520362854004,0.0,0.0,0.0
0.26441097259521484,0.0,0.0,0.0
0.29544806480407715,0.0,0.0,0.0
0.32698488235473633,0.0,0.0,0.0
0.35752439498901367,0.0,0.0,0.0
0.39083337783813477,0.0,420.0,3263.0
0.42270708084106445,0.0,927.0,3263.0
0.4642186164855957,0.0,1693.0,3263.0
0.497220516204834,0.0,2198.0,3263.0
0.5392181873321533,0.0,2992.0,3263.0
0.5737326145172119,0.0,3165.0,3194.0
0.6127328872680664,0.0,3172.0,3198.0
0.6507377624511719,0.0,3175.0,3198.0
0.6818006038665771,0.0,2893.0,3203.0
0.7198019027709961,0.0,2113.0,3203.0
0.7593834400177002,0.0,1591.0,3203.0
0.79038405418396,0.0,1057.0,3203.0
0.8223826885223389,0.0,545.0,3203.0
0.8524212837219238,0.0,9.48,0.0
0.910930871963501,0.0,0.0,0.0
0.9559340476989746,0.0,0.0,0.0
0.9924449920654297,0.0,0.0,0.0
1.0204424858093262,0.0,0.0,0.0
1.051450252532959,0.0,0.0,0.0
1.0839612483978271,0.0,0.0,0.0
1.1129570007324219,0.0,0.0,0.0
1.1449949741363525,0.0,0.0,0.0
1.1810753345489502,0.0,0.0,0.0
1.2070746421813965,0.0,0.0,0.0
1.237818717956543,0.0,0.0,0.0
1.2733676433563232,0.0,0.0,0.0
1.3003597259521484,0.0,0.0,0.0
1.329740285873413,0.0,0.0,0.0
1.3630921840667725,0.0,0.0,0.0
1.3935518264770508,0.0,0.0,0.0
1.4268553256988525,0.0,0.0,0.0
1.4619231224060059,0.0,0.0,0.0
1.4871070384979248,0.0,0.0,0.0
1.5187017917633057,0.0,0.0,0.0
1.5501618385314941,0.0,0.0,0.0
1.5812838077545166,0.0,0.0,0.0
1.6137282848358154,0.0,0.0,0.0
1.6440796852111816,0.0,0.0,0.0
1.673917531967163,0.0,0.0,0.0
1.7045660018920898,0.0,0.0,0.0
1.7369117736816406,0.0,0.0,0.0
1.765979528427124,0.0,0.0,0.0
1.7976815700531006,0.0,0.0,0.0
1.8274900913238525,0.0,0.0,0.0
1.863297939300537,0.0,0.0,0.0
1.9037079811096191,0.0,0.0,0.0
1.935523509979248,0.0,0.0,0.0
1.966320276260376,0.0,0.0,0.0
1.9996135234832764,0.0,0.0,0.0
2.0264856815338135,0.0,0.0,0.0
2.0713844299316406,0.0,0.0,0.0
2.103395462036133,0.0,0.0,0.0
2.1344656944274902,0.0,0.0,0.0
2.1672275066375732,0.0,0.0,0.0
2.199946165084839,0.0,0.0,0.0
2.2308781147003174,0.0,0.0,0.0
2.2604777812957764,0.0,0.0,0.0
2.2905166149139404,0.0,0.0,0.0
2.320343255996704,0.0,0.0,0.0
2.351196765899658,0.0,0.0,0.0
2.3831260204315186,0.0,0.0,0.0
2.41318941116333,0.0,0.0,0.0
2.4447414875030518,0.0,0.0,0.0
2.4869747161865234,0.0,0.0,0.0
2.5195553302764893,0.0,0.0,0.0
2.5520241260528564,0.0,0.0,0.0
2.5814602375030518,0.0,0.0,0.0
2.6128036975860596,0.0,0.0,0.0
2.643155336380005,0.0,0.0,0.0
2.6795151233673096,0.0,0.0,0.0
2.7189524173736572,0.0,0.0,0.0
2.7519798278808594,0.0,0.0,0.0
2.7819576263427734,0.0,0.0,0.0
2.8125855922698975,0.0,0.0,0.0
2.84321665763855,0.0,0.0,0.0
2.879549026489258,0.0,0.0,0.0
2.9057343006134033,0.0,0.0,0.0
2.9377739429473877,0.0,0.0,0.0
2.968412399291992,0.0,0.0,0.0
3.0000364780426025,0.0,0.0,0.0
3.032036066055298,0.0,0.0,0.0
3.0621914863586426,0.0,0.0,0.0
3.091689348220825,0.0,0.0,0.0
3.1227028369903564,0.0,0.0,0.0
3.153834581375122,0.0,0.0,0.0
3.183856725692749,0.0,0.0,0.0
3.2140848636627197,0.0,0.0,0.0
3.24770188331604,0.0,0.0,0.0
3.278970956802368,0.0,0.0,0.0
3.307217836380005,0.0,0.0,0.0
3.3371644020080566,0.0,0.0,0.0
3.3706443309783936,0.0,0.0,0.0
3.401886224746704,0.0,0.0,0.0
3.43265962600708,0.0,0.0,0.0
3.463655948638916,0.0,0.0,0.0
3.5088043212890625,0.0,0.0,0.0
3.5393247604370117,0.0,0.0,0.0
3.570627212524414,0.0,0.0,0.0
3.601209878921509,0.0,0.0,0.0
3.6315417289733887,0.0,0.0,0.0
3.6640231609344482,0.0,0.0,0.0
3.706530809402466,0.0,0.0,0.0
3.7418971061706543,0.0,0.0,0.0
3.7740063667297363,0.0,0.0,0.0
3.8048553466796875,0.0,0.0,0.0
3.836054801940918,0.0,0.0,0.0
3.8680362701416016,0.0,0.0,0.0
3.903240919113159,0.0,0.0,0.0
3.943730592727661,0.0,0.0,0.0
3.9744760990142822,0.0,0.0,0.0
4.00637149810791,0.0,0.0,0.0
4.037834405899048,0.0,0.0,0.0
4.06833815574646,0.0,0.0,0.0
4.1115288734436035,0.0,0.0,0.0
4.145484447479248,0.0,0.0,0.0
4.183116912841797,0.0,0.0,0.0
4.208329200744629,0.0,0.0,0.0
4.239907741546631,0.0,0.0,0.0
4.271240234375,0.0,0.0,0.0
4.3090431690216064,0.0,0.0,0.0
4.3478851318359375,0.0,0.0,0.0
4.3797080516815186,0.0,0.0,0.0
4.411884307861328,0.0,0.0,0.0
4.442121982574463,0.0,0.0,0.0
4.472074747085571,0.0,0.0,0.0
4.506588697433472,0.0,0.0,0.0
4.535305500030518,0.0,0.0,0.0
4.566678762435913,0.0,0.0,0.0
4.596400499343872,0.0,0.0,0.0
4.62695574760437,0.0,0.0,0.0
4.657361268997192,0.0,0.0,0.0
4.687880277633667,0.0,0.0,0.0
4.718676567077637,0.0,0.0,0.0
4.749577045440674,0.0,0.0,0.0
4.78132963180542,0.0,0.0,0.0
4.81227970123291,0.0,0.0,0.0
4.841937065124512,0.0,0.0,0.0
4.873311758041382,0.0,0.0,0.0
4.906647443771362,0.0,0.0,0.0
4.947257995605469,0.0,0.0,0.0
4.980704307556152,0.0,0.0,0.0
4.9988038539886475,0.0,0.0,0.0
5.014092445373535,0.0,0.0,0.0
5.030811309814453,0.0,0.0,0.0
5.047216176986694,0.0,0.0,0.0
5.064668893814087,0.0,0.0,0.0
5.081325054168701,0.0,0.0,0.0
5.097445011138916,0.0,0.0,0.0
5.115411996841431,0.0,0.0,0.0
5.13651704788208,0.0,0.0,0.0
5.151996374130249,0.0,0.0,0.0
5.1678712368011475,0.0,0.0,0.0
5.185189962387085,0.0,0.0,0.0
5.201188564300537,0.0,0.0,0.0
5.216930389404297,0.0,0.0,0.0
5.246990919113159,0.0,0.0,0.0
5.263882160186768,0.0,0.0,0.0
5.2801549434661865,0.0,0.0,0.0
5.297935247421265,0.0,0.0,0.0
5.315926790237427,0.0,0.0,0.0
5.331971883773804,0.0,0.0,0.0
5.348392963409424,0.0,0.0,0.0
5.3644044399261475,0.0,0.0,0.0
5.380268096923828,0.0,0.0,0.0
5.397347450256348,0.0,0.0,0.0
5.413721323013306,0.0,0.0,0.0
5.4295265674591064,0.0,0.0,0.0
5.445599794387817,0.0,0.0,0.0
5.462762832641602,0.0,0.0,0.0
5.479749917984009,0.0,0.0,0.0
5.504514694213867,0.0,0.0,0.0
5.536887168884277,0.0,0.0,0.0
5.566832780838013,0.0,0.0,0.0
5.598124265670776,0.0,0.0,0.0
5.628530740737915,0.0,0.0,0.0
5.65973687171936,0.0,0.0,0.0
5.691224575042725,0.0,0.0,0.0
5.721367359161377,0.0,0.0,0.0
5.7496232986450195,0.0,0.0,0.0
5.782917499542236,0.0,0.0,0.0
5.8112452030181885,0.0,0.0,0.0
5.8266990184783936,0.0,0.0,0.0
5.84231972694397,0.0,0.0,0.0
5.859691858291626,0.0,0.0,0.0
5.8761680126190186,0.0,0.0,0.0
5.892303228378296,0.0,0.0,0.0
5.90867280960083,0.0,0.0,0.0
5.925899267196655,0.0,0.0,0.0
5.9409449100494385,0.0,0.0,0.0
5.95785665512085,0.0,0.0,0.0
6.000546455383301,0.0,0.0,0.0
6.031912565231323,0.0,0.0,0.0
6.063937425613403,0.0,0.0,0.0
6.094068288803101,0.0,0.0,0.0
6.129836320877075,0.0,0.0,0.0
6.155826807022095,0.0,0.0,0.0
6.186832666397095,0.0,0.0,0.0
6.216582536697388,0.0,0.0,0.0
6.24783182144165,0.0,0.0,0.0
6.280150890350342,0.0,0.0,0.0
6.308173418045044,0.0,0.0,0.0
6.339579820632935,0.0,0.0,0.0
6.3719141483306885,0.0,0.0,0.0
6.403686046600342,0.0,0.0,0.0
6.435159921646118,0.0,0.0,0.0
6.465503692626953,0.0,0.0,0.0
6.496288537979126,0.0,0.0,0.0
6.535815954208374,0.0,0.0,0.0
6.571741819381714,0.0,0.0,0.0
6.602267026901245,0.0,0.0,0.0
6.633474111557007,0.0,0.0,0.0
6.664746046066284,0.0,0.0,0.0
6.697065591812134,0.0,0.0,0.0
6.728259086608887,0.0,0.0,0.0
6.761005640029907,0.0,0.0,0.0
6.788865804672241,0.0,0.0,0.0
6.818869113922119,0.0,0.0,0.0
6.850992202758789,0.0,0.0,0.0
6.88216495513916,0.0,0.0,0.0
6.911278963088989,0.0,0.0,0.0
6.947972774505615,0.0,0.0,0.0
6.986429452896118,0.0,0.0,0.0
7.01867151260376,0.0,0.0,0.0
7.049986362457275,0.0,0.0,0.0
7.081063270568848,0.0,0.0,0.0
7.11071252822876,0.0,0.0,0.0
7.140973329544067,0.0,0.0,0.0
7.17276406288147,0.0,0.0,0.0
7.188262462615967,0.0,0.0,0.0
7.204729318618774,0.0,0.0,0.0
7.222624778747559,0.0,0.0,0.0
7.238745450973511,0.0,0.0,0.0
7.25580906867981,0.0,0.0,0.0
7.272601127624512,0.0,0.0,0.0
7.289865970611572,0.0,0.0,0.0
7.305661916732788,0.0,0.0,0.0
7.322692632675171,0.0,0.0,0.0
7.338984727859497,0.0,0.0,0.0
7.355213165283203,0.0,0.0,0.0
7.372109651565552,0.0,0.0,0.0
7.389864921569824,0.0,0.0,0.0
7.40601372718811,0.0,0.0,0.0
7.422059059143066,0.0,0.0,0.0
7.43808913230896,0.0,0.0,0.0
7.454802751541138,0.0,0.0,0.0
7.471270561218262,0.0,0.0,0.0
7.4878668785095215,0.0,0.0,0.0
7.503201007843018,0.0,0.0,0.0
7.520051002502441,0.0,0.0,0.0
7.536947250366211,0.0,0.0,0.0
7.559046983718872,0.0,0.0,0.0
7.575030088424683,0.0,0.0,0.0
7.591832637786865,0.0,0.0,0.0
7.6077611446380615,0.0,0.0,0.0
7.626075983047485,0.0,0.0,0.0
7.642969846725464,0.0,0.0,0.0
7.659728050231934,0.0,0.0,0.0
7.676981210708618,0.0,0.0,0.0
7.693955183029175,0.0,0.0,0.0
7.710948467254639,0.0,0.0,0.0
7.727545499801636,0.0,0.0,0.0
7.7522664070129395,0.0,0.0,0.0
7.770578145980835,0.0,0.0,0.0
7.785731554031372,0.0,0.0,0.0
7.801141977310181,0.0,0.0,0.0
7.818317174911499,0.0,0.0,0.0
7.8373236656188965,0.0,0.0,0.0
7.855162858963013,0.0,0.0,0.0
7.872740745544434,0.0,0.0,0.0
7.888880014419556,0.0,0.0,0.0
7.906724452972412,0.0,0.0,0.0
7.924892902374268,0.0,0.0,0.0
7.942979097366333,0.0,0.0,0.0
7.971863269805908,0.0,0.0,0.0
7.9879560470581055,0.0,0.0,0.0
8.005040407180786,0.0,0.0,0.0
8.0203537940979,0.0,0.0,0.0
8.038925409317017,0.0,0.0,0.0
8.056549787521362,0.0,0.0,0.0
8.073194026947021,0.0,0.0,0.0
8.103905200958252,0.0,0.0,0.0
8.133772373199463,0.0,0.0,0.0
8.164759874343872,0.0,0.0,0.0
8.193187236785889,0.0,0.0,0.0
8.21442985534668,0.0,0.0,0.0
8.256120920181274,0.0,0.0,0.0
8.286275625228882,0.0,0.0,0.0
8.317872762680054,0.0,0.0,0.0
8.349886178970337,0.0,0.0,0.0
8.379424095153809,0.0,0.0,0.0
8.40992784500122,0.0,0.0,0.0
8.440969944000244,0.0,0.0,0.0
8.472826957702637,0.0,0.0,0.0
8.50267505645752,0.0,0.0,0.0
8.532346248626709,0.0,0.0,0.0
8.57063889503479,0.0,0.0,0.0
8.607779741287231,0.0,0.0,0.0
8.639830827713013,0.0,0.0,0.0
8.671166181564331,0.0,0.0,0.0
8.70206594467163,0.0,0.0,0.0
8.732158899307251,0.0,0.0,0.0
8.77443790435791,0.0,0.0,0.0
8.809965372085571,0.0,0.0,0.0
8.841954231262207,0.0,0.0,0.0
8.872601509094238,0.0,0.0,0.0
8.904231786727905,0.0,0.0,0.0
8.93357253074646,0.0,0.0,0.0
8.990516185760498,0.0,0.0,0.0
9.02588438987732,0.0,0.0,0.0
9.05557107925415,0.0,0.0,0.0
9.087432622909546,0.0,0.0,0.0
9.11677360534668,0.0,0.0,0.0
9.148146152496338,0.0,0.0,0.0
9.192882061004639,0.0,0.0,0.0
9.227792739868164,0.0,0.0,0.0
9.257771015167236,0.0,0.0,0.0
9.290126085281372,0.0,0.0,0.0
9.321293592453003,0.0,0.0,0.0
9.352174043655396,0.0,0.0,0.0
9.38811182975769,0.0,0.0,0.0
9.427488088607788,0.0,0.0,0.0
9.459334135055542,0.0,0.0,0.0
9.490427494049072,0.0,0.0,0.0
9.520785570144653,0.0,0.0,0.0
9.550974607467651,0.0,0.0,0.0
9.59330415725708,0.0,0.0,0.0
9.62825322151184,0.0,0.0,0.0
9.65906572341919,0.0,0.0,0.0
9.689535140991211,0.0,0.0,0.0
9.720061302185059,0.0,0.0,0.0
9.751441478729248,0.0,0.0,0.0
9.793065309524536,0.0,0.0,0.0
9.82779836654663,0.0,0.0,0.0
9.85990309715271,0.0,0.0,0.0
9.8766770362854,0.0,0.0,0.0
9.892327547073364,0.0,0.0,0.0
9.908539056777954,0.0,0.0,0.0
9.924743413925171,0.0,0.0,0.0
9.940422534942627,0.0,0.0,0.0
9.955629348754883,0.0,0.0,0.0
9.972905397415161,0.0,0.0,0.0
9.98975944519043,0.0,0.0,0.0
10.015697479248047,0.0,0.0,0.0
10.048168420791626,0.0,0.0,0.0
10.07884693145752,0.0,0.0,0.0
10.107868909835815,0.0,0.0,0.0
10.139078617095947,0.0,0.0,0.0
10.16937518119812,0.0,0.0,0.0
10.199901580810547,0.0,0.0,0.0
10.230892896652222,0.0,0.0,0.0
10.26093077659607,0.0,0.0,0.0
10.291478872299194,0.0,0.0,0.0
10.322513818740845,0.0,0.0,0.0
10.353206157684326,0.0,0.0,0.0
10.385799169540405,0.0,0.0,0.0
10.413797855377197,0.0,0.0,0.0
10.443797588348389,0.0,0.0,0.0
10.47310209274292,0.0,0.0,0.0
10.504162788391113,0.0,0.0,0.0
10.535161972045898,0.0,0.0,0.0
10.567233800888062,0.0,0.0,0.0
10.603744745254517,0.0,0.0,0.0
10.628743886947632,0.0,0.0,0.0
10.65877914428711,0.0,0.0,0.0
10.689456939697266,0.0,0.0,0.0
10.71948790550232,0.0,0.0,0.0
10.735981464385986,0.0,0.0,0.0
10.753017663955688,0.0,0.0,0.0
10.770282983779907,0.0,0.0,0.0
10.788889646530151,0.0,0.0,0.0
10.807877540588379,0.0,0.0,0.0
10.823298692703247,0.0,0.0,0.0
10.839792013168335,0.0,0.0,0.0
10.855510950088501,0.0,0.0,0.0
10.871332168579102,0.0,0.0,0.0
10.8877432346344,0.0,0.0,0.0
10.903294086456299,0.0,0.0,0.0
10.91983437538147,0.0,0.0,0.0
10.935420513153076,0.0,0.0,0.0
10.95156478881836,0.0,0.0,0.0
10.969099044799805,0.0,0.0,0.0
10.984982013702393,0.0,0.0,0.0
11.004626274108887,0.0,0.0,0.0
11.020636796951294,0.0,0.0,0.0
11.036342144012451,0.0,0.0,0.0
11.052059888839722,0.0,0.0,0.0
11.06808853149414,0.0,0.0,0.0
11.086205005645752,0.0,0.0,0.0
11.103964567184448,0.0,0.0,0.0
11.120201826095581,0.0,0.0,0.0
11.139021635055542,0.0,0.0,0.0
11.155761480331421,0.0,0.0,0.0
11.172152757644653,0.0,0.0,0.0
11.18916130065918,0.0,0.0,0.0
11.212528944015503,0.0,0.0,0.0
11.22800350189209,0.0,0.0,0.0
11.244023323059082,0.0,0.0,0.0
11.263610124588013,0.0,0.0,0.0
11.278795003890991,0.0,0.0,0.0
11.294924259185791,0.0,0.0,0.0
11.311130285263062,0.0,0.0,0.0
11.328571796417236,0.0,0.0,0.0
11.346096277236938,0.0,0.0,0.0
11.363301992416382,0.0,0.0,0.0
11.379047155380249,0.0,0.0,0.0
11.39713454246521,0.0,0.0,0.0
11.41945195198059,0.0,0.0,0.0
11.435890674591064,0.0,0.0,0.0
11.45105242729187,0.0,0.0,0.0
11.467076063156128,0.0,0.0,0.0
11.48273229598999,0.0,0.0,0.0
11.498916387557983,0.0,0.0,0.0
11.515028953552246,0.0,0.0,0.0
11.531016111373901,0.0,0.0,0.0
11.547769784927368,0.0,0.0,0.0
11.564896583557129,0.0,0.0,0.0
11.58204960823059,0.0,0.0,0.0
11.598833560943604,0.0,0.0,0.0
11.622636318206787,0.0,0.0,0.0
11.639476299285889,0.0,0.0,0.0
11.65649962425232,0.0,0.0,0.0
11.67267394065857,0.0,0.0,0.0
11.689723253250122,0.0,0.0,0.0
11.707011699676514,0.0,0.0,0.0
11.724027395248413,0.0,0.0,0.0
11.740632057189941,0.0,0.0,0.0
11.75832486152649,0.0,0.0,0.0
11.774693965911865,0.0,0.0,0.0
11.791061878204346,0.0,0.0,0.0
11.806589841842651,0.0,0.0,0.0
11.833748817443848,0.0,0.0,0.0
11.849616289138794,0.0,0.0,0.0
11.865471124649048,0.0,0.0,0.0
11.8815758228302,0.0,0.0,0.0
11.898154020309448,0.0,0.0,0.0
11.914484739303589,0.0,0.0,0.0
11.933107376098633,0.0,0.0,0.0
11.950005054473877,0.0,0.0,0.0
11.966185569763184,0.0,0.0,0.0
11.981898069381714,0.0,0.0,0.0
11.998332262039185,0.0,0.0,0.0
12.014978647232056,0.0,0.0,0.0
12.0316641330719,0.0,0.0,0.0
12.049145936965942,0.0,0.0,0.0
12.065759658813477,0.0,0.0,0.0
12.082096099853516,0.0,0.0,0.0
12.100331783294678,0.0,0.0,0.0
12.118390321731567,0.0,0.0,0.0
12.13590955734253,0.0,0.0,0.0
12.152702569961548,0.0,0.0,0.0
12.169108390808105,0.0,0.0,0.0
12.184431076049805,0.0,0.0,0.0
12.201938390731812,0.0,0.0,0.0
12.21911072731018,0.0,0.0,0.0
12.241102457046509,0.0,0.0,0.0
12.258119821548462,0.0,0.0,0.0
12.274292469024658,0.0,0.0,0.0
12.2902352809906,0.0,0.0,0.0
12.307049989700317,0.0,0.0,0.0
12.324085474014282,0.0,0.0,0.0
12.341055631637573,0.0,0.0,0.0
12.359414100646973,0.0,0.0,0.0
12.376497745513916,0.0,0.0,0.0
12.395205020904541,0.0,0.0,0.0
12.412935972213745,0.0,0.0,0.0
12.432142496109009,0.0,0.0,0.0
12.447316884994507,0.0,0.0,0.0
12.463751316070557,0.0,0.0,0.0
12.480138540267944,0.0,0.0,0.0
12.496017217636108,0.0,0.0,0.0
12.51271915435791,0.0,0.0,0.0
12.529737710952759,0.0,0.0,0.0
12.546732902526855,0.0,0.0,0.0
12.562896490097046,0.0,0.0,0.0
12.580088138580322,0.0,0.0,0.0
12.598208665847778,0.0,0.0,0.0
12.616208553314209,0.0,0.0,0.0
12.632662296295166,0.0,0.0,0.0
12.655169010162354,0.0,0.0,0.0
12.673234224319458,0.0,0.0,0.0
12.689170837402344,0.0,0.0,0.0
12.705753326416016,0.0,0.0,0.0
12.72324824333191,0.0,0.0,0.0
12.74099087715149,0.0,0.0,0.0
12.75812315940857,0.0,0.0,0.0
12.773927211761475,0.0,0.0,0.0
12.791114568710327,0.0,0.0,0.0
12.80893850326538,0.0,0.0,0.0
12.824973344802856,0.0,0.0,0.0
12.846164226531982,0.0,0.0,0.0
12.86217212677002,0.0,0.0,0.0
12.87855863571167,0.0,0.0,0.0
12.896333456039429,0.0,0.0,0.0
12.914321422576904,0.0,0.0,0.0
12.931432723999023,0.0,0.0,0.0
12.948314189910889,0.0,0.0,0.0
12.964904546737671,0.0,0.0,0.0
12.983320236206055,0.0,0.0,0.0
13.001147508621216,0.0,0.0,0.0
13.016189575195312,0.0,0.0,0.0
13.032190799713135,0.0,0.0,0.0
13.049153804779053,0.0,0.0,0.0
13.06485104560852,0.0,0.0,0.0
13.080671072006226,0.0,0.0,0.0
13.097097635269165,0.0,0.0,0.0
13.112760543823242,0.0,0.0,0.0
13.129977941513062,0.0,0.0,0.0
13.146209955215454,0.0,0.0,0.0
13.161712169647217,0.0,0.0,0.0
13.177140712738037,0.0,0.0,0.0
13.19228458404541,0.0,0.0,0.0
13.209698915481567,0.0,0.0,0.0
13.2280113697052,0.0,0.0,0.0
13.245128870010376,0.0,0.0,0.0
13.266088962554932,0.0,0.0,0.0
13.28472089767456,0.0,0.0,0.0
13.301947832107544,0.0,0.0,0.0
13.318301677703857,0.0,0.0,0.0
13.335311651229858,0.0,0.0,0.0
13.351842880249023,0.0,0.0,0.0
13.36772894859314,0.0,0.0,0.0
13.385164022445679,0.0,0.0,0.0
13.401501417160034,0.0,0.0,0.0
13.419172048568726,0.0,0.0,0.0
13.435434341430664,0.0,0.0,0.0
13.459291696548462,0.0,0.0,0.0
13.480364084243774,0.0,0.0,0.0
13.498164176940918,0.0,0.0,0.0
13.515101194381714,0.0,0.0,0.0
13.53139853477478,0.0,0.0,0.0
13.55029821395874,0.0,0.0,0.0
13.568475008010864,0.0,0.0,0.0
13.587480306625366,0.0,0.0,0.0
13.60591435432434,0.0,0.0,0.0
13.625346899032593,0.0,0.0,0.0
13.64302134513855,0.0,0.0,0.0
13.66617727279663,0.0,0.0,0.0
13.681875944137573,0.0,0.0,0.0
13.6983962059021,0.0,0.0,0.0
13.715698957443237,0.0,0.0,0.0
13.732538223266602,0.0,0.0,0.0
13.748413801193237,0.0,0.0,0.0
13.764956951141357,0.0,0.0,0.0
13.782586336135864,0.0,0.0,0.0
13.799492835998535,0.0,0.0,0.0
13.81740951538086,0.0,0.0,0.0
13.835126638412476,0.0,0.0,0.0
13.85215449333191,0.0,0.0,0.0
13.871321678161621,0.0,0.0,0.0
13.887116432189941,0.0,0.0,0.0
13.903249025344849,0.0,0.0,0.0
13.920339584350586,0.0,0.0,0.0
13.937246322631836,0.0,0.0,0.0
13.955368041992188,0.0,0.0,0.0
13.972814559936523,0.0,0.0,0.0
13.988958597183228,0.0,0.0,0.0
14.007167100906372,0.0,0.0,0.0
14.023525953292847,0.0,0.0,0.0
14.039632797241211,0.0,0.0,0.0
14.06070065498352,0.0,0.0,0.0
14.081286191940308,0.0,0.0,0.0
14.098729372024536,0.0,0.0,0.0
14.117109298706055,0.0,0.0,0.0
14.135436773300171,0.0,0.0,0.0
14.153182983398438,0.0,0.0,0.0
14.169650793075562,0.0,0.0,0.0
14.187904357910156,0.0,0.0,0.0
14.203727006912231,0.0,0.0,0.0
14.220153093338013,0.0,0.0,0.0
14.235865116119385,0.0,0.0,0.0
14.251927614212036,0.0,0.0,0.0
14.272180795669556,0.0,0.0,0.0
14.288087844848633,0.0,0.0,0.0
14.304140567779541,0.0,0.0,0.0
14.319827556610107,0.0,0.0,0.0
14.337237119674683,0.0,0.0,0.0
14.355198383331299,0.0,0.0,0.0
14.372227907180786,0.0,0.0,0.0
14.389331102371216,0.0,0.0,0.0
14.406911849975586,0.0,0.0,0.0
14.424342155456543,0.0,0.0,0.0
14.440334796905518,0.0,0.0,0.0
14.45622706413269,0.0,0.0,0.0
14.472722291946411,0.0,0.0,0.0
14.489124059677124,0.0,0.0,0.0
14.504870653152466,0.0,0.0,0.0
14.520275354385376,0.0,0.0,0.0
14.538289546966553,0.0,0.0,0.0
14.556337833404541,0.0,0.0,0.0
14.572972774505615,0.0,0.0,0.0
14.591889142990112,0.0,0.0,0.0
14.608418226242065,0.0,0.0,0.0
14.62550950050354,0.0,0.0,0.0
14.642707347869873,0.0,0.0,0.0
14.660728931427002,0.0,0.0,0.0
14.681289434432983,0.0,0.0,0.0
14.697823762893677,0.0,0.0,0.0
14.714211463928223,0.0,0.0,0.0
14.73134160041809,0.0,0.0,0.0
14.76864242553711,0.0,0.0,0.0
14.800038576126099,0.0,0.0,0.0
14.831352710723877,0.0,0.0,0.0
14.863399744033813,0.0,0.0,0.0
14.895262956619263,0.0,0.0,0.0
14.922935724258423,0.0,0.0,0.0
14.955478429794312,0.0,0.0,0.0
14.98556661605835,0.0,0.0,0.0
15.015908002853394,0.0,0.0,0.0
15.046984672546387,0.0,0.0,0.0
15.083095788955688,0.0,0.0,0.0
15.121745109558105,0.0,0.0,0.0
15.154042482376099,0.0,0.0,0.0
15.185031652450562,0.0,0.0,0.0
15.216322183609009,0.0,0.0,0.0
15.247570753097534,0.0,0.0,0.0
15.288218259811401,0.0,0.0,0.0
15.32126784324646,0.0,0.0,0.0
15.35210633277893,0.0,0.0,0.0
15.384325981140137,0.0,0.0,0.0
15.415630102157593,0.0,0.0,0.0
15.445107698440552,0.0,0.0,0.0
15.476365804672241,0.0,0.0,0.0
15.506142854690552,0.0,0.0,0.0
15.536089420318604,0.0,0.0,0.0
15.568704843521118,0.0,0.0,0.0
15.598544359207153,0.0,0.0,0.0
15.628800392150879,0.0,0.0,0.0
15.660444259643555,0.0,0.0,0.0
15.701770782470703,0.0,0.0,0.0
15.734892845153809,0.0,0.0,0.0
15.76509976387024,0.0,0.0,0.0
15.795043230056763,0.0,0.0,0.0
15.826197624206543,0.0,0.0,0.0
15.855959415435791,0.0,0.0,0.0
15.904101371765137,0.0,0.0,0.0
15.933562278747559,0.0,0.0,0.0
15.965180158615112,0.0,0.0,0.0
15.997361898422241,0.0,0.0,0.0
16.0293710231781,0.0,0.0,0.0
16.059649229049683,0.0,0.0,0.0
16.101494789123535,0.0,0.0,0.0
16.13938570022583,0.0,0.0,0.0
16.167781114578247,0.0,0.0,0.0
16.197846174240112,0.0,0.0,0.0
16.230493783950806,0.0,0.0,0.0
16.26143765449524,0.0,0.0,0.0
16.296292781829834,0.0,0.0,0.0
16.336174488067627,0.0,0.0,0.0
16.36850595474243,0.0,0.0,0.0
16.40072512626648,0.0,0.0,0.0
16.430149793624878,0.0,0.0,0.0
16.46038556098938,0.0,0.0,0.0
16.49199414253235,0.0,0.0,0.0
16.520487785339355,0.0,0.0,0.0
16.553544998168945,0.0,0.0,0.0
16.583120346069336,0.0,0.0,0.0
16.61572289466858,0.0,0.0,0.0
16.646170377731323,0.0,0.0,0.0
16.67765212059021,0.0,0.0,0.0
16.71896004676819,0.0,0.0,0.0
16.751758098602295,0.0,0.0,0.0
16.78161859512329,0.0,0.0,0.0
16.813321352005005,0.0,0.0,0.0
16.843376874923706,0.0,0.0,0.0
16.87176203727722,0.0,0.0,0.0
16.90463376045227,0.0,0.0,0.0
16.93182373046875,0.0,0.0,0.0
16.964431285858154,0.0,0.0,0.0
16.994361639022827,0.0,0.0,0.0
17.024957418441772,0.0,0.0,0.0
17.06740951538086,0.0,0.0,0.0
17.10008716583252,0.0,0.0,0.0
17.131519079208374,0.0,0.0,0.0
17.162708044052124,0.0,0.0,0.0
17.194605112075806,0.0,0.0,0.0
17.227450132369995,0.0,0.0,0.0
17.258696794509888,0.0,0.0,0.0
17.289854049682617,0.0,0.0,0.0
17.319074392318726,0.0,0.0,0.0
17.348376035690308,0.0,0.0,0.0
17.38034462928772,0.0,0.0,0.0
17.397167444229126,0.0,0.0,0.0
17.41358518600464,0.0,0.0,0.0
17.43560552597046,0.0,0.0,0.0
17.451174020767212,0.0,0.0,0.0
17.467384576797485,0.0,0.0,0.0
17.483893394470215,0.0,0.0,0.0
17.502342700958252,0.0,0.0,0.0
17.532199144363403,0.0,0.0,0.0
17.54943823814392,0.0,0.0,0.0
17.566823959350586,0.0,0.0,0.0
17.583670139312744,0.0,0.0,0.0
17.600204944610596,0.0,0.0,0.0
17.616285800933838,0.0,0.0,0.0
17.63204312324524,0.0,0.0,0.0
17.648391723632812,0.0,0.0,0.0
17.66537094116211,0.0,0.0,0.0
17.68342685699463,0.0,0.0,0.0
17.700031280517578,0.0,0.0,0.0
17.722283124923706,0.0,0.0,0.0
17.74137806892395,0.0,0.0,0.0
17.7574622631073,0.0,0.0,0.0
17.7735595703125,0.0,0.0,0.0
17.79053831100464,0.0,0.0,0.0
17.80756139755249,0.0,0.0,0.0
17.82549786567688,0.0,0.0,0.0
17.841509342193604,0.0,0.0,0.0
17.87335705757141,0.0,0.0,0.0
17.9057195186615,0.0,0.0,0.0
17.934853076934814,0.0,0.0,0.0
17.951079845428467,0.0,0.0,0.0
17.96729826927185,0.0,0.0,0.0
17.982935428619385,0.0,0.0,0.0
17.998409271240234,0.0,0.0,0.0
18.014567852020264,0.0,0.0,0.0
18.032529830932617,0.0,0.0,0.0
18.048311948776245,0.0,0.0,0.0
18.06561589241028,0.0,0.0,0.0
18.081950426101685,0.0,0.0,0.0
18.098655700683594,0.0,0.0,0.0
18.11589503288269,0.0,0.0,0.0
18.13331413269043,0.0,0.0,0.0
18.150457620620728,0.0,0.0,0.0
18.16573667526245,0.0,0.0,0.0
18.18190026283264,0.0,0.0,0.0
18.198434352874756,0.0,0.0,0.0
18.21541666984558,0.0,0.0,0.0
18.23097586631775,0.0,0.0,0.0
18.248172283172607,0.0,0.0,0.0
18.264705419540405,0.0,0.0,0.0
18.280888080596924,0.0,0.0,0.0
18.296713829040527,0.0,0.0,0.0
18.312944889068604,0.0,0.0,0.0
18.333983898162842,0.0,0.0,0.0
18.349961280822754,0.0,0.0,0.0
18.365714073181152,0.0,0.0,0.0
18.382052183151245,0.0,0.0,0.0
18.39846158027649,0.0,0.0,0.0
18.414584636688232,0.0,0.0,0.0
18.431629180908203,0.0,0.0,0.0
18.448843240737915,0.0,0.0,0.0
18.46538543701172,0.0,0.0,0.0
18.482240676879883,0.0,0.0,0.0
18.51364254951477,0.0,0.0,0.0
18.532519578933716,0.0,0.0,0.0
18.552260160446167,0.0,0.0,0.0
18.56829285621643,0.0,0.0,0.0
18.58355951309204,0.0,0.0,0.0
18.613776206970215,0.0,0.0,0.0
18.644380569458008,0.0,0.0,0.0
18.676069498062134,0.0,0.0,0.0
18.70757007598877,0.0,0.0,0.0
18.73822855949402,0.0,0.0,0.0
18.767216444015503,0.0,0.0,0.0
18.79730725288391,0.0,0.0,0.0
18.827598571777344,0.0,0.0,0.0
18.85805058479309,0.0,0.0,0.0
18.889237642288208,0.0,0.0,0.0
18.920621633529663,0.0,0.0,0.0
18.954461812973022,0.0,0.0,0.0
18.980244636535645,0.0,0.0,0.0
19.011455059051514,0.0,0.0,0.0
19.04350709915161,0.0,0.0,0.0
19.07449984550476,0.0,0.0,0.0
19.103284120559692,0.0,0.0,0.0
19.13478183746338,0.0,0.0,0.0
19.163262605667114,0.0,0.0,0.0
19.193946361541748,0.0,0.0,0.0
19.226144075393677,0.0,0.0,0.0
19.25682234764099,0.0,0.0,0.0
19.287802934646606,0.0,0.0,0.0
19.318358182907104,0.0,0.0,0.0
19.3514986038208,0.0,0.0,0.0
19.38035273551941,0.0,0.0,0.0
19.413077354431152,0.0,0.0,0.0
19.443044185638428,0.0,0.0,0.0
19.475437879562378,0.0,0.0,0.0
19.504514932632446,0.0,0.0,0.0
19.536777019500732,0.0,0.0,0.0
19.56498432159424,0.0,0.0,0.0
19.596460103988647,0.0,0.0,0.0
19.627771377563477,0.0,0.0,0.0
19.658426523208618,0.0,0.0,0.0
19.687230587005615,0.0,0.0,0.0
19.71797513961792,0.0,0.0,0.0
19.75556254386902,0.0,0.0,0.0
19.79521369934082,0.0,0.0,0.0
19.82776403427124,0.0,0.0,0.0
19.858614683151245,0.0,0.0,0.0
19.88751769065857,0.0,0.0,0.0
19.91969585418701,0.0,0.0,0.0
19.963693380355835,0.0,0.0,0.0
20.000521421432495,0.0,0.0,0.0
20.030434608459473,0.0,0.0,0.0
20.06044316291809,0.0,0.0,0.0
20.090843439102173,0.0,0.0,0.0
20.120685815811157,0.0,0.0,0.0
20.16386914253235,0.0,0.0,0.0
20.198720693588257,0.0,0.0,0.0
20.228514671325684,0.0,0.0,0.0
20.260486841201782,0.0,0.0,0.0
20.292328119277954,0.0,0.0,0.0
20.321873426437378,0.0,0.0,0.0
20.352190494537354,0.0,0.0,0.0
20.38363218307495,0.0,0.0,0.0
20.41555094718933,0.0,0.0,0.0
20.445911645889282,0.0,0.0,0.0
20.47855305671692,0.0,0.0,0.0
20.508612394332886,0.0,0.0,0.0
20.539172410964966,0.0,0.0,0.0
20.58219265937805,0.0,0.0,0.0
20.61751651763916,0.0,0.0,0.0
20.648544549942017,0.0,0.0,0.0
20.67851185798645,0.0,0.0,0.0
20.709881067276,0.0,0.0,0.0
20.740643739700317,0.0,0.0,0.0
20.775431394577026,0.0,0.0,0.0
20.8144793510437,0.0,0.0,0.0
20.84693670272827,0.0,0.0,0.0
20.876206636428833,0.0,0.0,0.0
20.90672278404236,0.0,0.0,0.0
20.936347484588623,0.0,0.0,0.0
20.980888605117798,0.0,0.0,0.0
21.015658617019653,0.0,0.0,0.0
21.046217679977417,0.0,0.0,0.0
21.077008724212646,0.0,0.0,0.0
21.10710883140564,0.0,0.0,0.0
21.13908624649048,0.0,0.0,0.0
21.171764612197876,0.0,0.0,0.0
21.200366497039795,0.0,0.0,0.0
21.232431411743164,0.0,0.0,0.0
21.26304578781128,0.0,0.0,0.0
21.29550075531006,0.0,0.0,0.0
21.32654857635498,0.0,0.0,0.0
21.357136249542236,0.0,0.0,0.0
21.386574745178223,0.0,0.0,0.0
21.41755199432373,0.0,0.0,0.0
21.44709324836731,0.0,0.0,0.0
21.47802972793579,0.0,0.0,0.0
21.50938320159912,0.0,0.0,0.0
21.541167974472046,0.0,0.0,0.0
21.571879863739014,0.0,0.0,0.0
21.6030216217041,0.0,0.0,0.0
21.633870363235474,0.0,0.0,0.0
21.66411066055298,0.0,0.0,0.0
21.695815801620483,0.0,0.0,0.0
21.726503133773804,0.0,0.0,0.0
21.75780439376831,0.0,0.0,0.0
21.792374849319458,0.0,0.0,0.0
21.81835126876831,0.0,0.0,0.0
21.850717782974243,0.0,0.0,0.0
21.881715059280396,0.0,0.0,0.0
21.91142249107361,0.0,0.0,0.0
21.94256091117859,0.0,0.0,0.0
21.972530841827393,0.0,0.0,0.0
22.001596689224243,0.0,0.0,0.0
22.031987190246582,0.0,0.0,0.0
22.063605070114136,0.0,0.0,0.0
22.095223903656006,0.0,0.0,0.0
22.125885248184204,0.0,0.0,0.0
22.15691351890564,0.0,0.0,0.0
22.19764280319214,0.0,0.0,0.0
22.231298208236694,0.0,0.0,0.0
22.263612270355225,0.0,0.0,0.0
22.29329824447632,0.0,0.0,0.0
22.323583602905273,0.0,0.0,0.0
22.355534553527832,0.0,0.0,0.0
22.38305950164795,0.0,0.0,0.0
22.41460084915161,0.0,0.0,0.0
22.445687532424927,0.0,0.0,0.0
22.476412534713745,0.0,0.0,0.0
22.506580352783203,0.0,0.0,0.0
22.537110328674316,0.0,0.0,0.0
22.56752347946167,0.0,0.0,0.0
22.607311964035034,0.0,0.0,0.0
22.643672704696655,0.0,0.0,0.0
22.67471408843994,0.0,0.0,0.0
22.707147121429443,0.0,0.0,0.0
22.737950801849365,0.0,0.0,0.0
22.76887583732605,0.0,0.0,0.0
22.80475926399231,0.0,0.0,0.0
22.844616413116455,0.0,0.0,0.0
22.87580442428589,0.0,0.0,0.0
22.905928373336792,0.0,0.0,0.0
22.935713052749634,0.0,0.0,0.0
22.96533989906311,0.0,0.0,0.0
23.007713079452515,0.0,0.0,0.0
23.042657136917114,0.0,0.0,0.0
23.073220252990723,0.0,0.0,0.0
23.104811191558838,0.0,0.0,0.0
23.135645866394043,0.0,0.0,0.0
23.16552734375,0.0,0.0,0.0
23.196754932403564,0.0,0.0,0.0
23.225732564926147,0.0,0.0,0.0
23.256698608398438,0.0,0.0,0.0
23.288068056106567,0.0,0.0,0.0
23.31833553314209,0.0,0.0,0.0
23.34910488128662,0.0,0.0,0.0
23.380945682525635,0.0,0.0,0.0
23.412258625030518,0.0,0.0,0.0
23.441651582717896,0.0,0.0,0.0
23.47363805770874,0.0,0.0,0.0
23.503625631332397,0.0,0.0,0.0
23.533435106277466,0.0,0.0,0.0
23.564603567123413,0.0,0.0,0.0
23.594086170196533,0.0,0.0,0.0
23.624346017837524,0.0,0.0,0.0
23.656601905822754,0.0,0.0,0.0
23.686755895614624,0.0,0.0,0.0
23.717899084091187,0.0,0.0,0.0
23.74821138381958,0.0,0.0,0.0
23.780842542648315,0.0,0.0,0.0
23.815470457077026,0.0,0.0,0.0
23.85677218437195,0.0,0.0,0.0
23.887616634368896,0.0,0.0,0.0
23.9185152053833,0.0,0.0,0.0
23.949936628341675,0.0,0.0,0.0
23.98031258583069,0.0,0.0,0.0
24.015588998794556,0.0,0.0,0.0
24.040855169296265,0.0,0.0,0.0
24.071737051010132,0.0,0.0,0.0
24.10206437110901,0.0,0.0,0.0
24.133724212646484,0.0,0.0,0.0
24.163264513015747,0.0,0.0,0.0
24.194686889648438,0.0,0.0,0.0
24.238361358642578,0.0,0.0,0.0
24.271204471588135,0.0,0.0,0.0
24.303042888641357,0.0,0.0,0.0
24.333724975585938,0.0,0.0,0.0
24.36440634727478,0.0,0.0,0.0
24.39488697052002,0.0,0.0,0.0
24.42508339881897,0.0,0.0,0.0
24.454027891159058,0.0,0.0,0.0
24.485156774520874,0.0,0.0,0.0
24.516900777816772,0.0,0.0,0.0
24.5478093624115,0.0,0.0,0.0
24.577693700790405,0.0,0.0,0.0
24.6086688041687,0.0,0.0,0.0
24.641722440719604,0.0,0.0,0.0
24.668681144714355,0.0,0.0,0.0
24.699984312057495,0.0,0.0,0.0
24.73085856437683,0.0,0.0,0.0
24.761160612106323,0.0,0.0,0.0
24.791176319122314,0.0,0.0,0.0
24.822880029678345,0.0,0.0,0.0
24.850874423980713,0.0,0.0,0.0
24.8825204372406,0.0,0.0,0.0
24.914806842803955,0.0,0.0,0.0
24.94578742980957,0.0,0.0,0.0
24.976482152938843,0.0,0.0,0.0
25.007304191589355,0.0,0.0,0.0
25.052982568740845,0.0,0.0,0.0
25.084092378616333,0.0,0.0,0.0
25.114601373672485,0.0,0.0,0.0
25.14548420906067,0.0,0.0,0.0
25.194726943969727,0.0,0.0,0.0
25.220691680908203,0.0,0.0,0.0
25.25148868560791,0.0,0.0,0.0
25.282354831695557,0.0,0.0,0.0
25.314565420150757,0.0,0.0,0.0
25.347079753875732,0.0,0.0,0.0
25.378151893615723,0.0,0.0,0.0
25.409740686416626,0.0,0.0,0.0
25.43994927406311,0.0,0.0,0.0
25.46808409690857,0.0,0.0,0.0
25.498969554901123,0.0,0.0,0.0
25.529468536376953,0.0,0.0,0.0
25.560547590255737,0.0,0.0,0.0
25.592968463897705,0.0,0.0,0.0
25.62509036064148,0.0,0.0,0.0
25.65352964401245,0.0,0.0,0.0
25.68592095375061,0.0,0.0,0.0
25.71744179725647,0.0,0.0,0.0
25.747395753860474,0.0,0.0,0.0
25.777931213378906,0.0,0.0,0.0
25.807430505752563,0.0,0.0,0.0
25.83776092529297,0.0,0.0,0.0
25.87076425552368,0.0,0.0,0.0
25.899040460586548,0.0,0.0,0.0
25.92976212501526,0.0,0.0,0.0
25.96088409423828,0.0,0.0,0.0
25.991683959960938,0.0,0.0,0.0
26.02275800704956,0.0,0.0,0.0
26.05777645111084,0.0,0.0,0.0
26.097678184509277,0.0,0.0,0.0
26.130779266357422,0.0,0.0,0.0
26.162506103515625,0.0,0.0,0.0
26.19424533843994,0.0,0.0,0.0
26.224313735961914,0.0,0.0,0.0
26.264607191085815,0.0,0.0,0.0
26.301912784576416,0.0,0.0,0.0
26.333059310913086,0.0,0.0,0.0
26.364439725875854,0.0,0.0,0.0
26.394036054611206,0.0,0.0,0.0
26.424859523773193,0.0,0.0,0.0
26.456737756729126,0.0,0.0,0.0
26.484946966171265,0.0,0.0,0.0
26.515788316726685,0.0,0.0,0.0
26.547977447509766,0.0,0.0,0.0
26.57823872566223,0.0,0.0,0.0
26.609888553619385,0.0,0.0,0.0
26.63889193534851,0.0,0.0,0.0
26.668689012527466,0.0,0.0,0.0
26.69926381111145,0.0,0.0,0.0
26.731792211532593,0.0,0.0,0.0
26.762542486190796,0.0,0.0,0.0
26.792802333831787,0.0,0.0,0.0
26.823375463485718,0.0,0.0,0.0
26.866877794265747,0.0,0.0,0.0
26.8998601436615,0.0,0.0,0.0
26.93033456802368,0.0,0.0,0.0
26.96204447746277,0.0,0.0,0.0
26.9936945438385,0.0,0.0,0.0
27.02379083633423,0.0,0.0,0.0
27.055342435836792,0.0,0.0,0.0
27.084941148757935,0.0,0.0,0.0
27.115886211395264,0.0,0.0,0.0
27.14668917655945,0.0,0.0,0.0
27.17855191230774,0.0,0.0,0.0
27.20868182182312,0.0,0.0,0.0
27.23978090286255,0.0,0.0,0.0
27.270715475082397,0.0,0.0,0.0
27.299856901168823,0.0,0.0,0.0
27.33184814453125,0.0,0.0,0.0
27.36243748664856,0.0,0.0,0.0
27.392513751983643,0.0,0.0,0.0
27.423020124435425,0.0,0.0,0.0
27.452955722808838,0.0,0.0,0.0
27.481717109680176,0.0,0.0,0.0
27.51266646385193,0.0,0.0,0.0
27.54500722885132,0.0,0.0,0.0
27.575289011001587,0.0,0.0,0.0
27.605992555618286,0.0,0.0,0.0
27.63547420501709,0.0,0.0,0.0
27.674026250839233,0.0,0.0,0.0
27.715073347091675,0.0,0.0,0.0
27.74412751197815,0.0,0.0,0.0
27.776313304901123,0.0,0.0,0.0
27.80531668663025,0.0,0.0,0.0
27.835824251174927,0.0,0.0,0.0
27.893892526626587,0.0,0.0,0.0
27.929433822631836,0.0,0.0,0.0
27.959838390350342,0.0,0.0,0.0
27.99005150794983,0.0,0.0,0.0
28.023042678833008,0.0,0.0,0.0
28.053504467010498,0.0,0.0,0.0
28.09687042236328,0.0,0.0,0.0
28.12997555732727,0.0,0.0,0.0
28.159594774246216,0.0,0.0,0.0
28.19088315963745,0.0,0.0,0.0
28.233667135238647,0.0,0.0,0.0
28.266667127609253,0.0,0.0,0.0
28.296703577041626,0.0,0.0,0.0
28.32685089111328,0.0,0.0,0.0
28.356852054595947,0.0,0.0,0.0
28.386794805526733,0.0,0.0,0.0
28.41771149635315,0.0,0.0,0.0
28.44986581802368,0.0,0.0,0.0
28.482868909835815,0.0,0.0,0.0
28.510883331298828,0.0,0.0,0.0
28.541962146759033,0.0,0.0,0.0
28.5731463432312,0.0,0.0,0.0
28.602704763412476,0.0,0.0,0.0
28.633314609527588,0.0,0.0,0.0
28.665059328079224,0.0,0.0,0.0
28.699851989746094,0.0,0.0,0.0
28.724446535110474,0.0,0.0,0.0
28.755396604537964,0.0,0.0,0.0
28.787121057510376,0.0,0.0,0.0
28.817946672439575,0.0,0.0,0.0
28.848647832870483,0.0,0.0,0.0
28.87894582748413,0.0,0.0,0.0
28.935577869415283,0.0,0.0,0.0
28.982577800750732,0.0,0.0,0.0
29.015196561813354,0.0,0.0,0.0
29.046666145324707,0.0,0.0,0.0
29.077818870544434,0.0,0.0,0.0
29.110910177230835,0.0,0.0,0.0
29.140646934509277,0.0,0.0,0.0
29.172359228134155,0.0,0.0,0.0
29.22914171218872,0.0,0.0,0.0
29.263230800628662,0.0,0.0,0.0
29.29901385307312,0.0,0.0,0.0
29.326609134674072,0.0,0.0,0.0
29.35752511024475,0.0,0.0,0.0
29.390233993530273,0.0,0.0,0.0
29.418911457061768,0.0,0.0,0.0
29.448471784591675,0.0,0.0,0.0
29.47918152809143,0.0,0.0,0.0
29.509714126586914,0.0,0.0,0.0
29.54049277305603,0.0,0.0,0.0
29.572315216064453,0.0,0.0,0.0
29.604105234146118,0.0,0.0,0.0
29.633544921875,0.0,0.0,0.0
29.66495633125305,0.0,0.0,0.0
29.696882009506226,0.0,0.0,0.0
29.731006383895874,0.0,0.0,0.0
29.75636100769043,0.0,0.0,0.0
29.788170337677002,0.0,0.0,0.0
29.818780422210693,0.0,0.0,0.0
29.848780393600464,0.0,0.0,0.0
29.878779888153076,0.0,0.0,0.0
29.911368370056152,0.0,0.0,0.0
29.940555810928345,0.0,0.0,0.0
29.971574783325195,0.0,0.0,0.0
30.003046989440918,0.0,0.0,0.0
30.034602403640747,0.0,0.0,0.0
30.065974950790405,0.0,0.0,0.0
30.096283435821533,0.0,0.0,0.0
30.129345893859863,0.0,0.0,0.0
30.15788221359253,0.0,0.0,0.0
30.189780712127686,0.0,0.0,0.0
30.21966242790222,0.0,0.0,0.0
30.25334334373474,0.0,0.0,0.0
30.283689975738525,0.0,0.0,0.0
30.319993257522583,0.0,0.0,0.0
30.35966205596924,0.0,0.0,0.0
30.392082691192627,0.0,0.0,0.0
30.422342538833618,0.0,0.0,0.0
30.452996730804443,0.0,0.0,0.0
30.48407793045044,0.0,0.0,0.0
30.513365030288696,0.0,0.0,0.0
30.542001247406006,0.0,0.0,0.0
30.57420802116394,0.0,0.0,0.0
30.603625535964966,0.0,0.0,0.0
30.634705543518066,0.0,0.0,0.0
30.66598629951477,0.0,0.0,0.0
30.69721555709839,0.0,0.0,0.0
30.731721878051758,0.0,0.0,0.0
30.770010948181152,0.0,0.0,0.0
30.8031804561615,0.0,0.0,0.0
30.8340744972229,0.0,0.0,0.0
30.861138105392456,0.0,0.0,0.0
30.90517497062683,0.0,0.0,0.0
30.95274782180786,0.0,0.0,0.0
30.985750436782837,0.0,0.0,0.0
31.01747179031372,0.0,0.0,0.0
31.047178030014038,0.0,0.0,0.0
31.077919483184814,0.0,0.0,0.0
31.10930633544922,0.0,0.0,0.0
31.139150619506836,0.0,0.0,0.0
31.171196460723877,0.0,0.0,0.0
31.202690839767456,0.0,0.0,0.0
31.23303246498108,0.0,0.0,0.0
31.291016578674316,0.0,0.0,0.0
31.337526321411133,0.0,0.0,0.0
31.369526624679565,0.0,0.0,0.0
31.400604724884033,0.0,0.0,0.0
31.430699110031128,0.0,0.0,0.0
31.46186590194702,0.0,0.0,0.0
31.49203872680664,0.0,0.0,0.0
31.522729873657227,0.0,0.0,0.0
31.55416989326477,0.0,0.0,0.0
31.585618257522583,0.0,0.0,0.0
31.617440462112427,0.0,0.0,0.0
31.64847731590271,0.0,0.0,0.0
31.67804503440857,0.0,0.0,0.0
31.7086398601532,0.0,0.0,0.0
31.751546144485474,0.0,0.0,0.0
31.78507971763611,0.0,0.0,0.0
31.815756797790527,0.0,0.0,0.0
31.849055290222168,0.0,0.0,0.0
31.88005781173706,0.0,0.0,0.0
31.912129163742065,0.0,0.0,0.0
31.945740938186646,0.0,0.0,0.0
31.986979722976685,0.0,0.0,0.0
32.01808142662048,0.0,0.0,0.0
32.04904389381409,0.0,0.0,0.0
32.08021330833435,0.0,0.0,0.0
32.110074520111084,0.0,0.0,0.0
32.14906978607178,0.0,0.0,0.0
32.18707633018494,0.0,0.0,0.0
32.21670436859131,0.0,0.0,0.0
32.24827241897583,0.0,0.0,0.0
32.27908110618591,0.0,0.0,0.0
32.30913162231445,0.0,0.0,0.0
32.34427833557129,0.0,0.0,0.0
32.36972117424011,0.0,0.0,0.0
32.39955687522888,0.0,0.0,0.0
32.42910313606262,0.0,0.0,0.0
32.459099769592285,0.0,0.0,0.0
32.491170167922974,0.0,0.0,0.0
32.52124357223511,0.0,0.0,0.0
32.55624461174011,0.0,0.0,0.0
32.58324432373047,0.0,0.0,0.0
32.61225080490112,0.0,0.0,0.0
32.6440007686615,0.0,0.0,0.0
32.67471385002136,0.0,0.0,0.0
32.705974102020264,0.0,0.0,0.0
32.73509740829468,0.0,0.0,0.0
32.7701575756073,0.0,0.0,0.0
32.79790902137756,0.0,0.0,0.0
32.828023195266724,0.0,0.0,0.0
32.860207080841064,0.0,0.0,0.0
32.89179706573486,0.0,0.0,0.0
32.92451786994934,0.0,0.0,0.0
32.956493616104126,0.0,0.0,0.0
32.98514223098755,0.0,0.0,0.0
33.01549315452576,0.0,0.0,0.0
33.047157764434814,0.0,0.0,0.0
33.078407287597656,0.0,0.0,0.0
33.10914659500122,0.0,0.0,0.0
33.139938831329346,0.0,0.0,0.0
33.170276165008545,0.0,0.0,0.0
33.201555490493774,0.0,0.0,0.0
33.23372006416321,0.0,0.0,0.0
33.27554130554199,0.0,0.0,0.0
33.3076434135437,0.0,0.0,0.0
33.33887577056885,0.0,0.0,0.0
33.36876034736633,0.0,0.0,0.0
33.40019345283508,0.0,0.0,0.0
33.43071460723877,0.0,0.0,0.0
33.463200092315674,0.0,0.0,0.0
33.492955684661865,0.0,0.0,0.0
33.52270269393921,0.0,0.0,0.0
33.552735805511475,0.0,0.0,0.0
33.582359313964844,0.0,0.0,0.0
33.614107608795166,0.0,0.0,0.0
33.644885778427124,0.0,0.0,0.0
33.67621302604675,0.0,0.0,0.0
33.708099126815796,0.0,0.0,0.0
33.739152908325195,0.0,0.0,0.0
33.77471208572388,0.0,0.0,0.0
33.813539028167725,0.0,0.0,0.0
33.84534788131714,0.0,0.0,0.0
33.87830877304077,0.0,0.0,0.0
33.90818190574646,0.0,0.0,0.0
33.938323974609375,0.0,0.0,0.0
33.98033356666565,0.0,0.0,0.0
34.015803813934326,0.0,0.0,0.0
34.048166275024414,0.0,0.0,0.0
34.07940363883972,0.0,0.0,0.0
34.10949397087097,0.0,0.0,0.0
34.140493631362915,0.0,0.0,0.0
34.17359638214111,0.0,0.0,0.0
34.19971442222595,0.0,0.0,0.0
34.232298851013184,0.0,0.0,0.0
34.26121139526367,0.0,0.0,0.0
34.29231834411621,0.0,0.0,0.0
34.32178831100464,0.0,0.0,0.0
34.353288412094116,0.0,0.0,0.0
34.39549493789673,0.0,0.0,0.0
34.42880320549011,0.0,0.0,0.0
34.46145701408386,0.0,0.0,0.0
34.49310326576233,0.0,0.0,0.0
34.523815631866455,0.0,0.0,0.0
34.55499815940857,0.0,0.0,0.0
34.5878586769104,0.0,0.0,0.0
34.61536145210266,0.0,0.0,0.0
34.64647912979126,0.0,0.0,0.0
34.67613458633423,0.0,0.0,0.0
34.70851492881775,0.0,0.0,0.0
34.7391402721405,0.0,0.0,0.0
34.76999616622925,0.0,0.0,0.0
34.80400109291077,0.0,0.0,0.0
34.82911562919617,0.0,0.0,0.0
34.86019563674927,0.0,0.0,0.0
34.89230275154114,0.0,0.0,0.0
34.92237186431885,0.0,0.0,0.0
34.953530073165894,0.0,0.0,0.0
34.98426556587219,0.0,0.0,0.0
35.01376724243164,0.0,0.0,0.0
35.045345306396484,0.0,0.0,0.0
35.07845377922058,0.0,0.0,0.0
35.108131885528564,0.0,0.0,0.0
35.139206886291504,0.0,0.0,0.0
35.17143893241882,0.0,0.0,0.0
35.202014207839966,0.0,0.0,0.0
35.231066942214966,0.0,0.0,0.0
35.26350021362305,0.0,0.0,0.0
35.29423785209656,0.0,0.0,0.0
35.324477434158325,0.0,0.0,0.0
35.354252576828,0.0,0.0,0.0
35.39065718650818,0.0,0.0,0.0
35.430235147476196,0.0,0.0,0.0
35.462862491607666,0.0,0.0,0.0
35.49323391914368,0.0,0.0,0.0
35.524744272232056,0.0,0.0,0.0
35.557257890701294,0.0,0.0,0.0
35.58589172363281,0.0,0.0,0.0
35.61594557762146,0.0,0.0,0.0
35.64704346656799,0.0,0.0,0.0
35.6803503036499,0.0,0.0,0.0
35.71206498146057,0.0,0.0,0.0
35.742560148239136,0.0,0.0,0.0
35.771971464157104,0.0,0.0,0.0
35.807411193847656,0.0,0.0,0.0
35.847041606903076,0.0,0.0,0.0
35.87791633605957,0.0,0.0,0.0
35.91025447845459,0.0,0.0,0.0
35.94115471839905,0.0,0.0,0.0
35.97262930870056,0.0,0.0,0.0
36.007254123687744,0.0,0.0,0.0
36.03225350379944,0.0,0.0,0.0
36.06399440765381,0.0,0.0,0.0
36.094720125198364,0.0,0.0,0.0
36.125662326812744,0.0,0.0,0.0
36.156450033187866,0.0,0.0,0.0
36.185898303985596,0.0,0.0,0.0
36.22241687774658,0.0,0.0,0.0
36.248438119888306,0.0,0.0,0.0
36.27841782569885,0.0,0.0,0.0
36.311198472976685,0.0,0.0,0.0
36.34252619743347,0.0,0.0,0.0
36.372493743896484,0.0,0.0,0.0
36.408294916152954,0.0,0.0,0.0
36.447060346603394,0.0,0.0,0.0
36.4792594909668,0.0,0.0,0.0
36.50883913040161,0.0,0.0,0.0
36.53896164894104,0.0,0.0,0.0
36.57141613960266,0.0,0.0,0.0
36.599791288375854,0.0,0.0,0.0
36.63141179084778,0.0,0.0,0.0
36.66326642036438,0.0,0.0,0.0
36.693841218948364,0.0,0.0,0.0
36.723857402801514,0.0,0.0,0.0
36.756303787231445,0.0,0.0,0.0
36.786707639694214,0.0,0.0,0.0
36.82232308387756,0.0,0.0,0.0
36.862704277038574,0.0,0.0,0.0
36.89435958862305,0.0,0.0,0.0
36.92540764808655,0.0,0.0,0.0
36.956374406814575,0.0,0.0,0.0
36.98658895492554,0.0,0.0,0.0
37.01976823806763,0.0,0.0,0.0
37.04626154899597,0.0,0.0,0.0
37.07705783843994,0.0,0.0,0.0
37.109684228897095,0.0,0.0,0.0
37.14141321182251,0.0,0.0,0.0
37.17184567451477,0.0,0.0,0.0
37.1998336315155,0.0,0.0,0.0
37.23230218887329,0.0,0.0,0.0
37.26452112197876,0.0,0.0,0.0
37.294047117233276,0.0,0.0,0.0
37.324501514434814,0.0,0.0,0.0
37.354482650756836,0.0,0.0,0.0
37.38531517982483,0.0,0.0,0.0
37.42128396034241,0.0,0.0,0.0
37.446547985076904,0.0,0.0,0.0
37.47794461250305,0.0,0.0,0.0
37.50835299491882,0.0,0.0,0.0
37.53907108306885,0.0,0.0,0.0
37.57113003730774,0.0,0.0,0.0
37.60238981246948,0.0,0.0,0.0
37.63528776168823,0.0,0.0,0.0
37.66272234916687,0.0,0.0,0.0
37.69552826881409,0.0,0.0,0.0
37.726319313049316,0.0,0.0,0.0
37.757262229919434,0.0,0.0,0.0
37.7876832485199,0.0,0.0,0.0
37.81850981712341,0.0,0.0,0.0
37.84854578971863,0.0,0.0,0.0
37.87741470336914,0.0,0.0,0.0
37.90996336936951,0.0,0.0,0.0
37.9418158531189,0.0,0.0,0.0
37.97317337989807,0.0,0.0,0.0
38.00543427467346,0.0,0.0,0.0
38.042489767074585,0.0,0.0,0.0
38.08142685890198,0.0,0.0,0.0
38.11197543144226,0.0,0.0,0.0
38.143125772476196,0.0,0.0,0.0
38.17569375038147,0.0,0.0,0.0
38.20672369003296,0.0,0.0,0.0
38.2408401966095,0.0,0.0,0.0
38.267271757125854,0.0,0.0,0.0
38.29963946342468,0.0,0.0,0.0
38.33092951774597,0.0,0.0,0.0
38.36347222328186,0.0,0.0,0.0
38.39369034767151,0.0,0.0,0.0
38.42331600189209,0.0,0.0,0.0
38.4535186290741,0.0,0.0,0.0
38.48547840118408,0.0,0.0,0.0
38.516526222229004,0.0,0.0,0.0
38.54733371734619,0.0,0.0,0.0
38.57789850234985,0.0,0.0,0.0
38.60956311225891,0.0,0.0,0.0
38.64124584197998,0.0,0.0,0.0
38.6695396900177,0.0,0.0,0.0
38.7007372379303,0.0,0.0,0.0
38.73280048370361,0.0,0.0,0.0
38.76653838157654,0.0,0.0,0.0
38.792991399765015,0.0,0.0,0.0
38.823715686798096,0.0,0.0,0.0
38.857513427734375,0.0,0.0,0.0
38.88426423072815,0.0,0.0,0.0
38.91541862487793,0.0,0.0,0.0
38.9461133480072,0.0,0.0,0.0
38.97778081893921,0.0,0.0,0.0
39.009031772613525,0.0,0.0,0.0
39.04045295715332,0.0,0.0,0.0
39.06894826889038,0.0,0.0,0.0
39.100388526916504,0.0,0.0,0.0
39.13144373893738,0.0,0.0,0.0
39.1615674495697,0.0,0.0,0.0
39.19240093231201,0.0,0.0,0.0
39.22327017784119,0.0,0.0,0.0
39.25874066352844,0.0,0.0,0.0
39.283507108688354,0.0,0.0,0.0
39.315200090408325,0.0,0.0,0.0
39.34678816795349,0.0,0.0,0.0
39.377532720565796,0.0,0.0,0.0
39.40841889381409,0.0,0.0,0.0
39.43825936317444,0.0,0.0,0.0
39.46888542175293,0.0,0.0,0.0
39.49793219566345,0.0,0.0,0.0
39.52852249145508,0.0,0.0,0.0
39.560709714889526,0.0,0.0,0.0
39.59302568435669,0.0,0.0,0.0
39.62161993980408,0.0,0.0,0.0
39.65329551696777,0.0,0.0,0.0
39.6824893951416,0.0,0.0,0.0
39.71461296081543,0.0,0.0,0.0
39.745038747787476,0.0,0.0,0.0
39.775816679000854,0.0,0.0,0.0
39.80679631233215,0.0,0.0,0.0
39.83770442008972,0.0,0.0,0.0
39.87512564659119,0.0,0.0,0.0
39.91261291503906,0.0,0.0,0.0
39.944655656814575,0.0,0.0,0.0
39.976033449172974,0.0,0.0,0.0
40.006500005722046,0.0,0.0,0.0
40.03860306739807,0.0,0.0,0.0
40.07222867012024,0.0,0.0,0.0
40.111696004867554,0.0,0.0,0.0
40.14252805709839,0.0,0.0,0.0
40.17409634590149,0.0,0.0,0.0
40.20625972747803,0.0,0.0,0.0
40.237443923950195,0.0,0.0,0.0
40.27733898162842,0.0,0.0,0.0
40.31129455566406,0.0,0.0,0.0
40.34474563598633,0.0,0.0,0.0
40.37649846076965,0.0,0.0,0.0
40.40587520599365,0.0,0.0,0.0
40.437490463256836,0.0,0.0,0.0
40.47978973388672,0.0,0.0,0.0
40.51330590248108,0.0,0.0,0.0
40.54681205749512,0.0,0.0,0.0
40.57656383514404,0.0,0.0,0.0
40.60738253593445,0.0,0.0,0.0
40.638635873794556,0.0,0.0,0.0
40.66934871673584,0.0,0.0,0.0
40.69801330566406,0.0,0.0,0.0
40.73171877861023,0.0,0.0,0.0
40.761467933654785,0.0,0.0,0.0
40.793731689453125,0.0,0.0,0.0
40.824535846710205,0.0,0.0,0.0
40.85548639297485,0.0,0.0,0.0
40.885193824768066,0.0,0.0,0.0
40.915987491607666,0.0,0.0,0.0
40.94650912284851,0.0,0.0,0.0
40.97958278656006,0.0,0.0,0.0
41.010507345199585,0.0,0.0,0.0
41.04211211204529,0.0,0.0,0.0
41.08316946029663,0.0,0.0,0.0
41.11887311935425,0.0,0.0,0.0
41.14942646026611,0.0,0.0,0.0
41.17963147163391,0.0,0.0,0.0
41.212191581726074,0.0,0.0,0.0
41.24279499053955,0.0,0.0,0.0
41.27262854576111,0.0,0.0,0.0
41.304858446121216,0.0,0.0,0.0
41.33275842666626,0.0,0.0,0.0
41.36459708213806,0.0,0.0,0.0
41.39526104927063,0.0,0.0,0.0
41.427643060684204,0.0,0.0,0.0
41.45929431915283,0.0,0.0,0.0
41.49394917488098,0.0,0.0,0.0
41.52060651779175,0.0,0.0,0.0
41.553582429885864,0.0,0.0,0.0
41.58330416679382,0.0,0.0,0.0
41.61466383934021,0.0,0.0,0.0
41.64425277709961,0.0,0.0,0.0
41.674418210983276,0.0,0.0,0.0
41.705546617507935,0.0,0.0,0.0
41.736886739730835,0.0,0.0,0.0
41.76761245727539,0.0,0.0,0.0
41.799548387527466,0.0,0.0,0.0
41.8300199508667,0.0,0.0,0.0
41.85983991622925,0.0,0.0,0.0
41.894614934921265,0.0,0.0,0.0
41.91930627822876,0.0,0.0,0.0
41.95061898231506,0.0,0.0,0.0
41.98018145561218,0.0,0.0,0.0
42.01252245903015,0.0,0.0,0.0
42.043312549591064,0.0,0.0,0.0
42.07439184188843,0.0,0.0,0.0
42.108551263809204,0.0,0.0,0.0
42.135563135147095,0.0,0.0,0.0
42.16644740104675,0.0,0.0,0.0
42.19963240623474,0.0,0.0,0.0
42.23060202598572,0.0,0.0,0.0
42.26275968551636,0.0,0.0,0.0
42.29680609703064,0.0,0.0,0.0
42.33659839630127,0.0,0.0,0.0
42.369388580322266,0.0,0.0,0.0
42.40263056755066,0.0,0.0,0.0
42.43023490905762,0.0,0.0,0.0
42.46230745315552,0.0,0.0,0.0
42.493839502334595,0.0,0.0,0.0
42.53063988685608,0.0,0.0,0.0
42.568336963653564,0.0,0.0,0.0
42.60096025466919,0.0,0.0,0.0
42.63180065155029,0.0,0.0,0.0
42.66173982620239,0.0,0.0,0.0
42.69129157066345,0.0,0.0,0.0
42.71987867355347,0.0,0.0,0.0
42.75182485580444,0.0,0.0,0.0
42.783881425857544,0.0,0.0,0.0
42.81489133834839,0.0,0.0,0.0
42.84578585624695,0.0,0.0,0.0
42.8751482963562,0.0,0.0,0.0
42.91783404350281,0.0,0.0,0.0
42.952529191970825,0.0,0.0,0.0
42.984599113464355,0.0,0.0,0.0
43.0155725479126,0.0,0.0,0.0
43.04761600494385,0.0,0.0,0.0
43.07839369773865,0.0,0.0,0.0
43.115642070770264,0.0,0.0,0.0
43.154229402542114,0.0,0.0,0.0
43.18671894073486,0.0,0.0,0.0
43.21773672103882,0.0,0.0,0.0
43.249149560928345,0.0,0.0,0.0
43.28026533126831,0.0,0.0,0.0
43.31478810310364,0.0,0.0,0.0
43.34082555770874,0.0,0.0,0.0
43.37166738510132,0.0,0.0,0.0
43.40457892417908,0.0,0.0,0.0
43.43443965911865,0.0,0.0,0.0
43.46602439880371,0.0,0.0,0.0
43.4956157207489,0.0,0.0,0.0
43.531001567840576,0.0,0.0,0.0
43.571197748184204,0.0,0.0,0.0
43.60496211051941,0.0,0.0,0.0
43.634241580963135,0.0,0.0,0.0
43.66484212875366,0.0,0.0,0.0
43.69540596008301,0.0,0.0,0.0
43.7241473197937,0.0,0.0,0.0
43.75626301765442,0.0,0.0,0.0
43.78810501098633,0.0,0.0,0.0
43.81839847564697,0.0,0.0,0.0
43.849395751953125,0.0,0.0,0.0
43.880239486694336,0.0,0.0,0.0
43.910324573516846,0.0,0.0,0.0
43.94678258895874,0.0,0.0,0.0
43.98605394363403,0.0,0.0,0.0
44.01820492744446,0.0,0.0,0.0
44.049065351486206,0.0,0.0,0.0
44.07998514175415,0.0,0.0,0.0
44.10962390899658,0.0,0.0,0.0
44.141642570495605,0.0,0.0,0.0
44.170690298080444,0.0,0.0,0.0
44.20072150230408,0.0,0.0,0.0
44.232064723968506,0.0,0.0,0.0
44.26383876800537,0.0,0.0,0.0
44.29366874694824,0.0,0.0,0.0
44.324849128723145,0.0,0.0,0.0
44.35480523109436,0.0,0.0,0.0
44.386781215667725,0.0,0.0,0.0
44.419052600860596,0.0,0.0,0.0
44.44975781440735,0.0,0.0,0.0
44.47973561286926,0.0,0.0,0.0
44.51040697097778,0.0,0.0,0.0
44.5529351234436,0.0,0.0,0.0
44.589619159698486,0.0,0.0,0.0
44.620017766952515,0.0,0.0,0.0
44.65078902244568,0.0,0.0,0.0
44.68168759346008,0.0,0.0,0.0
44.7117714881897,0.0,0.0,0.0
44.742889642715454,0.0,0.0,0.0
44.77413606643677,0.0,0.0,0.0
44.80542469024658,0.0,0.0,0.0
44.837384939193726,0.0,0.0,0.0
44.86846375465393,0.0,0.0,0.0
44.897740602493286,0.0,0.0,0.0
44.9280002117157,0.0,0.0,0.0
44.97082209587097,0.0,0.0,0.0
45.004064321517944,0.0,0.0,0.0
45.035314321517944,0.0,0.0,0.0
45.06804943084717,0.0,0.0,0.0
45.09893274307251,0.0,0.0,0.0
45.12922739982605,0.0,0.0,0.0
45.16463255882263,0.0,0.0,0.0
45.191752433776855,0.0,0.0,0.0
45.22131299972534,0.0,0.0,0.0
45.251567125320435,0.0,0.0,0.0
45.28401207923889,0.0,0.0,0.0
45.31471657752991,0.0,0.0,0.0
45.34604525566101,0.0,0.0,0.0
45.37483191490173,0.0,0.0,0.0
45.40617346763611,0.0,0.0,0.0
45.437220096588135,0.0,0.0,0.0
45.46968960762024,0.0,0.0,0.0
45.50088572502136,0.0,0.0,0.0
45.53072810173035,0.0,0.0,0.0
45.57269239425659,0.0,0.0,0.0
45.606709003448486,0.0,0.0,0.0
45.640148878097534,0.0,0.0,0.0
45.6707558631897,0.0,0.0,0.0
45.7013213634491,0.0,0.0,0.0
45.732303619384766,0.0,0.0,0.0
45.76476263999939,0.0,0.0,0.0
45.79374408721924,0.0,0.0,0.0
45.825767278671265,0.0,0.0,0.0
45.85582089424133,0.0,0.0,0.0
45.885700941085815,0.0,0.0,0.0
45.916518449783325,0.0,0.0,0.0
45.94788479804993,0.0,0.0,0.0
45.989662170410156,0.0,0.0,0.0
46.02607798576355,0.0,0.0,0.0
46.056246757507324,0.0,0.0,0.0
46.0879271030426,0.0,0.0,0.0
46.117958545684814,0.0,0.0,0.0
46.14862322807312,0.0,0.0,0.0
46.18377208709717,0.0,0.0,0.0
46.224881649017334,0.0,0.0,0.0
46.25644040107727,0.0,0.0,0.0
46.29313778877258,0.0,0.0,0.0
46.33388113975525,0.0,0.0,0.0
46.36477184295654,0.0,0.0,0.0
46.39362645149231,0.0,0.0,0.0
46.4244544506073,0.0,0.0,0.0
46.45585346221924,0.0,0.0,0.0
46.48867225646973,0.0,0.0,0.0
46.51835584640503,0.0,0.0,0.0
46.549907207489014,0.0,0.0,0.0
46.58355379104614,0.0,0.0,0.0
46.60982131958008,0.0,0.0,0.0
46.64032602310181,0.0,0.0,0.0
46.67290997505188,0.0,0.0,0.0
46.70285749435425,0.0,0.0,0.0
46.73283386230469,0.0,0.0,0.0
46.763662338256836,0.0,0.0,0.0
46.79091930389404,0.0,0.0,0.0
46.822431564331055,0.0,0.0,0.0
46.85409593582153,0.0,0.0,0.0
46.88597917556763,0.0,0.0,0.0
46.91667938232422,0.0,0.0,0.0
46.946707010269165,0.0,0.0,0.0
46.977946758270264,0.0,0.0,0.0
47.008949756622314,0.0,0.0,0.0
47.0373055934906,0.0,0.0,0.0
47.06888151168823,0.0,0.0,0.0
47.100316286087036,0.0,0.0,0.0
47.13006091117859,0.0,0.0,0.0
47.16096234321594,0.0,0.0,0.0
47.197890281677246,0.0,0.0,0.0
47.23852491378784,0.0,0.0,0.0
47.27186560630798,0.0,0.0,0.0
47.302786350250244,0.0,0.0,0.0
47.33348512649536,0.0,0.0,0.0
47.36483573913574,0.0,0.0,0.0
47.405858516693115,0.0,0.0,0.0
47.44088411331177,0.0,0.0,0.0
47.47178077697754,0.0,0.0,0.0
47.50382471084595,0.0,0.0,0.0
47.533995628356934,0.0,0.0,0.0
47.5651798248291,0.0,0.0,0.0
47.60170555114746,0.0,0.0,0.0
47.64184522628784,0.0,0.0,0.0
47.67275357246399,0.0,0.0,0.0
47.70242142677307,0.0,0.0,0.0
47.73384070396423,0.0,0.0,0.0
47.7634220123291,0.0,0.0,0.0
47.799689531326294,0.0,0.0,0.0
47.838847637176514,0.0,0.0,0.0
47.87208652496338,0.0,0.0,0.0
47.902907609939575,0.0,0.0,0.0
47.933428049087524,0.0,0.0,0.0
47.96503949165344,0.0,0.0,0.0
48.00001287460327,0.0,0.0,0.0
48.03987121582031,0.0,0.0,0.0
48.07097792625427,0.0,0.0,0.0
48.101502418518066,0.0,0.0,0.0
48.13285946846008,0.0,0.0,0.0
48.163965940475464,0.0,0.0,0.0
48.19339632987976,0.0,0.0,0.0
48.22626852989197,0.0,0.0,0.0
48.254279136657715,0.0,0.0,0.0
48.285869121551514,0.0,0.0,0.0
48.31641125679016,0.0,0.0,0.0
48.34819555282593,0.0,0.0,0.0
48.37761735916138,0.0,0.0,0.0
48.414371728897095,0.0,0.0,0.0
48.45489144325256,0.0,0.0,0.0
48.48619341850281,0.0,0.0,0.0
48.516401529312134,0.0,0.0,0.0
48.5490243434906,0.0,0.0,0.0
48.57952117919922,0.0,0.0,0.0
48.6140079498291,0.0,0.0,0.0
48.63989806175232,0.0,0.0,0.0
48.6708197593689,0.0,0.0,0.0
48.7024290561676,0.0,0.0,0.0
48.73497009277344,0.0,0.0,0.0
48.76602339744568,0.0,0.0,0.0
48.79630160331726,0.0,0.0,0.0
48.825013637542725,0.0,0.0,0.0
48.855613231658936,0.0,0.0,0.0
48.887123823165894,0.0,0.0,0.0
48.91608643531799,0.0,0.0,0.0
48.947248220443726,0.0,0.0,0.0
48.97975516319275,0.0,0.0,0.0
49.01493000984192,0.0,0.0,0.0
49.03948664665222,0.0,0.0,0.0
49.07029414176941,0.0,0.0,0.0
49.10405445098877,0.0,0.0,0.0
49.135185956954956,0.0,0.0,0.0
49.16565132141113,0.0,0.0,0.0
49.19690799713135,0.0,0.0,0.0
49.23283052444458,0.0,0.0,0.0
49.25767397880554,0.0,0.0,0.0
49.289552450180054,0.0,0.0,0.0
49.320794105529785,0.0,0.0,0.0
49.35224771499634,0.0,0.0,0.0
49.382851362228394,0.0,0.0,0.0
49.43791651725769,0.0,0.0,0.0
49.47393751144409,0.0,0.0,0.0
49.50290369987488,0.0,0.0,0.0
49.533857345581055,0.0,0.0,0.0
49.56644868850708,0.0,0.0,0.0
49.59718036651611,0.0,0.0,0.0
49.63736891746521,0.0,0.0,0.0
49.66693902015686,0.0,0.0,0.0
49.698055267333984,0.0,0.0,0.0
49.72839164733887,0.0,0.0,0.0
49.75952672958374,0.0,0.0,0.0
49.79120922088623,0.0,0.0,0.0
49.825618505477905,0.0,0.0,0.0
49.850746870040894,0.0,0.0,0.0
49.88207721710205,0.0,0.0,0.0
49.91276574134827,0.0,0.0,0.0
49.94311594963074,0.0,0.0,0.0
49.97405934333801,0.0,0.0,0.0
50.00478672981262,0.0,0.0,0.0
50.04729986190796,0.0,0.0,0.0
50.08073043823242,0.0,0.0,0.0
50.11314105987549,0.0,0.0,0.0
50.14209246635437,0.0,0.0,0.0
50.173795223236084,0.0,0.0,0.0
50.203065395355225,0.0,0.0,0.0
50.23911809921265,0.0,0.0,0.0
50.26449108123779,0.0,0.0,0.0
50.29571485519409,0.0,0.0,0.0
50.32813549041748,0.0,0.0,0.0
50.359453439712524,0.0,0.0,0.0
50.39029836654663,0.0,0.0,0.0
50.42000985145569,0.0,0.0,0.0
50.44799566268921,0.0,0.0,0.0
50.47799277305603,0.0,0.0,0.0
50.510833501815796,0.0,0.0,0.0
50.54050946235657,0.0,0.0,0.0
50.57105994224548,0.0,0.0,0.0
50.60217022895813,0.0,0.0,0.0
50.633320808410645,0.0,0.0,0.0
50.66175031661987,0.0,0.0,0.0
50.692659854888916,0.0,0.0,0.0
50.72409963607788,0.0,0.0,0.0
50.755117654800415,0.0,0.0,0.0
50.78685474395752,0.0,0.0,0.0
50.818408727645874,0.0,0.0,0.0
50.848915338516235,0.0,0.0,0.0
50.87844967842102,0.0,0.0,0.0
50.91130185127258,0.0,0.0,0.0
50.94235396385193,0.0,0.0,0.0
50.97297930717468,0.0,0.0,0.0
51.0025577545166,0.0,0.0,0.0
51.03364849090576,0.0,0.0,0.0
51.06314659118652,0.0,0.0,0.0
51.09408259391785,0.0,0.0,0.0
51.12549018859863,0.0,0.0,0.0
51.15712094306946,0.0,0.0,0.0
51.18758296966553,0.0,0.0,0.0
51.217583417892456,0.0,0.0,0.0
51.25969099998474,0.0,0.0,0.0
51.295005798339844,0.0,0.0,0.0
51.32680010795593,0.0,0.0,0.0
51.35879445075989,0.0,0.0,0.0
51.38896822929382,0.0,0.0,0.0
51.42018151283264,0.0,0.0,0.0
51.45422863960266,0.0,0.0,0.0
51.495551347732544,0.0,0.0,0.0
51.52717685699463,0.0,0.0,0.0
51.55702447891235,0.0,0.0,0.0
51.58803915977478,0.0,0.0,0.0
51.61902952194214,0.0,0.0,0.0
51.64938521385193,0.0,0.0,0.0
51.68404984474182,0.0,0.0,0.0
51.70903706550598,0.0,0.0,0.0
51.73954391479492,0.0,0.0,0.0
51.77066373825073,0.0,0.0,0.0
51.800697565078735,0.0,0.0,0.0
51.832070112228394,0.0,0.0,0.0
51.864014625549316,0.0,0.0,0.0
51.892048358917236,0.0,0.0,0.0
51.92512822151184,0.0,0.0,0.0
51.95602798461914,0.0,0.0,0.0
51.98704981803894,0.0,0.0,0.0
52.01839065551758,0.0,0.0,0.0
52.048911571502686,0.0,0.0,0.0
52.083240270614624,0.0,0.0,0.0
52.112343072891235,0.0,0.0,0.0
52.14262557029724,0.0,0.0,0.0
52.17412304878235,0.0,0.0,0.0
52.20344638824463,0.0,0.0,0.0
52.232951402664185,0.0,0.0,0.0
52.267916679382324,0.0,0.0,0.0
52.30927634239197,0.0,0.0,0.0
52.341341495513916,0.0,0.0,0.0
52.371553897857666,0.0,0.0,0.0
52.40292978286743,0.0,0.0,0.0
52.43368077278137,0.0,0.0,0.0
52.47746825218201,0.0,0.0,0.0
52.51016974449158,0.0,0.0,0.0
52.54238748550415,0.0,0.0,0.0
52.57253670692444,0.0,0.0,0.0
52.60283970832825,0.0,0.0,0.0
52.63358974456787,0.0,0.0,0.0
52.66550636291504,0.0,0.0,0.0
52.69428515434265,0.0,0.0,0.0
52.72464346885681,0.0,0.0,0.0
52.75724005699158,0.0,0.0,0.0
52.78781819343567,0.0,0.0,0.0
52.819217681884766,0.0,0.0,0.0
52.84858965873718,0.0,0.0,0.0
52.88130521774292,0.0,0.0,0.0
52.910197019577026,0.0,0.0,0.0
52.94223356246948,0.0,0.0,0.0
52.973347187042236,0.0,0.0,0.0
53.00525951385498,0.0,0.0,0.0
53.034220933914185,0.0,0.0,0.0
53.08778762817383,0.0,0.0,0.0
53.124889850616455,0.0,0.0,0.0
53.15711045265198,0.0,0.0,0.0
53.189103841781616,0.0,0.0,0.0
53.219186305999756,0.0,0.0,0.0
53.25191402435303,0.0,0.0,0.0
53.29355072975159,0.0,0.0,0.0
53.32793664932251,0.0,0.0,0.0
53.359028339385986,0.0,0.0,0.0
53.39015078544617,0.0,0.0,0.0
53.419893980026245,0.0,0.0,0.0
53.448837995529175,0.0,0.0,0.0
53.48242259025574,0.0,0.0,0.0
53.51114559173584,0.0,0.0,0.0
53.54168176651001,0.0,0.0,0.0
53.57561182975769,0.0,0.0,0.0
53.60612940788269,0.0,0.0,0.0
53.63725256919861,0.0,0.0,0.0
53.66746973991394,0.0,0.0,0.0
53.698758363723755,0.0,0.0,0.0
53.727651596069336,0.0,0.0,0.0
53.75792050361633,0.0,0.0,0.0
53.788230895996094,0.0,0.0,0.0
53.81865382194519,0.0,0.0,0.0
53.8500702381134,0.0,0.0,0.0
53.87961292266846,0.0,0.0,0.0
53.908631801605225,0.0,0.0,0.0
53.93873977661133,0.0,0.0,0.0
53.97128963470459,0.0,0.0,0.0
54.00195336341858,0.0,0.0,0.0
54.03279161453247,0.0,0.0,0.0
54.06294298171997,0.0,0.0,0.0
54.10525321960449,0.0,0.0,0.0
54.13901329040527,0.0,0.0,0.0
54.16975665092468,0.0,0.0,0.0
54.20308971405029,0.0,0.0,0.0
54.233726501464844,0.0,0.0,0.0
54.26475739479065,0.0,0.0,0.0
54.29523158073425,0.0,0.0,0.0
54.32479190826416,0.0,0.0,0.0
54.35690712928772,0.0,0.0,0.0
54.38833284378052,0.0,0.0,0.0
54.41916751861572,0.0,0.0,0.0
54.451547384262085,0.0,0.0,0.0
54.47980618476868,0.0,0.0,0.0
54.51390075683594,0.0,0.0,0.0
54.54210019111633,0.0,0.0,0.0
54.572935819625854,0.0,0.0,0.0
54.6045126914978,0.0,0.0,0.0
54.63518929481506,0.0,0.0,0.0
54.665369749069214,0.0,0.0,0.0
54.695899963378906,0.0,0.0,0.0
54.72538137435913,0.0,0.0,0.0
54.75519156455994,0.0,0.0,0.0
54.78596234321594,0.0,0.0,0.0
54.817012548446655,0.0,0.0,0.0
54.84681010246277,0.0,0.0,0.0
54.877793073654175,0.0,0.0,0.0
54.910582542419434,0.0,0.0,0.0
54.938191413879395,0.0,0.0,0.0
54.97009229660034,0.0,0.0,0.0
55.00106382369995,0.0,0.0,0.0
55.032328844070435,0.0,0.0,0.0
55.06229281425476,0.0,0.0,0.0
55.092355251312256,0.0,0.0,0.0
55.12637758255005,0.0,0.0,0.0
55.15422463417053,0.0,0.0,0.0
55.18530869483948,0.0,0.0,0.0
55.21684193611145,0.0,0.0,0.0
55.248374938964844,0.0,0.0,0.0
55.2779905796051,0.0,0.0,0.0
55.317821741104126,0.0,0.0,0.0
55.35472297668457,0.0,0.0,0.0
55.38746786117554,0.0,0.0,0.0
55.41702938079834,0.0,0.0,0.0
55.44777870178223,0.0,0.0,0.0
55.47931790351868,0.0,0.0,0.0
55.51069235801697,0.0,0.0,0.0
55.53984594345093,0.0,0.0,0.0
55.572219133377075,0.0,0.0,0.0
55.60339379310608,0.0,0.0,0.0
55.63400101661682,0.0,0.0,0.0
55.665287733078,0.0,0.0,0.0
55.69501519203186,0.0,0.0,0.0
55.73051953315735,0.0,0.0,0.0
55.7562575340271,0.0,0.0,0.0
55.78849816322327,0.0,0.0,0.0
55.81912136077881,0.0,0.0,0.0
55.85017657279968,0.0,0.0,0.0
55.880539894104004,0.0,0.0,0.0
55.90855693817139,0.0,0.0,0.0
55.939839601516724,0.0,0.0,0.0
55.97289705276489,0.0,0.0,0.0
56.004348039627075,0.0,0.0,0.0
56.03539562225342,0.0,0.0,0.0
56.06662940979004,0.0,0.0,0.0
56.101860761642456,0.0,0.0,0.0
56.13358736038208,0.0,0.0,0.0
56.17405104637146,0.0,0.0,0.0
56.20366954803467,0.0,0.0,0.0
56.23436498641968,0.0,0.0,0.0
56.26528358459473,0.0,0.0,0.0
56.29712629318237,0.0,0.0,0.0
56.33013296127319,0.0,0.0,0.0
56.35883378982544,0.0,0.0,0.0
56.38826322555542,0.0,0.0,0.0
56.41936254501343,0.0,0.0,0.0
56.44926857948303,0.0,0.0,0.0
56.48254370689392,0.0,0.0,0.0
56.515665769577026,0.0,0.0,0.0
56.54231023788452,0.0,0.0,0.0
56.57288455963135,0.0,0.0,0.0
56.60428762435913,0.0,0.0,0.0
56.635194063186646,0.0,0.0,0.0
56.66759729385376,0.0,0.0,0.0
56.69800782203674,0.0,0.0,0.0
56.739511013031006,0.0,0.0,0.0
56.77423310279846,0.0,0.0,0.0
56.804255962371826,0.0,0.0,0.0
56.83437156677246,0.0,0.0,0.0
56.8656222820282,0.0,0.0,0.0
56.896464824676514,0.0,0.0,0.0
56.92483901977539,0.0,0.0,0.0
56.958775758743286,0.0,0.0,0.0
56.98599720001221,0.0,0.0,0.0
57.01704406738281,0.0,0.0,0.0
57.04905104637146,0.0,0.0,0.0
57.07926058769226,0.0,0.0,0.0
57.11046123504639,0.0,0.0,0.0
57.14311194419861,0.0,0.0,0.0
57.17133355140686,0.0,0.0,0.0
57.199613094329834,0.0,0.0,0.0
57.23127627372742,0.0,0.0,0.0
57.26304316520691,0.0,0.0,0.0
57.29256319999695,0.0,0.0,0.0
57.323312282562256,0.0,0.0,0.0
57.351473569869995,0.0,0.0,0.0
57.383885860443115,0.0,0.0,0.0
57.41509771347046,0.0,0.0,0.0
57.44709134101868,0.0,0.0,0.0
57.47829341888428,0.0,0.0,0.0
57.53444051742554,0.0,0.0,0.0
57.568442583084106,0.0,0.0,0.0
57.6000452041626,0.0,0.0,0.0
57.631452560424805,0.0,0.0,0.0
57.66324019432068,0.0,0.0,0.0
57.69533944129944,0.0,0.0,0.0
57.72600865364075,0.0,0.0,0.0
57.765257835388184,0.0,0.0,0.0
57.802523612976074,0.0,0.0,0.0
57.83328294754028,0.0,0.0,0.0
57.86433482170105,0.0,0.0,0.0
57.89652872085571,0.0,0.0,0.0
57.928146839141846,0.0,0.0,0.0
57.961475133895874,0.0,0.0,0.0
57.987380504608154,0.0,0.0,0.0
58.01777458190918,0.0,0.0,0.0
58.050172090530396,0.0,0.0,0.0
58.08179187774658,0.0,0.0,0.0
58.11105704307556,0.0,0.0,0.0
58.142788887023926,0.0,0.0,0.0
58.17099952697754,0.0,0.0,0.0
58.200668811798096,0.0,0.0,0.0
58.230716705322266,0.0,0.0,0.0
58.26260542869568,0.0,0.0,0.0
58.29334259033203,0.0,0.0,0.0
58.325358629226685,0.0,0.0,0.0
58.36051797866821,0.0,0.0,0.0
58.40028190612793,0.0,0.0,0.0
58.43464541435242,0.0,0.0,0.0
58.46371364593506,0.0,0.0,0.0
58.49393820762634,0.0,0.0,0.0
58.527273178100586,0.0,0.0,0.0
58.57042384147644,0.0,0.0,0.0
58.60407376289368,0.0,0.0,0.0
58.63681721687317,0.0,0.0,0.0
58.66618204116821,0.0,0.0,0.0
58.697365522384644,0.0,0.0,0.0
58.728508710861206,0.0,0.0,0.0
58.759371757507324,0.0,0.0,0.0
58.78939914703369,0.0,0.0,0.0
58.82010245323181,0.0,0.0,0.0
58.851189613342285,0.0,0.0,0.0
58.88333487510681,0.0,0.0,0.0
58.91403269767761,0.0,0.0,0.0
58.9457311630249,0.0,0.0,0.0
58.975584983825684,0.0,0.0,0.0
59.00450778007507,0.0,0.0,0.0
59.036643505096436,0.0,0.0,0.0
59.06641173362732,0.0,0.0,0.0
59.097471952438354,0.0,0.0,0.0
59.12935924530029,0.0,0.0,0.0
59.16154861450195,0.0,0.0,0.0
59.19090461730957,0.0,0.0,0.0
59.22243642807007,0.0,0.0,0.0
59.25252366065979,0.0,0.0,0.0
59.28563213348389,0.0,0.0,0.0
59.315664529800415,0.0,0.0,0.0
59.346561431884766,0.0,0.0,0.0
59.38963985443115,0.0,0.0,0.0
59.420424938201904,0.0,0.0,0.0
59.451247215270996,0.0,0.0,0.0
59.48065423965454,0.0,0.0,0.0
59.51194500923157,0.0,0.0,0.0
59.543827056884766,0.0,0.0,0.0
59.5765266418457,0.0,0.0,0.0
59.607462644577026,0.0,0.0,0.0
59.64046835899353,0.0,0.0,0.0
59.67016911506653,0.0,0.0,0.0
59.701608180999756,0.0,0.0,0.0
59.731417655944824,0.0,0.0,0.0
59.761399269104004,0.0,0.0,0.0
59.80693960189819,0.0,0.0,0.0
59.838468074798584,0.0,0.0,0.0
59.8709032535553,0.0,0.0,0.0
59.900418281555176,0.0,0.0,0.0
59.93063974380493,0.0,0.0,0.0
59.96153712272644,0.0,0.0,0.0
59.99430203437805,0.0,0.0,0.0
60.021164417266846,0.0,0.0,0.0
