Wavelength (nm),Transmission (%)
2000,0.8939704895
1999,0.8999021649
1998,0.895993948
1997,0.8914435506
1996,0.8902337551
1995,0.8943140507
1994,0.8943453431
1993,0.9015335441
1992,0.8922693133
1991,0.8897532821
1990,0.8929235935
1989,0.8939560652
1988,0.8917121291
1987,0.8991020918
1986,0.8994910717
1985,0.8988915682
1984,0.8887788057
1983,0.8949161768
1982,0.9008861184
1981,0.9037186503
1980,0.8926215768
1979,0.9023918509
1978,0.9004634023
1977,0.903398931
1976,0.8960558176
1975,0.8868812323
1974,0.8933830857
1973,0.8999444246
1972,0.9013527036
1971,0.9043596983
1970,0.9043145776
1969,0.8942742944
1968,0.8923915029
1967,0.8819108009
1966,0.8942770958
1965,0.8955510259
1964,0.900794208
1963,0.9020018578
1962,0.8965010643
1961,0.8960303664
1960,0.9066595435
1959,0.8925441504
1958,0.8963823318
1957,0.8982387185
1956,0.8974840045
1955,0.8978186846
1954,0.8977410197
1953,0.8868635893
1952,0.8923622966
1951,0.899214685
1950,0.9108768106
1949,0.8957672715
1948,0.8972396851
1947,0.8974654675
1946,0.8928189278
1945,0.8998367786
1944,0.9005602598
1943,0.9045590758
1942,0.8999743462
1941,0.9064336419
1940,0.8943760991
1939,0.8988720179
1938,0.9006852508
1937,0.8871148229
1936,0.9049663544
1935,0.8993739486
1934,0.9082936645
1933,0.9022046924
1932,0.8890436292
1931,0.895819366
1930,0.8987796307
1929,0.9080194831
1928,0.9071646333
1927,0.9060563445
1926,0.8948208094
1925,0.9011586308
1924,0.9040902257
1923,0.888232708
1922,0.9009100199
1921,0.8963881731
1920,0.8975383639
1919,0.9006431103
1918,0.9009874463
1917,0.8962054849
1916,0.9133648872
1915,0.8950788379
1914,0.889388442
1913,0.893571496
1912,0.8976053596
1911,0.899505794
1910,0.9002022743
1909,0.902382493
1908,0.8996272683
1907,0.8921724558
1906,0.9017805457
1905,0.9027807117
1904,0.902192831
1903,0.8984239697
1902,0.8966826797
1901,0.8990420699
1900,0.8994859457
1899,0.9018648267
1898,0.8929247856
1897,0.9025380015
1896,0.8935729265
1895,0.9049195647
1894,0.8983740807
1893,0.8936554193
1892,0.8958993554
1891,0.8967747688
1890,0.8995653987
1889,0.8947060704
1888,0.9018350244
1887,0.9019759297
1886,0.8970548511
1885,0.8993534446
1884,0.8998001218
1883,0.8935641646
1882,0.9010854959
1881,0.8977070451
1880,0.9003670812
1879,0.9101284742
1878,0.8963835239
1877,0.9035434723
1876,0.9090535641
1875,0.8990432024
1874,0.9064997435
1873,0.9026761055
1872,0.9203439355
1871,0.913479805
1870,0.8988947868
1869,0.893434763
1868,0.9100500345
1867,0.9062525034
1866,0.8982512951
1865,0.9041039348
1864,0.8990495205
1863,0.8961101174
1862,0.8961977363
1861,0.8957650661
1860,0.8969931006
1859,0.9010437131
1858,0.912283659
1857,0.8953082561
1856,0.8918507099
1855,0.9048965573
1854,0.8989842534
1853,0.9068982005
1852,0.907884419
1851,0.8966043591
1850,0.8969657421
1849,0.9043015242
1848,0.9031075239
1847,0.8979497552
1846,0.9038008451
1845,0.8968283534
1844,0.9116888046
1843,0.8972868323
1842,0.9153915644
1841,0.9129426479
1840,0.9012119174
1839,0.907269299
1838,0.905221045
1837,0.9015085101
1836,0.9149067998
1835,0.9065057039
1834,0.9063981771
1833,0.9049183726
1832,0.899089396
1831,0.8994556069
1830,0.8948500156
1829,0.9057025313
1828,0.8985661864
1827,0.9071674943
1826,0.9000785351
1825,0.9057123065
1824,0.9012583494
1823,0.9078507423
1822,0.9076593518
1821,0.9051351547
1820,0.9062334895
1819,0.9004610777
1818,0.899720192
1817,0.9065881371
1816,0.9072220922
1815,0.9035287499
1814,0.8949741721
1813,0.9036440253
1812,0.9143548012
1811,0.8987125158
1810,0.8873112202
1809,0.9061139226
1808,0.9089428782
1807,0.9066245556
1806,0.8970689178
1805,0.9223969579
1804,0.9015795588
1803,0.901073575
1802,0.8986878395
1801,0.902445972
1800,0.9090123773
1799,0.8989648819
1798,0.9079782963
1797,0.8979235888
1796,0.8983523846
1795,0.9070595503
1794,0.907140255
1793,0.9005235434
1792,0.8984236717
1791,0.9034273028
1790,0.9060521722
1789,0.9141668677
1788,0.9038447142
1787,0.9120707512
1786,0.9056529999
1785,0.9010403156
1784,0.9184657335
1783,0.9057902694
1782,0.9007034898
1781,0.9012382627
1780,0.9022626281
1779,0.8981124759
1778,0.9105425477
1777,0.9072131515
1776,0.9166272283
1775,0.9061716795
1774,0.8988340497
1773,0.8939024806
1772,0.9109612703
1771,0.9038486481
1770,0.9033608437
1769,0.9101191759
1768,0.9024020433
1767,0.9079504013
1766,0.9080935121
1765,0.9016591311
1764,0.903188169
1763,0.8982539177
1762,0.9100859761
1761,0.9014568329
1760,0.9099235535
1759,0.9086383581
1758,0.9013126493
1757,0.9048135281
1756,0.9068943262
1755,0.9205076098
1754,0.9003663659
1753,0.9040430188
1752,0.9036394954
1751,0.9048444033
1750,0.9012846351
1749,0.9060240984
1748,0.8950170279
1747,0.9071471095
1746,0.9134824276
1745,0.9073649645
1744,0.906694591
1743,0.8879075646
1742,0.9138045907
1741,0.9117658138
1740,0.9066745639
1739,0.9119545817
1738,0.9130046964
1737,0.9092218876
1736,0.8972476125
1735,0.9059746861
1734,0.909574151
1733,0.9079396725
1732,0.9092391729
1731,0.903360188
1730,0.8982770443
1729,0.9098985195
1728,0.9173226357
1727,0.9053584933
1726,0.9110971093
1725,0.917467773
1724,0.9079116583
1723,0.9089307785
1722,0.9071077108
1721,0.911308527
1720,0.9047988653
1719,0.9116447568
1718,0.9059332609
1717,0.9040247798
1716,0.9025349021
1715,0.9063944221
1714,0.9068296552
1713,0.912552774
1712,0.9055423737
1711,0.9015945792
1710,0.9070701003
1709,0.9097322822
1708,0.9082825184
1707,0.900608778
1706,0.9053964019
1705,0.9119794965
1704,0.9050988555
1703,0.9102877378
1702,0.9100253582
1701,0.9122077227
1700,0.9125468135
1699,0.9031216502
1698,0.910425365
1697,0.9134114981
1696,0.8982648849
1695,0.9013422728
1694,0.9123480916
1693,0.90800488
1692,0.9061017036
1691,0.9054480195
1690,0.9171750546
1689,0.9032946825
1688,0.9113730788
1687,0.9129318595
1686,0.9070129991
1685,0.908901453
1684,0.9026914835
1683,0.9061630964
1682,0.9121130109
1681,0.9039422274
1680,0.9087193012
1679,0.8945127726
1678,0.9115036726
1677,0.9076731205
1676,0.9116994143
1675,0.9080249667
1674,0.9164017439
1673,0.8963515759
1672,0.9137425423
1671,0.916649282
1670,0.901545763
1669,0.9101359844
1668,0.9130945206
1667,0.9037957788
1666,0.9149316549
1665,0.9058189392
1664,0.9099881053
1663,0.9059034586
1662,0.9110290408
1661,0.9045214653
1660,0.9117285609
1659,0.9137266278
1658,0.9017581344
1657,0.9099407792
1656,0.9086007476
1655,0.9144630432
1654,0.9161261916
1653,0.9153523445
1652,0.8987961411
1651,0.9070826769
1650,0.9101685286
1649,0.897559166
1648,0.9042901993
1647,0.9146140814
1646,0.9091842771
1645,0.9139794707
1644,0.9115716219
1643,0.9105541706
1642,0.9123131633
1641,0.9055541754
1640,0.9065067172
1639,0.9097803235
1638,0.9130381346
1637,0.9016988873
1636,0.9074420929
1635,0.9074015617
1634,0.9056209326
1633,0.9065805078
1632,0.9087297916
1631,0.9082078934
1630,0.9106932282
1629,0.9019960761
1628,0.9021738768
1627,0.913633883
1626,0.9067746997
1625,0.9054197073
1624,0.9090587497
1623,0.9129242301
1622,0.9078688025
1621,0.9050182104
1620,0.9125987291
1619,0.9150970578
1618,0.9086641669
1617,0.9132964611
1616,0.9098294973
1615,0.9073876143
1614,0.9166035056
1613,0.9017423987
1612,0.904992342
1611,0.9056581855
1610,0.9158890843
1609,0.9039272666
1608,0.9047521949
1607,0.9139974713
1606,0.9047271013
1605,0.9087303877
1604,0.9120759368
1603,0.9078120589
1602,0.9079084992
1601,0.920224309
1600,0.8933185339
1599,0.908156693
1598,0.9184284806
1597,0.9091738462
1596,0.9070262313
1595,0.9051294923
1594,0.9017364979
1593,0.9028342366
1592,0.9055458307
1591,0.9148232937
1590,0.9119959474
1589,0.9099797606
1588,0.9153942466
1587,0.9067626595
1586,0.9021158218
1585,0.9060919285
1584,0.9103943706
1583,0.900454998
1582,0.9175075293
1581,0.9065179229
1580,0.8991430402
1579,0.910841465
1578,0.9110290408
1577,0.9039365053
1576,0.9071443081
1575,0.9093346
1574,0.9071619511
1573,0.9063977599
1572,0.8989377022
1571,0.9133105278
1570,0.8994239569
1569,0.9024941325
1568,0.9080269337
1567,0.909932971
1566,0.8950058222
1565,0.9063594937
1564,0.9086299539
1563,0.9042419195
1562,0.8997667432
1561,0.8976121545
1560,0.9093185067
1559,0.9123930931
1558,0.9099295139
1557,0.9050378799
1556,0.9098359346
1555,0.9030911922
1554,0.9015450478
1553,0.9043300748
1552,0.9118555188
1551,0.9064657688
1550,0.8935762644
1549,0.9001811743
1548,0.9097077847
1547,0.9027835131
1546,0.8937124014
1545,0.9090588689
1544,0.9124425054
1543,0.9044052958
1542,0.9043899179
1541,0.9009529948
1540,0.9071437716
1539,0.905510962
1538,0.9132719636
1537,0.8989373446
1536,0.8970025182
1535,0.8989744186
1534,0.9128300548
1533,0.9138304591
1532,0.9053115845
1531,0.9017656446
1530,0.9029982686
1529,0.906571269
1528,0.9043682218
1527,0.911177218
1526,0.9023103118
1525,0.9065365195
1524,0.9058536291
1523,0.9065428972
1522,0.9086282253
1521,0.902848959
1520,0.9045733213
1519,0.9004044533
1518,0.9109528065
1517,0.9018980265
1516,0.9025253057
1515,0.9035899043
1514,0.9028027058
1513,0.9028589129
1512,0.9108220339
1511,0.9086964726
1510,0.9041333795
1509,0.9019607902
1508,0.900611937
1507,0.9106534719
1506,0.9044556022
1505,0.9039820433
1504,0.8965462446
1503,0.9063544869
1502,0.903496623
1501,0.9030641913
1500,0.9040976167
1499,0.9011031985
1498,0.9036864042
1497,0.8946400285
1496,0.8952407241
1495,0.898634851
1494,0.9149664044
1493,0.9055736661
1492,0.9043492079
1491,0.9018565416
1490,0.8986831903
1489,0.903585732
1488,0.9058504105
1487,0.9071861506
1486,0.898407042
1485,0.9150139093
1484,0.8957998157
1483,0.9035748243
1482,0.8863652945
1481,0.8946900964
1480,0.8967343569
1479,0.9038372636
1478,0.9029072523
1477,0.896530807
1476,0.9012187123
1475,0.9079406857
1474,0.8988029361
1473,0.8981590867
1472,0.8955644369
1471,0.8965163231
1470,0.8995291591
1469,0.9004446864
1468,0.895963788
1467,0.90220505
1466,0.8996168375
1465,0.9172155261
1464,0.8953915834
1463,0.8917263746
1462,0.8922548294
1461,0.9096537828
1460,0.9039804339
1459,0.9007065296
1458,0.8960142732
1457,0.8925065398
1456,0.898221314
1455,0.9009367824
1454,0.8935989141
1453,0.8984171152
1452,0.8933995962
1451,0.8990748525
1450,0.8958277106
1449,0.8945698142
1448,0.9026827216
1447,0.8967503905
1446,0.8866665959
1445,0.8956390619
1444,0.895798862
1443,0.9011260271
1442,0.889955163
1441,0.8950020075
1440,0.896468401
1439,0.8946178555
1438,0.9034381509
1437,0.8940844536
1436,0.897834897
1435,0.8925280571
1434,0.9023661613
1433,0.8915058374
1432,0.8933870196
1431,0.898383677
1430,0.894972682
1429,0.8964633346
1428,0.8939282298
1427,0.8985310793
1426,0.8995689154
1425,0.8907305002
1424,0.8884535432
1423,0.8908358216
1422,0.8991155028
1421,0.8859629631
1420,0.8887568712
1419,0.8968209028
1418,0.8885484934
1417,0.8948390484
1416,0.8960541487
1415,0.8964298964
1414,0.9037874937
1413,0.8840087652
1412,0.8916909099
1411,0.8930034637
1410,0.8901609778
1409,0.8940826058
1408,0.893966496
1407,0.888500452
1406,0.8916020393
1405,0.8928118348
1404,0.8931876421
1403,0.8930264711
1402,0.8997759819
1401,0.8955955505
1400,0.8909037113
1399,0.8944631815
1398,0.8920881152
1397,0.8885424733
1396,0.8981667757
1395,0.8928273916
1394,0.8912312984
1393,0.8907040358
1392,0.8901670575
1391,0.8922274113
1390,0.8932638168
1389,0.8962161541
1388,0.8816736937
1387,0.887750566
1386,0.8986529708
1385,0.9005692005
1384,0.9027241468
1383,0.8901402354
1382,0.8845257759
1381,0.8897157311
1380,0.8802236319
1379,0.9066959023
1378,0.8933228254
1377,0.8846261501
1376,0.8918738961
1375,0.9013872743
1374,0.8934867382
1373,0.8903369308
1372,0.892545104
1371,0.8877210617
1370,0.8972221017
1369,0.8983891606
1368,0.9005095959
1367,0.8948546648
1366,0.8948407173
1365,0.8908653855
1364,0.8879055381
1363,0.8849900365
1362,0.8937810659
1361,0.8925182819
1360,0.8934037685
1359,0.896625042
1358,0.8914710283
1357,0.8908894062
1356,0.8918566704
1355,0.8946338892
1354,0.8878995776
1353,0.8938634992
1352,0.8821878433
1351,0.8896453381
1350,0.8862333298
1349,0.8966745138
1348,0.8846517801
1347,0.8879189491
1346,0.8912863135
1345,0.8926924467
1344,0.8907954097
1343,0.8845483661
1342,0.8944214582
1341,0.8858500719
1340,0.8867049813
1339,0.8870978951
1338,0.8923148513
1337,0.8824654818
1336,0.8778631687
1335,0.894547224
1334,0.8899130821
1333,0.8945237994
1332,0.8960745335
1331,0.8925842047
1330,0.8919067383
1329,0.8957272172
1328,0.8886890411
1327,0.8904670477
1326,0.8819960952
1325,0.8933262825
1324,0.8845547438
1323,0.8848014474
1322,0.8840359449
1321,0.8929270506
1320,0.8950534463
1319,0.8763201237
1318,0.886523068
1317,0.885882318
1316,0.8874756098
1315,0.895259738
1314,0.8931906819
1313,0.8877297044
1312,0.8778535724
1311,0.8877980709
1310,0.8925077319
1309,0.8877457976
1308,0.8903529644
1307,0.8820662498
1306,0.8776403069
1305,0.8848504424
1304,0.8919337988
1303,0.891369462
1302,0.8835401535
1301,0.8817967176
1300,0.8856143951
1299,0.892265439
1298,0.8860780597
1297,0.8888934851
1296,0.8852125406
1295,0.883392036
1294,0.890114069
1293,0.8838996291
1292,0.8777217865
1291,0.8928068876
1290,0.8976639509
1289,0.88837713
1288,0.8722609878
1287,0.8809396029
1286,0.8889461756
1285,0.8875561953
1284,0.8794429898
1283,0.8852991462
1282,0.8903672099
1281,0.8888317943
1280,0.8881391287
1279,0.8942140341
1278,0.8772011995
1277,0.8861564398
1276,0.885887146
1275,0.8866640925
1274,0.8887680173
1273,0.8854439259
1272,0.8904505372
1271,0.8714662194
1270,0.87829566
1269,0.8878393173
1268,0.8929467797
1267,0.8905006647
1266,0.877579093
1265,0.88070333
1264,0.8906983733
1263,0.8913682103
1262,0.8892779946
1261,0.8844048977
1260,0.8958889842
1259,0.8825232983
1258,0.8808939457
1257,0.8821755648
1256,0.8789721727
1255,0.8849573135
1254,0.8915526867
1253,0.8808487058
1252,0.8867154717
1251,0.8774785995
1250,0.8873412609
1249,0.8907538652
1248,0.8800048232
1247,0.8881592155
1246,0.8887093663
1245,0.890311718
1244,0.8810396194
1243,0.8858127594
1242,0.8773161769
1241,0.888225615
1240,0.8830094934
1239,0.8899310827
1238,0.8823311925
1237,0.8840677142
1236,0.8837916851
1235,0.8863575459
1234,0.8821255565
1233,0.8754255176
1232,0.8717036843
1231,0.8959053159
1230,0.8850397468
1229,0.8768494129
1228,0.8847299218
1227,0.8838580847
1226,0.8748287559
1225,0.8797882795
1224,0.8935087323
1223,0.8888475895
1222,0.8849150538
1221,0.8886062503
1220,0.8874619603
1219,0.881346941
1218,0.887499094
1217,0.8889748454
1216,0.8841613531
1215,0.8911972046
1214,0.8765431046
1213,0.8906980753
1212,0.8859195709
1211,0.8857080936
1210,0.8782814145
1209,0.8872027397
1208,0.8784248233
1207,0.8871772289
1206,0.8866825104
1205,0.8878674507
1204,0.8816970587
1203,0.882915616
1202,0.8881565332
1201,0.8843393326
1200,0.8805678487
1199,0.8831186891
1198,0.8911085129
1197,0.8789803982
1196,0.8827736378
1195,0.8827795386
1194,0.8834073544
1193,0.8898796439
1192,0.8799055815
1191,0.8844706416
1190,0.8749165535
1189,0.8850112557
1188,0.8871449232
1187,0.8907295465
1186,0.8939799666
1185,0.8806205988
1184,0.8801479936
1183,0.8783264756
1182,0.8873298764
1181,0.8882823586
1180,0.8790858984
1179,0.8822227716
1178,0.883918643
1177,0.8815998435
1176,0.8740363717
1175,0.887663126
1174,0.8904198408
1173,0.8847702146
1172,0.8885434866
1171,0.8939127326
1170,0.8815328479
1169,0.8839942217
1168,0.8895902634
1167,0.888512671
1166,0.8798078895
1165,0.8899469972
1164,0.8879446387
1163,0.8824802637
1162,0.8829413652
1161,0.8828393221
1160,0.8885105848
1159,0.8823928237
1158,0.8833332658
1157,0.8795325756
1156,0.888733685
1155,0.8882481456
1154,0.8802402616
1153,0.8845691681
1152,0.8900673389
1151,0.8834870458
1150,0.8826318383
1149,0.8816917539
1148,0.8832737803
1147,0.8846751451
1146,0.8902910352
1145,0.8839042783
1144,0.8846577406
1143,0.8820732236
1142,0.8873431087
1141,0.889524281
1140,0.8844385743
1139,0.8812136054
1138,0.8858879805
1137,0.8810244799
1136,0.8887045979
1135,0.8828459978
1134,0.8859503269
1133,0.8814591765
1132,0.8894196749
1131,0.8879505992
1130,0.8853219748
1129,0.8845393658
1128,0.8857523799
1127,0.8799205422
1126,0.8967306614
1125,0.8812043667
1124,0.8859698772
1123,0.8855303526
1122,0.8858470321
1121,0.8828678131
1120,0.8854745626
1119,0.896348536
1118,0.8957952261
1117,0.8861906528
1116,0.8744448423
1115,0.8829174638
1114,0.8807225823
1113,0.8818290234
1112,0.886508286
1111,0.8834365606
1110,0.8885995746
1109,0.8880881667
1108,0.8855512142
1107,0.8852402568
1106,0.8893629313
1105,0.8880369663
1104,0.8843186498
1103,0.8874371648
1102,0.8967319727
1101,0.8893682361
1100,0.8876091838
1099,0.8840840459
1098,0.8866253495
1097,0.8865328431
1096,0.8904703856
1095,0.8907046914
1094,0.882540822
1093,0.8853541017
1092,0.888467133
1091,0.885981977
1090,0.8864489198
1089,0.8856983185
1088,0.8778913617
1087,0.8883507848
1086,0.8915860057
1085,0.8814091086
1084,0.8792476058
1083,0.8868447542
1082,0.894094348
1081,0.8904932737
1080,0.885561645
1079,0.8870370388
1078,0.8884643912
1077,0.8827326894
1076,0.884534061
1075,0.8935011029
1074,0.8846806288
1073,0.8876252174
1072,0.8824496269
1071,0.8958108425
1070,0.8959777355
1069,0.8854981661
1068,0.8869427443
1067,0.8869462609
1066,0.8860351443
1065,0.8844240308
1064,0.89136976
1063,0.8929060698
1062,0.8919881582
1061,0.8843246102
1060,0.9020828009
1059,0.8879709244
1058,0.8809927702
1057,0.8850919008
1056,0.8874440789
1055,0.8877412677
1054,0.889936626
1053,0.8867714405
1052,0.8738033772
1051,0.8913925886
1050,0.8990764618
1049,0.8851352334
1048,0.8791314363
1047,0.8942082524
1046,0.8947588205
1045,0.89621526
1044,0.8937728405
1043,0.8949294686
1042,0.9019145966
1041,0.8917000294
1040,0.8849122524
1039,0.9016634822
1038,0.888374269
1037,0.8981933594
1036,0.8796332479
1035,0.8808498383
1034,0.8918796778
1033,0.8916507363
1032,0.8882085681
1031,0.8877058625
1030,0.8939201832
1029,0.8925328255
1028,0.8931723237
1027,0.8928024173
1026,0.8946213722
1025,0.8938364983
1024,0.8950630426
1023,0.886087656
1022,0.892873764
1021,0.894492209
1020,0.8937804103
1019,0.8916998506
1018,0.8883509636
1017,0.8962422609
1016,0.8944337964
1015,0.9052334428
1014,0.9055716991
1013,0.8839864135
1012,0.8793718219
1011,0.9049867988
1010,0.8868818283
1009,0.8917030692
1008,0.8900955319
1007,0.8959086537
1006,0.8871861696
1005,0.8971815109
1004,0.8995925784
1003,0.8857045174
1002,0.8957667947
1001,0.8911904097
1000,0.8900654316
999,0.8976426125
998,0.8945727944
997,0.8860897422
996,0.8976323605
995,0.9021035433
994,0.8965438008
993,0.8951274753
992,0.8892350197
991,0.8943526745
990,0.8901552558
989,0.8951669335
988,0.8967230916
987,0.8947683573
986,0.8971115351
985,0.8967411518
984,0.902032733
983,0.8963111639
982,0.8971179724
981,0.9072332382
980,0.8934460878
979,0.8925226331
978,0.8908154368
977,0.8919724226
976,0.8980712891
975,0.8970038295
974,0.8913474083
973,0.8960252404
972,0.897469461
971,0.9018822312
970,0.9006155729
969,0.8991484642
968,0.8954977393
967,0.8956791759
966,0.89899683
965,0.9056954384
964,0.8929589987
963,0.9015035033
962,0.9025229812
961,0.8882575631
960,0.9039056301
959,0.896554172
958,0.918268621
957,0.9022136331
956,0.8885390162
955,0.9016393423
954,0.9010224342
953,0.8953233361
952,0.8987368941
951,0.8982548714
950,0.8945884109
949,0.8998842835
948,0.8990252614
947,0.8999235034
946,0.9021525383
945,0.9000464082
944,0.8836378455
943,0.9085633755
942,0.9008703828
941,0.9084971547
940,0.8966972828
939,0.9037688375
938,0.8975999355
937,0.9051581621
936,0.8973158002
935,0.9071552157
934,0.8996764421
933,0.9022445679
932,0.9035454988
931,0.9027345181
930,0.9090349078
929,0.9022058249
928,0.9017304778
927,0.8908134699
926,0.8999378681
925,0.9062982202
924,0.9010996819
923,0.9023714066
922,0.895704031
921,0.8996518254
920,0.9125266075
919,0.9210021496
918,0.8973525167
917,0.9033633471
916,0.9120593071
915,0.895870924
914,0.9016550183
913,0.8945287466
912,0.9103937149
911,0.9085941911
910,0.9015280008
909,0.9118186235
908,0.9099405408
907,0.9106619954
906,0.9064303637
905,0.9071599841
904,0.9027611613
903,0.9063609838
902,0.9185217619
901,0.9056536555
900,0.9126691818
899,0.9048991203
898,0.9098802805
897,0.899151504
896,0.9005070925
895,0.9129760861
894,0.9097016454
893,0.9021194577
892,0.9200499654
891,0.9072012901
890,0.9145525098
889,0.9035810828
888,0.911495924
887,0.9073004127
886,0.9106137753
885,0.9066661596
884,0.9092901945
883,0.9130474329
882,0.9128506184
881,0.9066153169
880,0.9092862606
879,0.9059225321
878,0.9044290781
877,0.9103827477
876,0.903883934
875,0.9118328094
874,0.9088872671
873,0.9074277282
872,0.9087537527
871,0.9110344648
870,0.9112449288
869,0.905140698
868,0.9108170867
867,0.9103412032
866,0.9080985785
865,0.904683888
864,0.9095247984
863,0.9060043693
862,0.907402575
861,0.9090673327
860,0.9106177688
859,0.9126861691
858,0.9101258516
857,0.9168663025
856,0.9129254818
855,0.912827909
854,0.9099510312
853,0.9134346843
852,0.9141998291
851,0.9135443568
850,0.9109560251
849,0.9146170616
848,0.9129012227
847,0.9131963253
846,0.9112752676
845,0.9113356471
844,0.9123822451
843,0.9152385592
842,0.9144797921
841,0.9136350155
840,0.9123513699
839,0.9121714234
838,0.9154281616
837,0.9128601551
836,0.9134363532
835,0.9169092178
834,0.9137766361
833,0.914699018
832,0.9154174328
831,0.914483428
830,0.9157742262
829,0.9145528078
828,0.9146001935
827,0.9178571701
826,0.9136954546
825,0.9153624177
824,0.9148045182
823,0.9137923121
822,0.9219532609
821,0.9188534021
820,0.9113869667
819,0.9183790684
818,0.9190075994
817,0.9185241461
816,0.914503336
815,0.9174882174
814,0.9179632068
813,0.9164438844
812,0.9190748334
811,0.9171623588
810,0.9191184044
809,0.9164353609
808,0.9184212685
807,0.9201726913
806,0.9217477441
805,0.9135201573
804,0.9195452332
803,0.9232881665
802,0.9211594462
801,0.9234164953
800,0.9181065559
799,0.9198977351
798,0.9208095074
797,0.9170271158
796,0.9225363135
795,0.9253652096
794,0.9193453789
793,0.9234852195
792,0.9236136675
791,0.9232158661
790,0.9251599908
789,0.9247435331
788,0.923476994
787,0.923238337
786,0.922581017
785,0.9225055575
784,0.9229295254
783,0.9253063202
782,0.9252126217
781,0.9234233499
780,0.9227759838
779,0.9265198112
778,0.9261001945
777,0.9211053848
776,0.9211187959
775,0.9244279861
774,0.9259937406
773,0.9239600301
772,0.9221689701
771,0.9252230525
770,0.924556613
769,0.9218000174
768,0.9251900911
767,0.9249706864
766,0.9241554141
765,0.9234755039
764,0.9278076887
763,0.9242135286
762,0.9281744957
761,0.9288141727
760,0.9237886667
759,0.9254650474
758,0.921756506
757,0.9275537133
756,0.9280054569
755,0.9303245544
754,0.9264963865
753,0.9262969494
752,0.9302998781
751,0.9298129082
750,0.9324140549
749,0.9245681763
748,0.9244495034
747,0.9259654284
746,0.9273027778
745,0.9309013486
744,0.9266783595
743,0.9295942187
742,0.9274482727
741,0.9289125204
740,0.9297861457
739,0.9290274382
738,0.9327853322
737,0.9284576178
736,0.9298977256
735,0.930542469
734,0.9241671562
733,0.9320306778
732,0.9319074154
731,0.9343878627
730,0.9318690896
729,0.9308567047
728,0.9358654022
727,0.9327799082
726,0.9321882129
725,0.9323721528
724,0.9312341213
723,0.9337207079
722,0.9360591173
721,0.9373998046
720,0.9352164268
719,0.9315202236
718,0.9312411547
717,0.9308989048
716,0.9315971136
715,0.9323833585
714,0.9384966493
713,0.9346244931
712,0.9333609343
711,0.9322329164
710,0.9395599365
709,0.9362105131
708,0.9372825623
707,0.9365366697
706,0.9373070002
705,0.9375984669
704,0.9362662435
703,0.9368681312
702,0.9390408993
701,0.9363980889
700,0.9395019412
699,0.9344494939
698,0.936534822
697,0.9360105991
696,0.9365167618
695,0.9381487966
694,0.9389910698
693,0.9385319352
692,0.9366433024
691,0.9384224415
690,0.9414218664
689,0.9376568794
688,0.9337745905
687,0.9371138215
686,0.9382926226
685,0.9360396266
684,0.9385420084
683,0.9378851652
682,0.9413419366
681,0.9376986027
680,0.9439711571
679,0.9399351478
678,0.9368388057
677,0.9393728375
676,0.9387320876
675,0.9413753748
674,0.93812114
673,0.9434188604
672,0.9431526065
671,0.9419385195
670,0.9406859279
669,0.9432146549
668,0.9403176308
667,0.9413785338
666,0.9429880381
665,0.9438930154
664,0.9429928064
663,0.9399190545
662,0.9426193237
661,0.9419808388
660,0.9404290318
659,0.9366822243
658,0.9402771592
657,0.9405524731
656,0.9456786513
655,0.9465797544
654,0.9412374496
653,0.9420942664
652,0.941950202
651,0.9453556538
650,0.9455725551
649,0.9410384297
648,0.9451556206
647,0.9428828955
646,0.9452303648
645,0.939971745
644,0.9472844005
643,0.9481289387
642,0.9418209195
641,0.9407602549
640,0.9397853017
639,0.9428872466
638,0.9455915689
637,0.9427878857
636,0.9418689013
635,0.9420845509
634,0.9455136061
633,0.9414924979
632,0.9422924519
631,0.9466879964
630,0.9464757442
629,0.9437865615
628,0.9444236755
627,0.9443733096
626,0.9448850751
625,0.9481633902
624,0.9460656047
623,0.9439180493
622,0.9459329844
621,0.9460933208
620,0.9461833239
619,0.9474771023
618,0.945674181
617,0.95096457
616,0.9522107244
615,0.9478905201
614,0.9438721538
613,0.9411856532
612,0.9462500811
611,0.9490993023
610,0.9421259165
609,0.948187232
608,0.9440611005
607,0.947937727
606,0.9484828711
605,0.949234426
604,0.9446952343
603,0.9460782409
602,0.9532808065
601,0.949159801
600,0.9522104859
599,0.9510856867
598,0.9510642886
597,0.9463875294
596,0.9573822021
595,0.9509319663
594,0.9477095604
593,0.9447805882
592,0.9515550733
591,0.9506372809
590,0.9487427473
589,0.9514313936
588,0.9462179542
587,0.9491337538
586,0.9535044432
585,0.9517191052
584,0.9502054453
583,0.9531877041
582,0.9530643225
581,0.9535105824
580,0.9544965029
579,0.9539626837
578,0.9531331062
577,0.9543449879
576,0.9526045322
575,0.9501965642
574,0.9536024928
573,0.9523071051
572,0.9545356035
571,0.949198842
570,0.9552571774
569,0.9576041102
568,0.9575747252
567,0.9559089541
566,0.9566163421
565,0.9575955868
564,0.9565194249
563,0.9568107128
562,0.9602254033
561,0.9563401341
560,0.9532418251
559,0.9553490281
558,0.9547652602
557,0.9617490768
556,0.9604874253
555,0.9546551704
554,0.9563695788
553,0.9600858092
552,0.9582961202
551,0.9586712122
550,0.960741818
549,0.9566985965
548,0.961997807
547,0.9590751529
546,0.9586653709
545,0.9590788484
544,0.9577723145
543,0.9623560309
542,0.9597096443
541,0.9645234942
540,0.9620922804
539,0.9647948742
538,0.9641273618
537,0.9636249542
536,0.9613432884
535,0.9665305018
534,0.9642872214
533,0.9676398635
532,0.968520999
531,0.9646722078
530,0.9661479592
529,0.9667513967
528,0.9672224522
527,0.9655163884
526,0.9695412517
525,0.9700567722
524,0.9661396742
523,0.966288507
522,0.9671872258
521,0.9719868898
520,0.9683120847
519,0.9673383832
518,0.9710569978
517,0.9747784734
516,0.9700328112
515,0.9721540809
514,0.9724860191
513,0.973064065
512,0.9770315886
511,0.974871099
510,0.9710991979
509,0.9739208221
508,0.9734251499
507,0.9750158787
506,0.976690352
505,0.977455914
504,0.9801925421
503,0.9800633192
502,0.9772254825
501,0.9799116254
500,0.9842592478
499,0.9811624885
498,0.981626451
497,0.9829998016
496,0.9801837802
495,0.9845232368
494,0.9874666929
493,0.9855903387
492,0.9838009477
491,0.9851384759
490,0.9866062403
489,0.9845237136
488,0.9864096642
487,0.9875739813
486,0.9881228209
485,0.9887859225
484,0.9934079647
483,0.9910535812
482,0.9921224117
481,0.9898462296
480,0.9894963503
479,0.9890893698
478,0.9944776297
477,0.9960314035
476,0.9960371256
475,0.9961891174
474,0.9994397163
473,0.9968650341
472,0.9972724319
471,0.9994833469
470,0.997730732
469,0.9997819662
468,1.001278281
467,1.0069381
466,1.003249764
465,1.002144575
464,1.005742908
463,1.006734133
462,1.008390784
461,1.005772352
460,1.009023905
459,1.006542206
458,1.009213924
457,1.007753849
456,1.013806105
455,1.015073538
454,1.015942931
453,1.014816284
452,1.016798019
451,1.02101016
450,1.015209675
449,1.015035391
448,1.018698692
447,1.016865253
446,1.014351249
445,1.017082453
444,1.021834135
443,1.015897989
442,1.021977305
441,1.026102066
440,1.021772504
439,1.024013162
438,1.024552584
437,1.030468464
436,1.025860429
435,1.028159022
434,1.031319141
433,1.031454682
432,1.03337276
431,1.035791039
430,1.036055088
429,1.035943866
428,1.039004087
427,1.040217876
426,1.041756034
425,1.039055347
424,1.041500092
423,1.045504808
422,1.044571161
421,1.050848484
420,1.052116394
419,1.051777124
418,1.048501134
417,1.052421093
416,1.052701831
415,1.053655028
414,1.052866936
413,1.057925463
412,1.057565689
411,1.055128694
410,1.0638448
409,1.062559843
408,1.066514969
407,1.066177726
406,1.064835548
405,1.064758778
404,1.067551255
403,1.073192358
402,1.07075429
401,1.076270223
400,1.074349761
399,1.075937748
398,1.072500706
397,1.076457143
396,1.074533701
395,1.070263267
394,1.073807716
393,1.068897605
392,1.077897906
391,1.07763648
390,1.073560476
389,1.073046803
388,1.069291949
387,1.069986224
386,1.067676425
385,1.062239647
384,1.065863848
383,1.065477371
382,1.065405369
381,1.061148643
380,1.063891411
379,1.066875935
378,1.066038251
377,1.067727089
376,1.071659327
375,1.069948435
374,1.075530529
373,1.078138828
372,1.07491076
371,1.075365901
370,1.08051312
369,1.075581312
368,1.077741146
367,1.076295733
366,1.077887654
365,1.071206808
364,1.070635319
363,1.070737243
362,1.067387223
361,1.057978868
360,1.061339855
359,1.055552483
358,1.053402662
357,1.046545744
356,1.039712548
355,1.033324599
354,1.032720566
353,1.022432327
352,1.016815305
351,0.9995030165
350,1.000718713


