time (s),dT1 (C),dT2 (C),dT3 (C),dT4 (C)
0.0,-0.029999999999997584,0.0,0.0,0.0
0.05,0.1999999999999993,0.0,0.0,0.0
0.1,0.16999999999999832,0.0,0.0,0.0
0.15000000000000002,-0.05000000000000071,0.1999999999999993,0.0,0.0
0.2,-0.05000000000000071,0.050000000000001044,0.0,0.0
0.25,-0.05000000000000071,0.0,0.0,0.0
0.30000000000000004,-0.05000000000000071,0.1999999999999993,0.0,0.0
0.35000000000000003,-0.05000000000000071,0.25,0.0,0.0
0.4,-0.030000000000001137,0.25,-0.1999999999999993,0.0
0.45,0.17999999999999994,0.050000000000001044,-0.25,0.0
0.5,-0.05000000000000071,0.0,-0.05000000000000071,0.0
0.55,-0.019999999999999574,0.0,0.0,0.030000000000001137
0.6000000000000001,0.1999999999999993,0.19999999999999996,0.0,0.25
0.65,0.1999999999999993,0.25,0.1999999999999993,0.25
0.7000000000000001,0.1999999999999993,0.25,0.25,0.2800000000000016
0.75,0.21999999999999886,0.4499999999999986,0.25,0.5
0.8,0.4499999999999993,0.5,0.44999999999999996,0.5300000000000011
0.8500000000000001,0.46999999999999886,0.5,0.5,0.75
0.9,0.7300000000000009,0.6999999999999993,0.5,0.75
0.9500000000000001,0.9499999999999993,1.1499999999999986,0.6999999999999993,0.8000000000000018
1.0,0.9699999999999989,1.25,0.9499999999999993,1.2699999999999996
1.05,1.2300000000000004,1.4500000000000006,1.0,1.5
1.1,1.4499999999999993,1.6999999999999993,1.3999999999999986,1.5199999999999996
1.1500000000000001,1.4800000000000013,1.75,1.7000000000000002,1.800000000000003
1.2000000000000002,1.7500000000000022,2.1499999999999986,1.75,2.25
1.25,2.1999999999999993,2.4499999999999993,1.9499999999999993,2.2699999999999996
1.3,2.2300000000000004,2.5,2.400000000000001,2.5500000000000007
1.35,2.5,2.8999999999999986,2.5,3.0
1.4000000000000001,2.9499999999999993,3.2,2.900000000000001,3.030000000000002
1.4500000000000002,2.9800000000000013,3.25,3.3999999999999986,3.300000000000003
1.5,3.25,3.6499999999999986,3.5,3.75
1.55,3.6999999999999993,4.15,3.7000000000000006,3.8000000000000007
1.6,3.719999999999999,4.25,4.149999999999999,4.27
1.6500000000000001,3.9800000000000013,4.45,4.25,4.5
1.7000000000000002,4.199999999999999,4.899999999999999,4.449999999999999,4.530000000000001
1.75,4.25,5.0,4.699999999999999,4.800000000000001
1.8,4.72,5.399999999999997,4.75,5.25
1.85,4.949999999999999,5.699999999999999,4.949999999999999,5.300000000000001
1.9000000000000001,4.980000000000001,5.75,5.399999999999997,5.75
1.9500000000000002,5.25,5.949999999999999,5.5,5.800000000000001
2.0,5.699999999999999,6.199999999999999,5.699999999999999,6.25
2.0500000000000003,5.720000000000005,6.25,5.949999999999999,6.270000000000002
2.1,5.970000000000002,6.449999999999999,6.0,6.52
2.15,6.199999999999999,6.699999999999997,6.399999999999994,6.75
2.2,6.23,6.75,6.5,6.75
2.25,6.48,6.949999999999999,6.5,6.800000000000001
2.3000000000000003,6.699999999999999,7.199999999999999,6.699999999999999,7.25
2.35,6.699999999999999,7.25,6.949999999999999,7.25
2.4000000000000004,6.730000000000002,7.25,7.0,7.280000000000003
2.45,6.98,7.649999999999999,7.199999999999999,7.5
2.5,7.199999999999999,7.75,7.25,7.5
2.5500000000000003,7.199999999999999,7.75,7.25,7.520000000000002
2.6,7.220000000000002,7.949999999999999,7.449999999999999,7.75
2.6500000000000004,7.449999999999999,8.0,7.5,7.75
2.7,7.449999999999999,8.0,7.5,7.780000000000001
2.75,7.48,8.2,7.699999999999999,8.0
2.8000000000000003,7.699999999999999,8.25,7.75,8.020000000000001
2.85,7.699999999999999,8.25,7.75,8.25
2.9000000000000004,7.730000000000002,8.45,7.949999999999999,8.25
2.95,7.949999999999999,8.5,8.0,8.25
3.0,7.949999999999999,8.5,8.0,8.280000000000001
3.0500000000000003,7.949999999999999,8.5,8.2,8.5
3.1,7.949999999999999,8.7,8.25,8.5
3.1500000000000004,7.949999999999999,8.75,8.25,8.530000000000003
3.2,7.98,8.75,8.25,8.75
3.25,8.2,8.950000000000003,8.45,8.719999999999999
3.3000000000000003,8.2,9.0,8.5,8.520000000000001
3.35,8.220000000000002,8.799999999999997,8.5,8.75
3.4000000000000004,8.45,8.950000000000003,8.5,8.75
3.45,8.45,9.0,8.5,8.75
3.5,8.45,9.0,8.5,8.75
3.5500000000000003,8.45,9.0,8.7,8.770000000000001
3.6,8.45,9.0,8.75,9.0
3.6500000000000004,8.45,9.200000000000003,8.75,9.0
3.7,8.45,9.049999999999997,8.75,9.0
3.75,8.479999999999997,9.0,8.75,9.0
3.8000000000000003,8.7,9.0,8.75,9.0
3.85,8.7,9.200000000000001,8.75,9.0
3.9000000000000004,8.7,9.25,8.75,9.0
3.95,8.7,9.25,8.75,9.0
4.0,8.7,9.25,8.95,9.0
4.05,8.7,9.25,9.0,9.02
4.1000000000000005,8.7,9.25,9.0,9.25
4.15,8.7,9.25,9.0,9.25
4.2,8.7,9.25,9.0,9.229999999999992
4.25,8.7,9.25,9.0,9.0
4.3,8.7,9.25,9.0,9.02
4.3500000000000005,8.730000000000004,9.25,9.0,9.25
4.4,8.929999999999996,9.450000000000003,9.0,9.25
4.45,8.7,9.299999999999997,9.0,9.25
4.5,8.73,9.25,9.0,9.25
4.55,8.95,9.25,9.0,9.25
4.6000000000000005,8.95,9.450000000000003,9.0,9.25
4.65,8.95,9.5,9.0,9.25
4.7,8.95,9.5,9.0,9.25
4.75,8.95,9.299999999999997,9.0,9.25
4.800000000000001,8.929999999999996,9.25,9.0,9.25
4.8500000000000005,8.730000000000004,9.25,9.0,9.25
4.9,8.95,9.25,9.0,9.25
4.95,8.95,9.25,9.200000000000003,9.25
5.0,8.95,9.25,9.25,9.25
5.050000000000001,8.95,9.450000000000006,9.25,9.25
5.1000000000000005,8.95,9.5,9.049999999999997,9.25
5.15,8.929999999999996,9.299999999999997,9.0,9.25
5.2,8.7,9.25,9.200000000000003,9.25
5.25,8.73,9.25,9.049999999999997,9.25
5.300000000000001,8.95,9.25,9.0,9.25
5.3500000000000005,8.95,9.25,9.200000000000003,9.25
5.4,8.95,9.25,9.049999999999997,9.25
5.45,8.95,9.25,9.0,9.25
5.5,8.95,9.25,9.0,9.25
5.550000000000001,8.929999999999996,9.25,9.0,9.25
5.6000000000000005,8.7,9.25,9.0,9.25
5.65,8.7,9.25,9.0,9.25
5.7,8.720000000000008,9.25,9.0,9.229999999999992
5.75,8.919999999999998,9.25,9.0,9.0
5.800000000000001,8.7,9.25,9.0,9.0
5.8500000000000005,8.7,9.25,9.0,9.0
5.9,8.7,9.25,9.0,9.0
5.95,8.7,9.25,9.0,9.0
6.0,8.7,9.25,9.0,9.0
6.050000000000001,8.7,9.25,9.0,9.0
6.1000000000000005,8.7,9.25,8.8,9.0
6.15,8.7,9.25,8.95,9.020000000000003
6.2,8.7,9.25,9.0,9.229999999999992
6.25,8.7,9.25,9.0,9.0
6.300000000000001,8.7,9.049999999999994,9.0,9.020000000000003
6.3500000000000005,8.7,9.0,9.0,9.219999999999995
6.4,8.7,9.200000000000003,9.0,9.0
6.45,8.7,9.25,8.8,9.0
6.5,8.7,9.25,8.75,9.0
6.550000000000001,8.7,9.049999999999994,8.950000000000003,9.0
6.6000000000000005,8.7,9.200000000000003,8.8,9.0
6.65,8.7,9.25,8.75,9.0
6.7,8.7,9.049999999999997,8.75,9.0
6.75,8.7,9.0,8.75,9.0
6.800000000000001,8.7,9.0,8.75,9.0
6.8500000000000005,8.7,9.0,8.75,9.0
6.9,8.7,9.0,8.75,8.98
6.95,8.7,9.0,8.75,8.75
7.0,8.7,9.0,8.75,8.75
7.050000000000001,8.7,9.0,8.75,8.75
7.1000000000000005,8.7,9.0,8.75,8.780000000000005
7.15,8.679999999999996,8.799999999999997,8.75,9.0
7.2,8.45,8.950000000000003,8.75,9.0
7.25,8.45,9.0,8.75,9.0
7.300000000000001,8.45,8.799999999999994,8.75,9.0
7.3500000000000005,8.45,8.950000000000003,8.75,8.969999999999995
7.4,8.45,9.0,8.75,8.75
7.45,8.45,9.0,8.75,8.75
7.5,8.45,9.0,8.75,8.75
7.550000000000001,8.45,9.0,8.75,8.75
7.6000000000000005,8.45,9.0,8.75,8.75
7.65,8.45,8.799999999999997,8.75,8.75
7.7,8.45,8.75,8.549999999999997,8.75
7.75,8.45,8.75,8.5,8.75
7.800000000000001,8.45,8.75,8.5,8.75
7.8500000000000005,8.45,8.75,8.5,8.75
7.9,8.45,8.75,8.5,8.75
7.95,8.45,8.75,8.700000000000003,8.75
8.0,8.45,8.75,8.55,8.75
8.05,8.419999999999991,8.75,8.5,8.75
8.1,8.2,8.75,8.5,8.75
8.15,8.220000000000002,8.75,8.7,8.73
8.200000000000001,8.429999999999986,8.75,8.75,8.5
8.25,8.2,8.75,8.75,8.52
8.3,8.230000000000008,8.75,8.55,8.719999999999992
8.35,8.419999999999998,8.75,8.5,8.5
8.4,8.2,8.75,8.5,8.5
8.450000000000001,8.2,8.75,8.5,8.5
8.5,8.2,8.75,8.5,8.5
8.55,8.2,8.55,8.5,8.5
8.6,8.2,8.5,8.5,8.5
8.65,8.2,8.7,8.5,8.5
8.700000000000001,8.2,8.549999999999994,8.5,8.5
8.75,8.2,8.5,8.5,8.5
8.8,8.2,8.5,8.5,8.5
8.85,8.2,8.5,8.3,8.5
8.9,8.2,8.5,8.45,8.5
8.950000000000001,8.2,8.5,8.5,8.5
9.0,8.2,8.5,8.3,8.5
9.05,8.2,8.5,8.25,8.5
9.1,8.2,8.5,8.25,8.5
9.15,8.2,8.5,8.25,8.5
9.200000000000001,8.2,8.5,8.25,8.5
9.25,8.2,8.5,8.25,8.5
9.3,8.169999999999991,8.5,8.25,8.5
9.35,7.949999999999999,8.5,8.25,8.5
9.4,7.949999999999999,8.5,8.25,8.48
9.450000000000001,7.949999999999999,8.5,8.25,8.25
9.5,7.949999999999999,8.5,8.25,8.25
9.55,7.949999999999999,8.5,8.25,8.25
9.600000000000001,7.949999999999999,8.5,8.25,8.25
9.65,7.949999999999999,8.5,8.05,8.25
9.700000000000001,7.949999999999999,8.5,8.0,8.25
9.75,7.949999999999999,8.5,8.2,8.25
9.8,7.949999999999999,8.3,8.25,8.25
9.850000000000001,7.949999999999999,8.25,8.25,8.25
9.9,7.949999999999999,8.25,8.05,8.25
9.950000000000001,7.949999999999999,8.25,8.200000000000006,8.25
10.0,7.949999999999999,8.25,8.05,8.25
10.05,7.949999999999999,8.25,8.0,8.25
10.100000000000001,7.949999999999999,8.25,8.20000000000001,8.25
10.15,7.949999999999999,8.25,8.05,8.25
10.200000000000001,7.949999999999999,8.25,8.0,8.25
10.25,7.949999999999999,8.25,8.0,8.25
10.3,7.949999999999999,8.25,8.0,8.25
10.350000000000001,7.949999999999999,8.25,8.0,8.25
10.4,7.949999999999999,8.25,8.0,8.25
10.450000000000001,7.949999999999999,8.25,8.0,8.22999999999999
10.5,7.929999999999996,8.25,8.0,8.0
10.55,7.699999999999999,8.25,8.0,8.0
10.600000000000001,7.7300000000000075,8.25,7.79999999999999,8.0
10.65,7.929999999999996,8.25,7.75,8.0
10.700000000000001,7.699999999999999,8.25,7.950000000000006,8.0
10.75,7.699999999999999,8.25,8.0,8.0
10.8,7.699999999999999,8.25,8.0,8.0
10.850000000000001,7.699999999999999,8.04999999999999,7.79999999999999,8.0
10.9,7.699999999999999,8.0,7.949999999999999,8.0
10.950000000000001,7.699999999999999,8.0,8.0,8.0
11.0,7.699999999999999,8.0,7.800000000000001,8.0
11.05,7.699999999999999,8.0,7.949999999999999,8.0
11.100000000000001,7.699999999999999,8.0,8.0,8.0
11.15,7.699999999999999,8.0,8.0,8.0
11.200000000000001,7.699999999999999,8.0,8.0,8.0
11.25,7.699999999999999,8.0,8.0,8.0
11.3,7.699999999999999,8.0,7.800000000000001,8.0
11.350000000000001,7.699999999999999,8.0,7.95000000000001,7.969999999999992
11.4,7.699999999999999,8.0,8.0,7.75
11.450000000000001,7.699999999999999,8.0,7.799999999999994,7.77000000000001
11.5,7.699999999999999,8.0,7.75,8.0
11.55,7.699999999999999,8.0,7.75,8.0
11.600000000000001,7.699999999999999,8.0,7.75,7.969999999999992
11.65,7.699999999999999,8.0,7.75,7.75
11.700000000000001,7.699999999999999,8.0,7.75,7.75
11.75,7.699999999999999,8.0,7.75,7.75
11.8,7.699999999999999,8.0,7.75,7.780000000000008
11.850000000000001,7.669999999999991,7.79999999999999,7.75,7.969999999999992
11.9,7.449999999999999,7.75,7.75,7.75
11.950000000000001,7.449999999999999,7.75,7.549999999999994,7.75
12.0,7.449999999999999,7.949999999999999,7.5,7.75
12.05,7.449999999999999,8.0,7.699999999999999,7.75
12.100000000000001,7.449999999999999,8.0,7.75,7.75
12.15,7.449999999999999,8.0,7.75,7.75
12.200000000000001,7.449999999999999,7.799999999999994,7.75,7.75
12.25,7.449999999999999,7.75,7.75,7.75
12.3,7.449999999999999,7.75,7.75,7.75
12.350000000000001,7.449999999999999,7.75,7.75,7.75
12.4,7.449999999999999,7.75,7.75,7.75
12.450000000000001,7.449999999999999,7.75,7.75,7.75
12.5,7.449999999999999,7.75,7.550000000000001,7.75
12.55,7.449999999999999,7.75,7.699999999999999,7.75
12.600000000000001,7.449999999999999,7.75,7.75,7.75
12.65,7.449999999999999,7.949999999999999,7.550000000000001,7.75
12.700000000000001,7.449999999999999,7.799999999999994,7.700000000000006,7.75
12.75,7.449999999999999,7.75,7.75,7.75
12.8,7.449999999999999,7.75,7.550000000000001,7.75
12.850000000000001,7.449999999999999,7.75,7.5,7.75
12.9,7.449999999999999,7.75,7.5,7.75
12.950000000000001,7.449999999999999,7.950000000000006,7.700000000000006,7.75
13.0,7.449999999999999,7.800000000000001,7.550000000000001,7.75
13.05,7.449999999999999,7.75,7.5,7.75
13.100000000000001,7.419999999999991,7.75,7.5,7.75
13.15,7.199999999999999,7.75,7.699999999999999,7.75
13.200000000000001,7.199999999999999,7.75,7.549999999999994,7.75
13.25,7.199999999999999,7.75,7.5,7.75
13.3,7.199999999999999,7.550000000000001,7.5,7.75
13.350000000000001,7.2300000000000075,7.5,7.5,7.719999999999992
13.4,7.429999999999996,7.699999999999999,7.5,7.5
13.450000000000001,7.199999999999999,7.75,7.5,7.5
13.5,7.220000000000002,7.75,7.5,7.5
13.55,7.419999999999991,7.75,7.5,7.5
13.600000000000001,7.199999999999999,7.54999999999999,7.5,7.5
13.65,7.220000000000002,7.5,7.5,7.5
13.700000000000001,7.4299999999999855,7.5,7.5,7.5
13.75,7.199999999999999,7.5,7.5,7.5
13.8,7.2300000000000075,7.5,7.5,7.5
13.850000000000001,7.419999999999991,7.5,7.5,7.5
13.9,7.199999999999999,7.5,7.5,7.5
13.950000000000001,7.199999999999999,7.5,7.5,7.5
14.0,7.199999999999999,7.699999999999999,7.5,7.5
14.05,7.199999999999999,7.550000000000001,7.5,7.5
14.100000000000001,7.199999999999999,7.5,7.5,7.5
14.15,7.199999999999999,7.5,7.5,7.5
14.200000000000001,7.199999999999999,7.5,7.5,7.5
14.25,7.199999999999999,7.5,7.5,7.5
14.3,7.199999999999999,7.5,7.5,7.5
14.350000000000001,7.199999999999999,7.5,7.5,7.5
14.4,7.199999999999999,7.5,7.5,7.48
14.450000000000001,7.199999999999999,7.5,7.5,7.25
14.5,7.199999999999999,7.5,7.300000000000001,7.27
14.55,7.199999999999999,7.5,7.449999999999999,7.5
14.600000000000001,7.199999999999999,7.5,7.5,7.5
14.65,7.199999999999999,7.5,7.300000000000001,7.5
14.700000000000001,7.199999999999999,7.5,7.450000000000006,7.5
14.75,7.199999999999999,7.5,7.5,7.5
14.8,7.199999999999999,7.5,7.5,7.5
14.850000000000001,7.169999999999991,7.5,7.29999999999999,7.5
14.9,6.970000000000002,7.5,7.25,7.5
14.950000000000001,7.199999999999999,7.5,7.25,7.5
15.0,7.199999999999999,7.5,7.25,7.5
15.05,7.199999999999999,7.5,7.25,7.5
15.100000000000001,7.199999999999999,7.5,7.25,7.5
15.15,7.199999999999999,7.5,7.25,7.5
15.200000000000001,7.1799999999999855,7.5,7.25,7.5
15.25,6.949999999999999,7.300000000000001,7.25,7.5
15.3,6.9800000000000075,7.25,7.25,7.5
15.350000000000001,7.199999999999999,7.45000000000001,7.25,7.469999999999992
15.4,7.199999999999999,7.300000000000001,7.25,7.25
15.450000000000001,7.199999999999999,7.25,7.25,7.27000000000001
15.5,7.179999999999996,7.449999999999999,7.25,7.48
15.55,6.949999999999999,7.300000000000001,7.25,7.25
15.600000000000001,6.9800000000000075,7.25,7.25,7.280000000000008
15.65,7.169999999999991,7.449999999999999,7.25,7.5
15.700000000000001,6.9800000000000075,7.5,7.25,7.5
15.75,7.199999999999999,7.5,7.25,7.5
15.8,7.169999999999998,7.300000000000001,7.25,7.469999999999999
15.850000000000001,6.970000000000024,7.449999999999999,7.25,7.25
15.9,7.199999999999999,7.5,7.25,7.25
15.950000000000001,7.199999999999999,7.5,7.25,7.25
16.0,7.179999999999996,7.300000000000001,7.25,7.25
16.05,6.949999999999999,7.25,7.25,7.25
16.1,6.970000000000024,7.25,7.25,7.25
16.150000000000002,7.169999999999984,7.25,7.25,7.25
16.2,6.949999999999999,7.25,7.25,7.25
16.25,6.949999999999999,7.25,7.25,7.25
16.3,6.949999999999999,7.25,7.25,7.25
16.35,6.949999999999999,7.25,7.25,7.25
16.400000000000002,6.949999999999999,7.25,7.25,7.25
16.45,6.949999999999999,7.25,7.050000000000001,7.25
16.5,6.949999999999999,7.25,7.199999999999999,7.25
16.55,6.949999999999999,7.25,7.25,7.25
16.6,6.949999999999999,7.25,7.25,7.25
16.650000000000002,6.949999999999999,7.25,7.25,7.25
16.7,6.949999999999999,7.25,7.25,7.25
16.75,6.949999999999999,7.25,7.25,7.25
16.8,6.949999999999999,7.25,7.25,7.25
16.85,6.949999999999999,7.25,7.050000000000001,7.25
16.900000000000002,6.949999999999999,7.4500000000000135,7.0,7.25
16.95,6.949999999999999,7.300000000000001,7.0,7.25
17.0,6.949999999999999,7.25,7.199999999999999,7.25
17.05,6.949999999999999,7.25,7.25,7.25
17.1,6.949999999999999,7.25,7.25,7.25
17.150000000000002,6.949999999999999,7.25,7.0499999999999865,7.25
17.2,6.949999999999999,7.25,7.0,7.25
17.25,6.949999999999999,7.25,7.0,7.25
17.3,6.949999999999999,7.25,7.0,7.25
17.35,6.949999999999999,7.25,7.0,7.25
17.400000000000002,6.949999999999999,7.25,7.2000000000000135,7.25
17.45,6.949999999999999,7.25,7.25,7.25
17.5,6.949999999999999,7.25,7.25,7.25
17.55,6.949999999999999,7.25,7.050000000000001,7.25
17.6,6.949999999999999,7.25,7.199999999999999,7.25
17.650000000000002,6.949999999999999,7.25,7.25,7.25
17.7,6.949999999999999,7.25,7.25,7.25
17.75,6.949999999999999,7.25,7.050000000000001,7.25
17.8,6.949999999999999,7.25,7.0,7.25
17.85,6.949999999999999,7.25,7.199999999999999,7.25
17.900000000000002,6.949999999999999,7.25,7.0499999999999865,7.219999999999985
17.95,6.949999999999999,7.25,7.0,7.0
18.0,6.949999999999999,7.25,7.0,7.02
18.05,6.949999999999999,7.25,7.0,7.25
18.1,6.949999999999999,7.25,7.0,7.25
18.150000000000002,6.949999999999999,7.25,7.0,7.219999999999985
18.2,6.949999999999999,7.25,7.0,7.0
18.25,6.949999999999999,7.25,7.0,7.0
18.3,6.949999999999999,7.25,7.0,7.030000000000001
18.35,6.949999999999999,7.25,7.0,7.229999999999979
18.400000000000002,6.949999999999999,7.25,7.0,7.030000000000015
18.45,6.949999999999999,7.25,7.0,7.25
18.5,6.949999999999999,7.25,7.0,7.23
18.55,6.949999999999999,7.25,7.0,7.0
18.6,6.949999999999999,7.25,7.0,7.0
18.650000000000002,6.949999999999999,7.25,7.0,7.030000000000015
18.7,6.919999999999998,7.25,7.0,7.219999999999999
18.75,6.699999999999999,7.25,7.0,7.0
18.8,6.73,7.25,7.0,7.030000000000001
18.85,6.949999999999999,7.25,7.0,7.229999999999979
18.900000000000002,6.949999999999999,7.25,7.0,7.0
18.95,6.949999999999999,7.25,7.0,7.0
19.0,6.949999999999999,7.25,7.0,7.0
19.05,6.949999999999999,7.25,7.0,7.0
19.1,6.949999999999999,7.25,7.0,7.0
19.150000000000002,6.949999999999999,7.25,7.0,7.0
19.200000000000003,6.919999999999984,7.049999999999979,7.0,7.0
19.25,6.699999999999999,7.0,7.0,7.0
19.3,6.73,7.0,7.0,7.0
19.35,6.929999999999975,7.199999999999999,7.0,7.0
19.400000000000002,6.699999999999999,7.25,7.0,7.0
19.450000000000003,6.730000000000015,7.25,7.0,7.0
19.5,6.929999999999996,7.25,7.0,7.0
19.55,6.699999999999999,7.25,7.0,7.0
19.6,6.720000000000024,7.25,7.0,7.020000000000021
19.650000000000002,6.919999999999984,7.25,7.0,7.25
19.700000000000003,6.699999999999999,7.25,7.0,7.219999999999985
19.75,6.699999999999999,7.25,7.0,7.0
19.8,6.699999999999999,7.050000000000001,7.0,7.0
19.85,6.699999999999999,7.0,7.0,7.0
19.900000000000002,6.699999999999999,7.0,7.0,7.0
19.950000000000003,6.730000000000015,7.0,7.0,7.0
20.0,6.949999999999999,7.199999999999999,6.800000000000001,7.0
20.05,6.919999999999998,7.25,6.949999999999999,7.0
20.1,6.699999999999999,7.050000000000001,7.0,7.0
20.150000000000002,6.699999999999999,7.0,7.0,7.0
20.200000000000003,6.699999999999999,7.0,7.0,7.0
20.25,6.699999999999999,7.0,7.0,7.0
20.3,6.699999999999999,7.0,7.0,7.0
20.35,6.699999999999999,7.0,7.0,7.0
20.400000000000002,6.699999999999999,7.0,7.0,7.0
20.450000000000003,6.699999999999999,7.200000000000021,7.0,7.0
20.5,6.699999999999999,7.25,7.0,7.0
20.55,6.699999999999999,7.050000000000001,7.0,7.0
20.6,6.699999999999999,7.0,7.0,7.0
20.650000000000002,6.699999999999999,7.0,6.7999999999999865,7.0
20.700000000000003,6.699999999999999,7.0,6.75,7.0
20.75,6.699999999999999,7.0,6.75,7.0
20.8,6.699999999999999,7.0,6.949999999999999,7.0
20.85,6.699999999999999,7.0,7.0,7.0
20.900000000000002,6.699999999999999,7.2000000000000135,7.0,7.0
20.950000000000003,6.699999999999999,7.25,7.0,7.0
21.0,6.699999999999999,7.050000000000001,7.0,7.0
21.05,6.699999999999999,7.0,7.0,7.0
21.1,6.699999999999999,7.0,7.0,7.0
21.150000000000002,6.699999999999999,7.0,7.0,7.0
21.200000000000003,6.699999999999999,7.0,7.0,7.0
21.25,6.699999999999999,7.0,7.0,7.0
21.3,6.699999999999999,7.0,7.0,7.0
21.35,6.699999999999999,7.0,6.800000000000001,7.0
21.400000000000002,6.699999999999999,7.0,6.9500000000000135,7.0
21.450000000000003,6.699999999999999,7.0,7.0,7.0
21.5,6.699999999999999,7.0,6.800000000000001,7.0
21.55,6.699999999999999,7.0,6.949999999999999,7.0
21.6,6.699999999999999,7.0,7.0,7.0
21.650000000000002,6.699999999999999,7.0,6.7999999999999865,7.0
21.700000000000003,6.699999999999999,7.0,6.950000000000021,7.0
21.75,6.699999999999999,7.0,7.0,7.0
21.8,6.699999999999999,7.0,6.800000000000001,7.0
21.85,6.699999999999999,7.0,6.75,7.0
21.900000000000002,6.699999999999999,7.0,6.75,6.969999999999985
21.950000000000003,6.699999999999999,7.0,6.75,6.75
22.0,6.699999999999999,7.0,6.75,6.77
22.05,6.699999999999999,7.0,6.75,7.0
22.1,6.699999999999999,7.0,6.75,7.0
22.150000000000002,6.699999999999999,7.0,6.9500000000000135,6.969999999999985
22.200000000000003,6.699999999999999,7.0,7.0,6.75
22.25,6.699999999999999,7.0,7.0,6.75
22.3,6.699999999999999,7.0,6.800000000000001,6.780000000000001
22.35,6.699999999999999,7.0,6.75,7.0
22.400000000000002,6.699999999999999,7.0,6.75,7.0
22.450000000000003,6.699999999999999,7.0,6.75,7.0
22.5,6.699999999999999,7.0,6.75,7.0
22.55,6.699999999999999,7.0,6.75,7.0
22.6,6.699999999999999,7.0,6.75,6.979999999999979
22.650000000000002,6.699999999999999,7.0,6.75,6.780000000000015
22.700000000000003,6.699999999999999,7.0,6.75,7.0
22.75,6.699999999999999,6.800000000000001,6.75,6.98
22.8,6.699999999999999,6.75,6.75,6.780000000000001
22.85,6.699999999999999,6.949999999999999,6.75,7.0
22.900000000000002,6.699999999999999,7.0,6.75,6.969999999999985
22.950000000000003,6.699999999999999,7.0,6.75,6.780000000000015
23.0,6.699999999999999,7.0,6.75,7.0
23.05,6.699999999999999,7.0,6.75,6.969999999999999
23.1,6.699999999999999,7.0,6.75,6.770000000000021
23.150000000000002,6.699999999999999,7.0,6.75,7.0
23.200000000000003,6.699999999999999,7.0,6.75,7.0
23.25,6.699999999999999,7.0,6.75,7.0
23.3,6.699999999999999,7.0,6.75,7.0
23.35,6.699999999999999,7.0,6.75,7.0
23.400000000000002,6.699999999999999,7.0,6.9500000000000135,6.969999999999985
23.450000000000003,6.699999999999999,7.0,7.0,6.75
23.5,6.699999999999999,7.0,7.0,6.77
23.55,6.699999999999999,7.0,6.800000000000001,7.0
23.6,6.699999999999999,7.0,6.75,7.0
23.650000000000002,6.699999999999999,7.0,6.9500000000000135,7.0
23.700000000000003,6.699999999999999,7.0,6.799999999999979,7.0
23.75,6.699999999999999,7.0,6.75,7.0
23.8,6.699999999999999,7.0,6.75,7.0
23.85,6.699999999999999,7.0,6.75,6.979999999999979
23.900000000000002,6.699999999999999,7.0,6.75,6.75
23.950000000000003,6.699999999999999,7.0,6.75,6.780000000000015
24.0,6.699999999999999,7.0,6.75,6.98
24.05,6.699999999999999,6.800000000000001,6.75,6.75
24.1,6.699999999999999,6.75,6.75,6.770000000000021
24.150000000000002,6.699999999999999,6.75,6.75,6.969999999999985
24.200000000000003,6.699999999999999,6.950000000000021,6.75,6.75
24.25,6.699999999999999,7.0,6.75,6.75
24.3,6.699999999999999,7.0,6.75,6.75
24.35,6.699999999999999,7.0,6.75,6.75
24.400000000000002,6.699999999999999,7.0,6.75,6.75
24.450000000000003,6.699999999999999,7.0,6.75,6.75
24.5,6.699999999999999,6.800000000000001,6.75,6.75
24.55,6.699999999999999,6.949999999999999,6.75,6.75
24.6,6.699999999999999,7.0,6.75,6.770000000000021
24.650000000000002,6.669999999999984,7.0,6.75,7.0
24.700000000000003,6.449999999999999,7.0,6.75,6.969999999999985
24.75,6.470000000000002,7.0,6.75,6.75
24.8,6.699999999999999,7.0,6.75,6.75
24.85,6.699999999999999,7.0,6.75,6.75
24.900000000000002,6.699999999999999,7.0,6.75,6.780000000000015
24.950000000000003,6.699999999999999,7.0,6.75,7.0
25.0,6.699999999999999,7.0,6.75,6.98
25.05,6.699999999999999,7.0,6.75,6.75
25.1,6.699999999999999,7.0,6.75,6.75
25.150000000000002,6.699999999999999,7.0,6.75,6.75
25.200000000000003,6.699999999999999,7.0,6.75,6.780000000000015
25.25,6.679999999999996,6.800000000000001,6.75,6.98
25.3,6.449999999999999,6.75,6.75,6.75
25.35,6.449999999999999,6.75,6.75,6.75
25.400000000000002,6.480000000000015,6.75,6.75,6.75
25.450000000000003,6.699999999999999,6.75,6.75,6.75
25.5,6.679999999999996,6.75,6.75,6.75
25.55,6.48,6.75,6.75,6.75
25.6,6.679999999999975,6.75,6.75,6.75
25.650000000000002,6.449999999999999,6.75,6.75,6.75
25.700000000000003,6.480000000000015,6.950000000000021,6.75,6.75
25.75,6.679999999999996,7.0,6.75,6.75
25.8,6.449999999999999,7.0,6.75,6.75
25.85,6.470000000000024,6.800000000000001,6.75,6.75
25.900000000000002,6.669999999999984,6.9500000000000135,6.75,6.75
25.950000000000003,6.449999999999999,6.799999999999979,6.75,6.75
26.0,6.449999999999999,6.75,6.75,6.75
26.05,6.449999999999999,6.949999999999999,6.75,6.75
26.1,6.449999999999999,6.800000000000001,6.75,6.75
26.150000000000002,6.449999999999999,6.75,6.75,6.75
26.200000000000003,6.480000000000015,6.75,6.75,6.75
26.25,6.699999999999999,6.949999999999999,6.75,6.75
26.3,6.669999999999998,7.0,6.75,6.75
26.35,6.449999999999999,6.800000000000001,6.75,6.75
26.400000000000002,6.449999999999999,6.75,6.75,6.75
26.450000000000003,6.449999999999999,6.75,6.75,6.75
26.5,6.449999999999999,6.949999999999999,6.75,6.75
26.55,6.449999999999999,6.800000000000001,6.75,6.75
26.6,6.449999999999999,6.75,6.75,6.75
26.650000000000002,6.480000000000015,6.9500000000000135,6.75,6.75
26.700000000000003,6.699999999999999,7.0,6.75,6.780000000000015
26.75,6.679999999999996,7.0,6.75,6.98
26.8,6.48,6.800000000000001,6.75,6.75
26.85,6.699999999999999,6.949999999999999,6.75,6.75
26.900000000000002,6.669999999999984,7.0,6.75,6.75
26.950000000000003,6.449999999999999,6.799999999999979,6.75,6.75
27.0,6.449999999999999,6.75,6.75,6.75
27.05,6.449999999999999,6.75,6.75,6.75
27.1,6.449999999999999,6.949999999999999,6.75,6.75
27.150000000000002,6.449999999999999,6.7999999999999865,6.75,6.75
27.200000000000003,6.480000000000015,6.75,6.75,6.75
27.25,6.679999999999996,6.75,6.75,6.75
27.3,6.449999999999999,6.75,6.75,6.75
27.35,6.449999999999999,6.75,6.75,6.75
27.400000000000002,6.449999999999999,6.9500000000000135,6.75,6.75
27.450000000000003,6.449999999999999,6.799999999999979,6.75,6.75
27.5,6.449999999999999,6.75,6.75,6.75
27.55,6.449999999999999,6.75,6.75,6.75
27.6,6.449999999999999,6.75,6.75,6.75
27.650000000000002,6.449999999999999,6.75,6.75,6.75
27.700000000000003,6.449999999999999,6.75,6.75,6.75
27.75,6.449999999999999,6.75,6.75,6.75
27.8,6.449999999999999,6.75,6.75,6.75
27.85,6.449999999999999,6.75,6.75,6.75
27.900000000000002,6.449999999999999,6.75,6.75,6.75
27.950000000000003,6.449999999999999,6.75,6.549999999999979,6.75
28.0,6.449999999999999,6.949999999999999,6.5,6.75
28.05,6.449999999999999,6.800000000000001,6.699999999999999,6.75
28.1,6.449999999999999,6.75,6.75,6.75
28.150000000000002,6.449999999999999,6.75,6.75,6.75
28.200000000000003,6.449999999999999,6.75,6.75,6.75
28.25,6.449999999999999,6.75,6.75,6.75
28.3,6.449999999999999,6.75,6.75,6.75
28.35,6.449999999999999,6.949999999999999,6.75,6.75
28.400000000000002,6.449999999999999,7.0,6.75,6.75
28.450000000000003,6.480000000000015,6.799999999999979,6.75,6.75
28.5,6.699999999999999,6.75,6.75,6.75
28.55,6.669999999999998,6.75,6.75,6.719999999999999
28.6,6.449999999999999,6.75,6.75,6.520000000000021
28.650000000000002,6.449999999999999,6.9500000000000135,6.75,6.75
28.700000000000003,6.449999999999999,7.0,6.75,6.75
28.75,6.449999999999999,6.800000000000001,6.75,6.75
28.8,6.449999999999999,6.75,6.75,6.75
28.85,6.449999999999999,6.75,6.75,6.75
28.900000000000002,6.449999999999999,6.75,6.75,6.75
28.950000000000003,6.449999999999999,6.75,6.75,6.75
29.0,6.449999999999999,6.75,6.75,6.75
29.05,6.449999999999999,6.75,6.75,6.75
29.1,6.470000000000024,6.75,6.75,6.75
29.150000000000002,6.699999999999999,6.75,6.5499999999999865,6.75
29.200000000000003,6.669999999999984,6.75,6.5,6.75
29.25,6.449999999999999,6.75,6.699999999999999,6.75
29.3,6.449999999999999,6.75,6.75,6.75
29.35,6.449999999999999,6.75,6.75,6.75
29.400000000000002,6.449999999999999,6.75,6.75,6.75
29.450000000000003,6.449999999999999,6.75,6.75,6.75
29.5,6.449999999999999,6.75,6.75,6.75
29.55,6.449999999999999,6.75,6.75,6.75
29.6,6.449999999999999,6.75,6.550000000000001,6.75
29.650000000000002,6.449999999999999,6.75,6.5,6.75
29.700000000000003,6.449999999999999,6.75,6.5,6.75
29.75,6.449999999999999,6.75,6.699999999999999,6.75
29.8,6.449999999999999,6.75,6.75,6.75
29.85,6.449999999999999,6.75,6.75,6.75
29.900000000000002,6.449999999999999,6.9500000000000135,6.75,6.75
29.950000000000003,6.449999999999999,7.0,6.75,6.75
30.0,6.449999999999999,6.800000000000001,6.75,6.75
30.05,6.449999999999999,6.75,6.75,6.75
30.1,6.449999999999999,6.75,6.75,6.75
30.150000000000002,6.449999999999999,6.75,6.75,6.75
30.200000000000003,6.449999999999999,6.75,6.75,6.75
30.25,6.449999999999999,6.75,6.75,6.75
30.3,6.449999999999999,6.75,6.75,6.75
30.35,6.449999999999999,6.75,6.75,6.75
30.400000000000002,6.449999999999999,6.75,6.75,6.75
30.450000000000003,6.449999999999999,6.75,6.75,6.75
30.5,6.449999999999999,6.75,6.75,6.75
30.55,6.449999999999999,6.75,6.75,6.75
30.6,6.449999999999999,6.75,6.75,6.75
30.650000000000002,6.449999999999999,6.75,6.75,6.75
30.700000000000003,6.449999999999999,6.75,6.75,6.75
30.75,6.449999999999999,6.75,6.75,6.75
30.8,6.449999999999999,6.75,6.75,6.75
30.85,6.449999999999999,6.75,6.75,6.75
30.900000000000002,6.449999999999999,6.75,6.75,6.75
30.950000000000003,6.449999999999999,6.75,6.75,6.75
31.0,6.449999999999999,6.75,6.75,6.73
31.05,6.449999999999999,6.75,6.75,6.5
31.1,6.449999999999999,6.75,6.75,6.520000000000021
31.150000000000002,6.449999999999999,6.75,6.5499999999999865,6.75
31.200000000000003,6.449999999999999,6.75,6.5,6.75
31.25,6.449999999999999,6.75,6.699999999999999,6.75
31.3,6.449999999999999,6.75,6.75,6.75
31.35,6.449999999999999,6.75,6.75,6.75
31.400000000000002,6.449999999999999,6.75,6.75,6.75
31.450000000000003,6.449999999999999,6.75,6.549999999999979,6.75
31.5,6.449999999999999,6.75,6.5,6.75
31.55,6.449999999999999,6.75,6.699999999999999,6.75
31.6,6.449999999999999,6.75,6.550000000000001,6.75
31.650000000000002,6.449999999999999,6.75,6.5,6.75
31.700000000000003,6.449999999999999,6.75,6.700000000000021,6.75
31.75,6.449999999999999,6.75,6.550000000000015,6.75
31.8,6.449999999999999,6.75,6.5,6.75
31.85,6.449999999999999,6.75,6.5,6.75
31.900000000000002,6.449999999999999,6.75,6.5,6.75
31.950000000000003,6.449999999999999,6.75,6.5,6.75
32.0,6.449999999999999,6.75,6.699999999999999,6.75
32.050000000000004,6.449999999999999,6.75,6.75,6.75
32.1,6.449999999999999,6.75,6.75,6.75
32.15,6.449999999999999,6.75,6.75,6.75
32.2,6.449999999999999,6.75,6.75,6.75
32.25,6.449999999999999,6.75,6.75,6.75
32.300000000000004,6.449999999999999,6.75,6.549999999999972,6.75
32.35,6.449999999999999,6.75,6.700000000000028,6.75
32.4,6.449999999999999,6.75,6.75,6.75
32.45,6.449999999999999,6.75,6.75,6.75
32.5,6.449999999999999,6.75,6.75,6.75
32.550000000000004,6.449999999999999,6.75,6.75,6.75
32.6,6.449999999999999,6.75,6.549999999999972,6.75
32.65,6.449999999999999,6.75,6.699999999999999,6.75
32.7,6.449999999999999,6.75,6.75,6.75
32.75,6.449999999999999,6.75,6.75,6.75
32.800000000000004,6.449999999999999,6.75,6.549999999999972,6.75
32.85,6.449999999999999,6.75,6.5,6.75
32.9,6.449999999999999,6.75,6.5,6.75
32.95,6.449999999999999,6.75,6.5,6.75
33.0,6.449999999999999,6.75,6.699999999999999,6.75
33.050000000000004,6.449999999999999,6.75,6.75,6.75
33.1,6.449999999999999,6.950000000000028,6.75,6.75
33.15,6.449999999999999,7.0,6.75,6.75
33.2,6.449999999999999,6.799999999999958,6.75,6.75
33.25,6.449999999999999,6.75,6.75,6.75
33.300000000000004,6.449999999999999,6.75,6.75,6.75
33.35,6.449999999999999,6.75,6.75,6.75
33.4,6.449999999999999,6.75,6.550000000000001,6.75
33.45,6.449999999999999,6.75,6.700000000000042,6.719999999999999
33.5,6.449999999999999,6.75,6.75,6.5
33.550000000000004,6.449999999999999,6.75,6.75,6.52
33.6,6.449999999999999,6.75,6.75,6.75
33.65,6.449999999999999,6.75,6.75,6.75
33.7,6.449999999999999,6.75,6.549999999999958,6.75
33.75,6.449999999999999,6.75,6.5,6.75
33.800000000000004,6.449999999999999,6.75,6.5,6.75
33.85,6.449999999999999,6.75,6.700000000000028,6.75
33.9,6.449999999999999,6.75,6.550000000000001,6.75
33.95,6.449999999999999,6.75,6.5,6.75
34.0,6.449999999999999,6.75,6.699999999999999,6.75
34.050000000000004,6.449999999999999,6.75,6.75,6.75
34.1,6.449999999999999,6.75,6.75,6.75
34.15,6.449999999999999,6.75,6.75,6.7200000000000415
34.2,6.449999999999999,6.75,6.75,6.530000000000001
34.25,6.449999999999999,6.75,6.75,6.75
34.300000000000004,6.449999999999999,6.75,6.549999999999972,6.73
34.35,6.449999999999999,6.75,6.5,6.52
34.4,6.449999999999999,6.75,6.5,6.75
34.45,6.449999999999999,6.75,6.5,6.75
34.5,6.449999999999999,6.75,6.699999999999999,6.75
34.550000000000004,6.449999999999999,6.75,6.75,6.75
34.6,6.449999999999999,6.75,6.75,6.75
34.65,6.449999999999999,6.75,6.75,6.75
34.7,6.449999999999999,6.75,6.75,6.75
34.75,6.449999999999999,6.75,6.550000000000001,6.75
34.800000000000004,6.449999999999999,6.75,6.700000000000028,6.73
34.85,6.449999999999999,6.75,6.75,6.5
34.9,6.449999999999999,6.75,6.75,6.5
34.95,6.449999999999999,6.75,6.549999999999958,6.530000000000001
35.0,6.449999999999999,6.75,6.5,6.75
35.050000000000004,6.449999999999999,6.75,6.5,6.75
35.1,6.449999999999999,6.75,6.5,6.73
35.15,6.449999999999999,6.75,6.5,6.5299999999999585
35.2,6.449999999999999,6.75,6.700000000000042,6.75
35.25,6.449999999999999,6.75,6.550000000000001,6.719999999999999
35.300000000000004,6.449999999999999,6.75,6.5,6.52
35.35,6.449999999999999,6.75,6.700000000000028,6.75
35.4,6.449999999999999,6.75,6.75,6.75
35.45,6.449999999999999,6.549999999999958,6.75,6.75
35.5,6.449999999999999,6.699999999999999,6.75,6.75
35.550000000000004,6.449999999999999,6.75,6.549999999999972,6.75
35.6,6.449999999999999,6.75,6.5,6.75
35.65,6.449999999999999,6.75,6.699999999999999,6.75
35.7,6.449999999999999,6.75,6.549999999999958,6.719999999999999
35.75,6.449999999999999,6.75,6.5,6.5
35.800000000000004,6.449999999999999,6.75,6.5,6.5
35.85,6.449999999999999,6.75,6.5,6.52
35.9,6.449999999999999,6.75,6.5,6.7200000000000415
35.95,6.449999999999999,6.75,6.700000000000042,6.5
36.0,6.449999999999999,6.75,6.550000000000001,6.530000000000001
36.050000000000004,6.449999999999999,6.75,6.5,6.75
36.1,6.449999999999999,6.75,6.700000000000028,6.75
36.15,6.449999999999999,6.75,6.550000000000001,6.75
36.2,6.449999999999999,6.75,6.5,6.719999999999999
36.25,6.449999999999999,6.75,6.5,6.5
36.300000000000004,6.449999999999999,6.75,6.700000000000028,6.52
36.35,6.449999999999999,6.75,6.549999999999972,6.75
36.4,6.449999999999999,6.75,6.5,6.75
36.45,6.449999999999999,6.75,6.5,6.75
36.5,6.449999999999999,6.75,6.5,6.719999999999999
36.550000000000004,6.449999999999999,6.75,6.5,6.5
36.6,6.449999999999999,6.75,6.5,6.52
36.65,6.449999999999999,6.75,6.5,6.75
36.7,6.449999999999999,6.75,6.5,6.75
36.75,6.449999999999999,6.75,6.699999999999999,6.75
36.800000000000004,6.449999999999999,6.75,6.75,6.75
36.85,6.449999999999999,6.75,6.75,6.75
36.9,6.449999999999999,6.75,6.550000000000001,6.75
36.95,6.449999999999999,6.75,6.700000000000042,6.75
37.0,6.449999999999999,6.75,6.75,6.75
37.050000000000004,6.449999999999999,6.75,6.75,6.75
37.1,6.449999999999999,6.75,6.549999999999972,6.75
37.15,6.449999999999999,6.75,6.5,6.75
37.2,6.449999999999999,6.75,6.5,6.75
37.25,6.449999999999999,6.75,6.5,6.75
37.300000000000004,6.449999999999999,6.75,6.5,6.75
37.35,6.449999999999999,6.75,6.5,6.75
37.4,6.449999999999999,6.75,6.699999999999999,6.7200000000000415
37.45,6.449999999999999,6.75,6.75,6.5
37.5,6.449999999999999,6.75,6.75,6.530000000000001
37.550000000000004,6.449999999999999,6.75,6.549999999999972,6.75
37.6,6.449999999999999,6.75,6.5,6.75
37.65,6.449999999999999,6.75,6.5,6.75
37.7,6.449999999999999,6.75,6.5,6.75
37.75,6.449999999999999,6.75,6.5,6.75
37.800000000000004,6.449999999999999,6.75,6.5,6.75
37.85,6.449999999999999,6.75,6.700000000000028,6.73
37.9,6.449999999999999,6.75,6.75,6.5
37.95,6.449999999999999,6.75,6.549999999999958,6.530000000000001
38.0,6.449999999999999,6.75,6.5,6.75
38.050000000000004,6.449999999999999,6.75,6.5,6.75
38.1,6.449999999999999,6.75,6.700000000000028,6.75
38.15,6.449999999999999,6.75,6.550000000000001,6.7200000000000415
38.2,6.449999999999999,6.75,6.5,6.530000000000001
38.25,6.449999999999999,6.75,6.5,6.75
38.300000000000004,6.449999999999999,6.75,6.5,6.75
38.35,6.449999999999999,6.75,6.5,6.75
38.400000000000006,6.449999999999999,6.75,6.5,6.75
38.45,6.449999999999999,6.75,6.700000000000042,6.75
38.5,6.449999999999999,6.75,6.75,6.75
38.550000000000004,6.449999999999999,6.75,6.75,6.75
38.6,6.449999999999999,6.75,6.75,6.75
38.650000000000006,6.449999999999999,6.75,6.75,6.75
38.7,6.449999999999999,6.75,6.549999999999958,6.75
38.75,6.449999999999999,6.75,6.5,6.719999999999999
38.800000000000004,6.449999999999999,6.75,6.5,6.52
38.85,6.449999999999999,6.75,6.5,6.75
38.900000000000006,6.449999999999999,6.75,6.5,6.75
38.95,6.449999999999999,6.75,6.5,6.719999999999999
39.0,6.449999999999999,6.75,6.5,6.5
39.050000000000004,6.449999999999999,6.75,6.700000000000028,6.5
39.1,6.449999999999999,6.75,6.75,6.5
39.150000000000006,6.449999999999999,6.75,6.75,6.5
39.2,6.449999999999999,6.75,6.75,6.5
39.25,6.449999999999999,6.75,6.75,6.530000000000001
39.300000000000004,6.449999999999999,6.75,6.549999999999972,6.75
39.35,6.449999999999999,6.75,6.5,6.75
39.400000000000006,6.449999999999999,6.75,6.5,6.75
39.45,6.449999999999999,6.75,6.5,6.75
39.5,6.449999999999999,6.75,6.5,6.75
39.550000000000004,6.449999999999999,6.75,6.5,6.75
39.6,6.449999999999999,6.75,6.700000000000028,6.75
39.650000000000006,6.449999999999999,6.75,6.549999999999972,6.75
39.7,6.449999999999999,6.75,6.5,6.75
39.75,6.449999999999999,6.75,6.5,6.75
39.800000000000004,6.449999999999999,6.75,6.5,6.73
39.85,6.449999999999999,6.75,6.5,6.52
39.900000000000006,6.449999999999999,6.75,6.5,6.75
39.95,6.449999999999999,6.75,6.5,6.719999999999999
40.0,6.449999999999999,6.75,6.5,6.5
40.050000000000004,6.449999999999999,6.75,6.5,6.5
40.1,6.449999999999999,6.75,6.5,6.52
40.150000000000006,6.449999999999999,6.75,6.700000000000028,6.75
40.2,6.449999999999999,6.75,6.75,6.75
40.25,6.449999999999999,6.550000000000001,6.550000000000001,6.75
40.300000000000004,6.449999999999999,6.5,6.5,6.73
40.35,6.449999999999999,6.700000000000028,6.5,6.5
40.400000000000006,6.449999999999999,6.75,6.5,6.5
40.45,6.449999999999999,6.75,6.299999999999958,6.530000000000001
40.5,6.449999999999999,6.75,6.25,6.75
40.550000000000004,6.449999999999999,6.75,6.450000000000028,6.75
40.6,6.449999999999999,6.75,6.5,6.75
40.650000000000006,6.449999999999999,6.75,6.5,6.75
40.7,6.449999999999999,6.75,6.700000000000042,6.75
40.75,6.449999999999999,6.75,6.550000000000001,6.75
40.800000000000004,6.449999999999999,6.75,6.5,6.75
40.85,6.449999999999999,6.75,6.700000000000028,6.73
40.900000000000006,6.449999999999999,6.75,6.549999999999972,6.530000000000001
40.95,6.449999999999999,6.75,6.5,6.75
41.0,6.449999999999999,6.75,6.5,6.75
41.050000000000004,6.449999999999999,6.75,6.5,6.75
41.1,6.449999999999999,6.75,6.5,6.75
41.150000000000006,6.449999999999999,6.75,6.5,6.75
41.2,6.449999999999999,6.75,6.5,6.719999999999999
41.25,6.449999999999999,6.75,6.5,6.5
41.300000000000004,6.449999999999999,6.75,6.5,6.52
41.35,6.449999999999999,6.75,6.700000000000028,6.73
41.400000000000006,6.449999999999999,6.549999999999972,6.75,6.5
41.45,6.449999999999999,6.700000000000042,6.75,6.530000000000001
41.5,6.449999999999999,6.75,6.550000000000001,6.719999999999999
41.550000000000004,6.449999999999999,6.75,6.5,6.52
41.6,6.449999999999999,6.75,6.5,6.75
41.650000000000006,6.449999999999999,6.75,6.5,6.719999999999999
41.7,6.449999999999999,6.75,6.5,6.530000000000001
41.75,6.449999999999999,6.75,6.5,6.75
41.800000000000004,6.449999999999999,6.75,6.5,6.73
41.85,6.449999999999999,6.75,6.5,6.52
41.900000000000006,6.449999999999999,6.75,6.5,6.75
41.95,6.449999999999999,6.75,6.5,6.719999999999999
42.0,6.449999999999999,6.75,6.5,6.530000000000001
42.050000000000004,6.449999999999999,6.75,6.5,6.75
42.1,6.449999999999999,6.75,6.5,6.75
42.150000000000006,6.449999999999999,6.75,6.5,6.75
42.2,6.449999999999999,6.75,6.5,6.75
42.25,6.449999999999999,6.75,6.699999999999999,6.719999999999999
42.300000000000004,6.449999999999999,6.75,6.75,6.5
42.35,6.449999999999999,6.75,6.549999999999972,6.5
42.400000000000006,6.449999999999999,6.75,6.700000000000028,6.5
42.45,6.449999999999999,6.75,6.75,6.5
42.5,6.449999999999999,6.75,6.550000000000001,6.5
42.550000000000004,6.449999999999999,6.75,6.5,6.52
42.6,6.449999999999999,6.75,6.5,6.75
42.650000000000006,6.449999999999999,6.75,6.5,6.75
42.7,6.449999999999999,6.75,6.5,6.75
42.75,6.449999999999999,6.75,6.5,6.719999999999999
42.800000000000004,6.449999999999999,6.75,6.5,6.5
42.85,6.449999999999999,6.75,6.5,6.52
42.900000000000006,6.449999999999999,6.75,6.5,6.719999999999999
42.95,6.449999999999999,6.75,6.5,6.5
43.0,6.449999999999999,6.550000000000001,6.5,6.530000000000001
43.050000000000004,6.449999999999999,6.5,6.5,6.73
43.1,6.449999999999999,6.700000000000028,6.5,6.5
43.150000000000006,6.449999999999999,6.75,6.5,6.530000000000001
43.2,6.449999999999999,6.75,6.700000000000042,6.75
43.25,6.449999999999999,6.75,6.75,6.75
43.300000000000004,6.449999999999999,6.75,6.549999999999972,6.73
43.35,6.449999999999999,6.75,6.5,6.5
43.400000000000006,6.449999999999999,6.75,6.5,6.5
43.45,6.449999999999999,6.75,6.5,6.5
43.5,6.449999999999999,6.75,6.5,6.530000000000001
43.550000000000004,6.449999999999999,6.75,6.5,6.75
43.6,6.449999999999999,6.75,6.5,6.75
43.650000000000006,6.449999999999999,6.75,6.5,6.75
43.7,6.449999999999999,6.75,6.5,6.75
43.75,6.449999999999999,6.75,6.5,6.719999999999999
43.800000000000004,6.449999999999999,6.75,6.5,6.52
43.85,6.449999999999999,6.75,6.5,6.75
43.900000000000006,6.449999999999999,6.75,6.700000000000028,6.719999999999999
43.95,6.449999999999999,6.75,6.75,6.530000000000001
44.0,6.449999999999999,6.75,6.75,6.75
44.050000000000004,6.449999999999999,6.75,6.549999999999972,6.75
44.1,6.449999999999999,6.75,6.5,6.75
44.150000000000006,6.449999999999999,6.75,6.5,6.75
44.2,6.449999999999999,6.75,6.5,6.75
44.25,6.449999999999999,6.75,6.699999999999999,6.719999999999999
44.300000000000004,6.449999999999999,6.75,6.75,6.5
44.35,6.449999999999999,6.75,6.549999999999972,6.5
44.400000000000006,6.449999999999999,6.75,6.5,6.5
44.45,6.449999999999999,6.75,6.5,6.5
44.5,6.449999999999999,6.75,6.5,6.530000000000001
44.550000000000004,6.449999999999999,6.75,6.5,6.73
44.6,6.449999999999999,6.75,6.5,6.5
44.650000000000006,6.449999999999999,6.75,6.5,6.530000000000001
44.7,6.449999999999999,6.75,6.5,6.719999999999999
44.75,6.449999999999999,6.75,6.5,6.5
44.800000000000004,6.449999999999999,6.75,6.5,6.52
44.85,6.449999999999999,6.75,6.5,6.75
44.900000000000006,6.419999999999998,6.75,6.5,6.75
44.95,6.199999999999999,6.75,6.5,6.75
45.0,6.23,6.75,6.5,6.719999999999999
45.050000000000004,6.449999999999999,6.75,6.5,6.5
45.1,6.449999999999999,6.75,6.5,6.5
45.150000000000006,6.449999999999999,6.75,6.5,6.530000000000001
45.2,6.449999999999999,6.75,6.5,6.719999999999999
45.25,6.449999999999999,6.75,6.5,6.5
45.300000000000004,6.449999999999999,6.75,6.5,6.52
45.35,6.449999999999999,6.75,6.5,6.73
45.400000000000006,6.449999999999999,6.75,6.5,6.5
45.45,6.449999999999999,6.75,6.5,6.530000000000001
45.5,6.449999999999999,6.75,6.5,6.719999999999999
45.550000000000004,6.449999999999999,6.75,6.5,6.5
45.6,6.449999999999999,6.75,6.5,6.52
45.650000000000006,6.449999999999999,6.75,6.5,6.719999999999999
45.7,6.449999999999999,6.75,6.5,6.5
45.75,6.449999999999999,6.75,6.5,6.5
45.800000000000004,6.449999999999999,6.75,6.5,6.5
45.85,6.449999999999999,6.75,6.5,6.5
45.900000000000006,6.449999999999999,6.75,6.5,6.5
45.95,6.449999999999999,6.75,6.5,6.5
46.0,6.449999999999999,6.75,6.5,6.5
46.050000000000004,6.449999999999999,6.75,6.5,6.5
46.1,6.449999999999999,6.75,6.5,6.5
46.150000000000006,6.419999999999998,6.75,6.5,6.5
46.2,6.199999999999999,6.75,6.700000000000042,6.530000000000001
46.25,6.23,6.75,6.550000000000001,6.719999999999999
46.300000000000004,6.449999999999999,6.75,6.5,6.5
46.35,6.449999999999999,6.75,6.5,6.5
46.400000000000006,6.449999999999999,6.75,6.5,6.530000000000001
46.45,6.449999999999999,6.75,6.5,6.75
46.5,6.449999999999999,6.75,6.5,6.719999999999999
46.550000000000004,6.449999999999999,6.75,6.5,6.5
46.6,6.449999999999999,6.75,6.5,6.5
46.650000000000006,6.449999999999999,6.75,6.5,6.5
46.7,6.449999999999999,6.75,6.700000000000042,6.530000000000001
46.75,6.449999999999999,6.75,6.75,6.75
46.800000000000004,6.449999999999999,6.549999999999972,6.549999999999972,6.75
46.85,6.449999999999999,6.5,6.5,6.75
46.900000000000006,6.449999999999999,6.700000000000028,6.5,6.75
46.95,6.449999999999999,6.75,6.5,6.75
47.0,6.449999999999999,6.75,6.5,6.719999999999999
47.050000000000004,6.449999999999999,6.75,6.5,6.5
47.1,6.449999999999999,6.75,6.5,6.52
47.150000000000006,6.449999999999999,6.75,6.5,6.719999999999999
47.2,6.449999999999999,6.75,6.5,6.5
47.25,6.449999999999999,6.75,6.5,6.5
47.300000000000004,6.449999999999999,6.75,6.5,6.52
47.35,6.429999999999996,6.75,6.5,6.75
47.400000000000006,6.199999999999999,6.75,6.5,6.719999999999999
47.45,6.23,6.75,6.5,6.530000000000001
47.5,6.449999999999999,6.75,6.5,6.75
47.550000000000004,6.449999999999999,6.75,6.5,6.75
47.6,6.449999999999999,6.75,6.5,6.73
47.650000000000006,6.449999999999999,6.549999999999972,6.5,6.5
47.7,6.449999999999999,6.700000000000042,6.5,6.5
47.75,6.449999999999999,6.75,6.5,6.530000000000001
47.800000000000004,6.449999999999999,6.549999999999972,6.5,6.75
47.85,6.449999999999999,6.700000000000028,6.5,6.75
47.900000000000006,6.449999999999999,6.75,6.5,6.719999999999999
47.95,6.449999999999999,6.75,6.5,6.5
48.0,6.449999999999999,6.75,6.5,6.5
48.050000000000004,6.449999999999999,6.75,6.5,6.5
48.1,6.449999999999999,6.75,6.5,6.5
48.150000000000006,6.449999999999999,6.75,6.5,6.5
48.2,6.449999999999999,6.75,6.5,6.5
48.25,6.419999999999998,6.75,6.5,6.5
48.300000000000004,6.199999999999999,6.75,6.5,6.5
48.35,6.220000000000002,6.75,6.5,6.52
48.400000000000006,6.449999999999999,6.75,6.5,6.719999999999999
48.45,6.449999999999999,6.75,6.5,6.5
48.5,6.449999999999999,6.75,6.5,6.530000000000001
48.550000000000004,6.449999999999999,6.75,6.5,6.73
48.6,6.449999999999999,6.75,6.5,6.5
48.650000000000006,6.449999999999999,6.75,6.5,6.530000000000001
48.7,6.449999999999999,6.75,6.5,6.75
48.75,6.449999999999999,6.75,6.5,6.75
48.800000000000004,6.449999999999999,6.75,6.5,6.75
48.85,6.449999999999999,6.75,6.5,6.73
48.900000000000006,6.449999999999999,6.75,6.5,6.5
48.95,6.449999999999999,6.75,6.700000000000042,6.530000000000001
49.0,6.449999999999999,6.75,6.75,6.719999999999999
49.050000000000004,6.449999999999999,6.75,6.549999999999972,6.5
49.1,6.449999999999999,6.549999999999972,6.5,6.52
49.150000000000006,6.449999999999999,6.5,6.5,6.75
49.2,6.449999999999999,6.700000000000042,6.5,6.75
49.25,6.449999999999999,6.550000000000001,6.5,6.719999999999999
49.300000000000004,6.449999999999999,6.5,6.5,6.5
49.35,6.449999999999999,6.700000000000028,6.5,6.5
49.400000000000006,6.449999999999999,6.75,6.5,6.5
49.45,6.449999999999999,6.75,6.5,6.5
49.5,6.449999999999999,6.75,6.5,6.5
49.550000000000004,6.449999999999999,6.75,6.5,6.5
49.6,6.449999999999999,6.75,6.700000000000028,6.5
49.650000000000006,6.449999999999999,6.75,6.75,6.5
49.7,6.449999999999999,6.75,6.549999999999958,6.5
49.75,6.449999999999999,6.75,6.5,6.530000000000001
49.800000000000004,6.449999999999999,6.75,6.5,6.75
49.85,6.449999999999999,6.75,6.5,6.73
49.900000000000006,6.449999999999999,6.75,6.5,6.5
49.95,6.449999999999999,6.75,6.5,6.5
50.0,6.449999999999999,6.75,6.5,6.5
50.050000000000004,6.429999999999996,6.75,6.5,6.52
50.1,6.220000000000002,6.75,6.5,6.75
50.150000000000006,6.449999999999999,6.75,6.5,6.719999999999999
50.2,6.449999999999999,6.75,6.5,6.5
50.25,6.449999999999999,6.75,6.5,6.5
50.300000000000004,6.449999999999999,6.75,6.5,6.52
50.35,6.449999999999999,6.75,6.5,6.75
50.400000000000006,6.449999999999999,6.75,6.5,6.75
50.45,6.449999999999999,6.75,6.5,6.719999999999999
50.5,6.449999999999999,6.75,6.5,6.5
50.550000000000004,6.449999999999999,6.549999999999972,6.5,6.5
50.6,6.449999999999999,6.700000000000028,6.5,6.52
50.650000000000006,6.449999999999999,6.75,6.5,6.719999999999999
50.7,6.449999999999999,6.75,6.5,6.5
50.75,6.449999999999999,6.550000000000001,6.699999999999999,6.5
50.800000000000004,6.449999999999999,6.5,6.549999999999972,6.5
50.85,6.449999999999999,6.700000000000028,6.5,6.5
50.900000000000006,6.449999999999999,6.75,6.5,6.530000000000001
50.95,6.449999999999999,6.75,6.700000000000042,6.719999999999999
51.0,6.449999999999999,6.75,6.75,6.5
51.050000000000004,6.449999999999999,6.75,6.549999999999972,6.52
51.1,6.429999999999996,6.75,6.5,6.73
51.150000000000006,6.23,6.75,6.5,6.5
51.2,6.449999999999999,6.75,6.5,6.5
51.25,6.449999999999999,6.75,6.5,6.5
51.300000000000004,6.449999999999999,6.75,6.5,6.5
51.35,6.449999999999999,6.75,6.5,6.52
51.400000000000006,6.449999999999999,6.75,6.5,6.719999999999999
51.45,6.449999999999999,6.75,6.5,6.5
51.5,6.449999999999999,6.75,6.5,6.5
51.550000000000004,6.449999999999999,6.75,6.5,6.5
51.6,6.449999999999999,6.75,6.5,6.5
51.650000000000006,6.449999999999999,6.75,6.5,6.5
51.7,6.419999999999998,6.75,6.5,6.530000000000001
51.75,6.199999999999999,6.550000000000001,6.5,6.75
51.800000000000004,6.199999999999999,6.700000000000028,6.5,6.75
51.85,6.220000000000002,6.75,6.5,6.75
51.900000000000006,6.449999999999999,6.75,6.5,6.75
51.95,6.419999999999998,6.75,6.5,6.75
52.0,6.199999999999999,6.75,6.5,6.75
52.050000000000004,6.220000000000002,6.75,6.5,6.75
52.1,6.449999999999999,6.75,6.5,6.75
52.150000000000006,6.449999999999999,6.75,6.5,6.75
52.2,6.449999999999999,6.549999999999958,6.5,6.719999999999999
52.25,6.419999999999998,6.699999999999999,6.5,6.5
52.300000000000004,6.199999999999999,6.75,6.5,6.5
52.35,6.220000000000002,6.75,6.5,6.52
52.400000000000006,6.449999999999999,6.75,6.5,6.75
52.45,6.449999999999999,6.75,6.5,6.719999999999999
52.5,6.449999999999999,6.75,6.5,6.530000000000001
52.550000000000004,6.449999999999999,6.549999999999972,6.5,6.75
52.6,6.449999999999999,6.700000000000028,6.5,6.73
52.650000000000006,6.449999999999999,6.75,6.5,6.5
52.7,6.449999999999999,6.75,6.5,6.5
52.75,6.449999999999999,6.75,6.5,6.5
52.800000000000004,6.429999999999996,6.75,6.5,6.52
52.85,6.220000000000002,6.75,6.5,6.75
52.900000000000006,6.449999999999999,6.75,6.5,6.719999999999999
52.95,6.449999999999999,6.75,6.5,6.530000000000001
53.0,6.449999999999999,6.75,6.5,6.75
53.050000000000004,6.449999999999999,6.549999999999972,6.5,6.73
53.1,6.449999999999999,6.5,6.5,6.5
53.150000000000006,6.419999999999998,6.5,6.5,6.5
53.2,6.199999999999999,6.700000000000042,6.5,6.5
53.25,6.23,6.75,6.5,6.530000000000001
53.300000000000004,6.449999999999999,6.75,6.5,6.75
53.35,6.449999999999999,6.75,6.5,6.73
53.400000000000006,6.449999999999999,6.75,6.5,6.5
53.45,6.449999999999999,6.75,6.5,6.5
53.5,6.449999999999999,6.75,6.5,6.5
53.550000000000004,6.449999999999999,6.75,6.5,6.5
53.6,6.449999999999999,6.75,6.5,6.5
53.650000000000006,6.449999999999999,6.75,6.5,6.5
53.7,6.449999999999999,6.75,6.5,6.5
53.75,6.449999999999999,6.75,6.5,6.5
53.800000000000004,6.449999999999999,6.75,6.5,6.5
53.85,6.449999999999999,6.75,6.5,6.52
53.900000000000006,6.449999999999999,6.75,6.5,6.75
53.95,6.449999999999999,6.75,6.5,6.719999999999999
54.0,6.449999999999999,6.75,6.5,6.530000000000001
54.050000000000004,6.449999999999999,6.75,6.5,6.75
54.1,6.449999999999999,6.75,6.5,6.75
54.150000000000006,6.449999999999999,6.75,6.5,6.719999999999999
54.2,6.449999999999999,6.75,6.5,6.5
54.25,6.449999999999999,6.75,6.5,6.530000000000001
54.300000000000004,6.449999999999999,6.75,6.700000000000028,6.75
54.35,6.449999999999999,6.75,6.75,6.75
54.400000000000006,6.449999999999999,6.75,6.549999999999972,6.719999999999999
54.45,6.419999999999998,6.75,6.5,6.5
54.5,6.23,6.75,6.5,6.5
54.550000000000004,6.449999999999999,6.75,6.5,6.5
54.6,6.449999999999999,6.75,6.5,6.5
54.650000000000006,6.449999999999999,6.75,6.5,6.5
54.7,6.449999999999999,6.75,6.5,6.5
54.75,6.449999999999999,6.75,6.5,6.5
54.800000000000004,6.449999999999999,6.549999999999972,6.5,6.5
54.85,6.449999999999999,6.700000000000028,6.5,6.5
54.900000000000006,6.449999999999999,6.75,6.5,6.530000000000001
54.95,6.419999999999998,6.75,6.5,6.719999999999999
55.0,6.199999999999999,6.75,6.5,6.5
55.050000000000004,6.220000000000002,6.75,6.5,6.52
55.1,6.449999999999999,6.75,6.5,6.75
55.150000000000006,6.449999999999999,6.75,6.5,6.75
55.2,6.419999999999998,6.75,6.5,6.719999999999999
55.25,6.23,6.550000000000001,6.5,6.5
55.300000000000004,6.429999999999996,6.700000000000028,6.5,6.5
55.35,6.199999999999999,6.75,6.5,6.5
55.400000000000006,6.23,6.75,6.5,6.5
55.45,6.449999999999999,6.75,6.5,6.5
55.5,6.449999999999999,6.75,6.5,6.5
55.550000000000004,6.449999999999999,6.549999999999972,6.5,6.5
55.6,6.449999999999999,6.700000000000028,6.5,6.5
55.650000000000006,6.449999999999999,6.75,6.5,6.5
55.7,6.419999999999998,6.75,6.5,6.530000000000001
55.75,6.23,6.75,6.5,6.75
55.800000000000004,6.449999999999999,6.75,6.5,6.73
55.85,6.449999999999999,6.75,6.5,6.52
55.900000000000006,6.419999999999998,6.549999999999972,6.5,6.75
55.95,6.199999999999999,6.700000000000042,6.5,6.719999999999999
56.0,6.23,6.75,6.5,6.5
56.050000000000004,6.449999999999999,6.75,6.5,6.5
56.1,6.449999999999999,6.75,6.5,6.52
56.150000000000006,6.419999999999998,6.75,6.5,6.75
56.2,6.23,6.75,6.5,6.75
56.25,6.449999999999999,6.75,6.5,6.719999999999999
56.300000000000004,6.449999999999999,6.75,6.5,6.52
56.35,6.449999999999999,6.75,6.5,6.75
56.400000000000006,6.449999999999999,6.75,6.5,6.719999999999999
56.45,6.449999999999999,6.75,6.5,6.5
56.5,6.449999999999999,6.75,6.5,6.5
56.550000000000004,6.449999999999999,6.75,6.5,6.52
56.6,6.449999999999999,6.75,6.5,6.73
56.650000000000006,6.449999999999999,6.549999999999972,6.5,6.5
56.7,6.449999999999999,6.700000000000042,6.5,6.5
56.75,6.449999999999999,6.75,6.5,6.5
56.800000000000004,6.449999999999999,6.75,6.5,6.5
56.85,6.449999999999999,6.549999999999972,6.5,6.52
56.900000000000006,6.449999999999999,6.5,6.5,6.719999999999999
56.95,6.449999999999999,6.5,6.5,6.5
57.0,6.449999999999999,6.5,6.5,6.5
57.050000000000004,6.449999999999999,6.5,6.5,6.52
57.1,6.449999999999999,6.700000000000028,6.5,6.75
57.150000000000006,6.449999999999999,6.75,6.5,6.719999999999999
57.2,6.449999999999999,6.75,6.5,6.5
57.25,6.449999999999999,6.75,6.5,6.5
57.300000000000004,6.449999999999999,6.75,6.5,6.52
57.35,6.449999999999999,6.75,6.5,6.73
57.400000000000006,6.419999999999998,6.75,6.5,6.5
57.45,6.199999999999999,6.75,6.5,6.5
57.5,6.23,6.75,6.5,6.5
57.550000000000004,6.429999999999996,6.75,6.5,6.5
57.6,6.199999999999999,6.549999999999972,6.5,6.5
57.650000000000006,6.23,6.5,6.5,6.5
57.7,6.449999999999999,6.700000000000042,6.5,6.5
57.75,6.449999999999999,6.75,6.5,6.5
57.800000000000004,6.449999999999999,6.75,6.5,6.5
57.85,6.449999999999999,6.75,6.5,6.5
57.900000000000006,6.449999999999999,6.75,6.5,6.5
57.95,6.419999999999998,6.75,6.5,6.5
58.0,6.23,6.550000000000001,6.5,6.5
58.050000000000004,6.449999999999999,6.700000000000028,6.5,6.5
58.1,6.449999999999999,6.75,6.5,6.5
58.150000000000006,6.419999999999998,6.75,6.5,6.530000000000001
58.2,6.199999999999999,6.75,6.5,6.75
58.25,6.199999999999999,6.75,6.5,6.719999999999999
58.300000000000004,6.220000000000002,6.549999999999972,6.5,6.5
58.35,6.449999999999999,6.700000000000028,6.5,6.5
58.400000000000006,6.449999999999999,6.75,6.5,6.5
58.45,6.419999999999998,6.75,6.5,6.5
58.5,6.23,6.75,6.5,6.5
58.550000000000004,6.449999999999999,6.75,6.5,6.5
58.6,6.449999999999999,6.75,6.5,6.52
58.650000000000006,6.449999999999999,6.75,6.5,6.75
58.7,6.449999999999999,6.75,6.5,6.719999999999999
58.75,6.449999999999999,6.75,6.5,6.5
58.800000000000004,6.449999999999999,6.75,6.5,6.5
58.85,6.449999999999999,6.75,6.5,6.5
58.900000000000006,6.419999999999998,6.75,6.5,6.5
58.95,6.23,6.549999999999958,6.5,6.5
59.0,6.449999999999999,6.5,6.5,6.5
59.050000000000004,6.449999999999999,6.5,6.5,6.5
59.1,6.449999999999999,6.5,6.5,6.5
59.150000000000006,6.449999999999999,6.700000000000028,6.5,6.5
59.2,6.449999999999999,6.75,6.5,6.5
59.25,6.449999999999999,6.550000000000001,6.5,6.5
59.300000000000004,6.449999999999999,6.5,6.5,6.5
59.35,6.449999999999999,6.5,6.5,6.52
59.400000000000006,6.449999999999999,6.700000000000028,6.5,6.75
59.45,6.449999999999999,6.75,6.5,6.719999999999999
59.5,6.419999999999998,6.75,6.5,6.530000000000001
59.550000000000004,6.220000000000002,6.549999999999972,6.5,6.75
59.6,6.449999999999999,6.700000000000028,6.5,6.73
59.650000000000006,6.419999999999998,6.75,6.5,6.5
59.7,6.23,6.549999999999958,6.5,6.5
59.75,6.449999999999999,6.699999999999999,6.5,6.530000000000001
59.800000000000004,6.449999999999999,6.75,6.5,6.73
59.85,6.429999999999996,6.75,6.5,6.5
59.900000000000006,6.199999999999999,6.75,6.5,6.5
59.95,6.23,6.75,6.5,6.5
60.0,6.449999999999999,6.75,6.5,6.5
60.050000000000004,6.449999999999999,6.75,6.5,6.5
60.1,6.429999999999996,6.75,6.5,6.5
60.150000000000006,6.23,6.75,6.5,6.5
60.2,6.449999999999999,6.549999999999958,6.5,6.5
60.25,6.449999999999999,6.5,6.5,6.530000000000001
60.300000000000004,6.449999999999999,6.700000000000028,6.5,6.75
60.35,6.449999999999999,6.549999999999972,6.5,6.73
60.400000000000006,6.449999999999999,6.5,6.5,6.530000000000001
60.45,6.449999999999999,6.700000000000042,6.5,6.75
60.5,6.449999999999999,6.75,6.5,6.719999999999999
60.550000000000004,6.449999999999999,6.75,6.5,6.52
60.6,6.449999999999999,6.75,6.5,6.75
60.650000000000006,6.449999999999999,6.549999999999972,6.5,6.719999999999999
60.7,6.449999999999999,6.5,6.5,6.5
60.75,6.449999999999999,6.699999999999999,6.5,6.5
60.800000000000004,6.449999999999999,6.75,6.5,6.5
60.85,6.429999999999996,6.75,6.5,6.5
60.900000000000006,6.199999999999999,6.549999999999972,6.5,6.5
60.95,6.199999999999999,6.5,6.5,6.5
61.0,6.199999999999999,6.5,6.5,6.530000000000001
61.050000000000004,6.220000000000002,6.5,6.5,6.75
61.1,6.449999999999999,6.700000000000028,6.5,6.73
61.150000000000006,6.419999999999998,6.75,6.5,6.530000000000001
61.2,6.23,6.549999999999958,6.5,6.75
61.25,6.449999999999999,6.699999999999999,6.5,6.719999999999999
61.300000000000004,6.429999999999996,6.75,6.5,6.5
61.35,6.199999999999999,6.549999999999972,6.5,6.5
61.400000000000006,6.199999999999999,6.700000000000028,6.5,6.5
61.45,6.23,6.75,6.5,6.530000000000001
61.5,6.419999999999998,6.75,6.5,6.719999999999999
61.550000000000004,6.199999999999999,6.75,6.5,6.5
61.6,6.220000000000002,6.75,6.5,6.52
61.650000000000006,6.449999999999999,6.549999999999972,6.5,6.719999999999999
61.7,6.449999999999999,6.700000000000042,6.5,6.5
61.75,6.449999999999999,6.75,6.5,6.5
61.800000000000004,6.449999999999999,6.75,6.5,6.5
61.85,6.449999999999999,6.75,6.5,6.5
61.900000000000006,6.449999999999999,6.75,6.5,6.5
61.95,6.419999999999998,6.549999999999958,6.5,6.5
62.0,6.23,6.699999999999999,6.5,6.5
62.050000000000004,6.449999999999999,6.75,6.5,6.5
62.1,6.449999999999999,6.75,6.5,6.5
62.150000000000006,6.419999999999998,6.75,6.5,6.5
62.2,6.199999999999999,6.75,6.5,6.530000000000001
62.25,6.199999999999999,6.75,6.5,6.719999999999999
62.300000000000004,6.220000000000002,6.549999999999972,6.5,6.5
62.35,6.449999999999999,6.700000000000028,6.5,6.52
62.400000000000006,6.449999999999999,6.75,6.5,6.719999999999999
62.45,6.449999999999999,6.75,6.5,6.5
62.5,6.449999999999999,6.75,6.5,6.530000000000001
62.550000000000004,6.429999999999996,6.75,6.5,6.75
62.6,6.220000000000002,6.549999999999972,6.5,6.75
62.650000000000006,6.449999999999999,6.700000000000028,6.5,6.719999999999999
62.7,6.449999999999999,6.75,6.5,6.530000000000001
62.75,6.449999999999999,6.75,6.5,6.75
62.800000000000004,6.449999999999999,6.75,6.5,6.73
62.85,6.449999999999999,6.75,6.5,6.5
62.900000000000006,6.449999999999999,6.75,6.5,6.5
62.95,6.449999999999999,6.75,6.5,6.5
63.0,6.449999999999999,6.75,6.5,6.5
63.050000000000004,6.429999999999996,6.549999999999972,6.5,6.5
63.1,6.199999999999999,6.5,6.5,6.5
63.150000000000006,6.23,6.5,6.5,6.5
63.2,6.449999999999999,6.700000000000042,6.5,6.5
63.25,6.449999999999999,6.550000000000001,6.5,6.530000000000001
63.300000000000004,6.449999999999999,6.5,6.5,6.73
63.35,6.429999999999996,6.700000000000028,6.5,6.5
63.400000000000006,6.199999999999999,6.75,6.5,6.530000000000001
63.45,6.23,6.75,6.5,6.719999999999999
63.5,6.419999999999998,6.75,6.5,6.5
63.550000000000004,6.199999999999999,6.549999999999972,6.5,6.52
63.6,6.220000000000002,6.5,6.5,6.73
63.650000000000006,6.449999999999999,6.700000000000028,6.5,6.5
63.7,6.449999999999999,6.550000000000001,6.5,6.5
63.75,6.449999999999999,6.5,6.5,6.5
63.800000000000004,6.449999999999999,6.700000000000028,6.5,6.5
63.85,6.449999999999999,6.75,6.5,6.5
63.900000000000006,6.449999999999999,6.75,6.5,6.5
63.95,6.449999999999999,6.550000000000001,6.5,6.5
64.0,6.449999999999999,6.5,6.5,6.5
64.05,6.429999999999996,6.5,6.5,6.5
64.10000000000001,6.230000000000057,6.7000000000000846,6.5,6.5
64.15,6.449999999999999,6.75,6.5,6.5
64.2,6.449999999999999,6.75,6.5,6.52
64.25,6.449999999999999,6.550000000000001,6.5,6.75
64.3,6.449999999999999,6.699999999999999,6.5,6.73
64.35000000000001,6.419999999999941,6.75,6.5,6.5
64.4,6.220000000000088,6.5499999999999154,6.5,6.5
64.45,6.449999999999999,6.699999999999999,6.5,6.52
64.5,6.449999999999999,6.75,6.5,6.75
64.55,6.449999999999999,6.75,6.5,6.75
64.60000000000001,6.449999999999999,6.75,6.5,6.719999999999942
64.65,6.449999999999999,6.75,6.5,6.520000000000085
64.7,6.449999999999999,6.550000000000001,6.5,6.75
64.75,6.449999999999999,6.699999999999999,6.5,6.75
64.8,6.429999999999996,6.75,6.5,6.73
64.85000000000001,6.230000000000057,6.75,6.5,6.5
64.9,6.449999999999999,6.75,6.5,6.5
64.95,6.449999999999999,6.75,6.5,6.5
65.0,6.419999999999998,6.550000000000001,6.5,6.5
65.05,6.199999999999999,6.5,6.5,6.5
65.10000000000001,6.230000000000057,6.5,6.5,6.5
65.15,6.429999999999911,6.7000000000000846,6.5,6.520000000000085
65.2,6.220000000000002,6.75,6.5,6.75
65.25,6.449999999999999,6.75,6.5,6.719999999999999
65.3,6.449999999999999,6.75,6.5,6.5
65.35000000000001,6.449999999999999,6.5499999999999154,6.5,6.5
65.4,6.449999999999999,6.5,6.5,6.5
65.45,6.429999999999996,6.699999999999999,6.5,6.5
65.5,6.23,6.75,6.5,6.5
65.55,6.449999999999999,6.75,6.5,6.5
65.60000000000001,6.419999999999941,6.75,6.5,6.5
65.65,6.220000000000088,6.75,6.5,6.5
65.7,6.449999999999999,6.75,6.5,6.5
65.75,6.419999999999998,6.75,6.5,6.5
65.8,6.220000000000002,6.75,6.5,6.5
65.85000000000001,6.449999999999999,6.5499999999999154,6.5,6.5
65.9,6.449999999999999,6.5,6.5,6.520000000000085
65.95,6.429999999999996,6.5,6.5,6.75
66.0,6.199999999999999,6.5,6.5,6.719999999999999
66.05,6.220000000000002,6.5,6.5,6.52
66.10000000000001,6.449999999999999,6.7000000000000846,6.5,6.75
66.15,6.449999999999999,6.5499999999999154,6.5,6.729999999999915
66.2,6.449999999999999,6.5,6.5,6.5
66.25,6.419999999999998,6.699999999999999,6.5,6.5
66.3,6.199999999999999,6.75,6.5,6.5
66.35000000000001,6.230000000000057,6.75,6.5,6.5
66.4,6.429999999999911,6.75,6.5,6.5
66.45,6.199999999999999,6.75,6.5,6.5
66.5,6.23,6.75,6.5,6.530000000000001
66.55,6.429999999999996,6.75,6.5,6.75
66.60000000000001,6.199999999999999,6.5499999999999154,6.5,6.719999999999942
66.65,6.199999999999999,6.5,6.5,6.5
66.7,6.220000000000002,6.699999999999999,6.5,6.5
66.75,6.449999999999999,6.550000000000001,6.5,6.530000000000001
66.8,6.449999999999999,6.5,6.5,6.73
66.85000000000001,6.449999999999999,6.7000000000000846,6.5,6.5
66.9,6.449999999999999,6.75,6.5,6.5
66.95,6.449999999999999,6.75,6.5,6.5
67.0,6.449999999999999,6.550000000000001,6.5,6.5
67.05,6.449999999999999,6.699999999999999,6.5,6.5
67.10000000000001,6.419999999999941,6.75,6.5,6.5
67.15,6.220000000000088,6.75,6.5,6.5
67.2,6.449999999999999,6.75,6.5,6.5
67.25,6.419999999999998,6.75,6.5,6.5
67.3,6.220000000000002,6.550000000000001,6.5,6.5
67.35000000000001,6.449999999999999,6.7000000000000846,6.5,6.530000000000058
67.4,6.429999999999911,6.75,6.5,6.729999999999915
67.45,6.199999999999999,6.550000000000001,6.5,6.5
67.5,6.199999999999999,6.699999999999999,6.5,6.530000000000001
67.55,6.220000000000002,6.75,6.699999999999999,6.73
67.60000000000001,6.419999999999941,6.75,6.75,6.5
67.65,6.199999999999999,6.75,6.5499999999999154,6.5
67.7,6.220000000000002,6.75,6.5,6.5
67.75,6.449999999999999,6.550000000000001,6.5,6.5
67.8,6.449999999999999,6.5,6.5,6.5
67.85000000000001,6.419999999999941,6.5,6.5,6.5
67.9,6.199999999999999,6.5,6.5,6.5
67.95,6.199999999999999,6.5,6.5,6.5
68.0,6.23,6.5,6.5,6.5
68.05,6.429999999999996,6.5,6.5,6.5
68.10000000000001,6.199999999999999,6.5,6.5,6.5
68.15,6.220000000000088,6.5,6.5,6.5
68.2,6.429999999999996,6.5,6.5,6.5
68.25,6.199999999999999,6.5,6.5,6.5
68.3,6.199999999999999,6.5,6.5,6.5
68.35000000000001,6.230000000000057,6.5,6.5,6.5
68.4,6.429999999999911,6.5,6.5,6.5
68.45,6.199999999999999,6.5,6.5,6.5
68.5,6.199999999999999,6.699999999999999,6.5,6.5
68.55,6.199999999999999,6.75,6.5,6.5
68.60000000000001,6.199999999999999,6.75,6.5,6.5
68.65,6.199999999999999,6.75,6.5,6.5
68.7,6.199999999999999,6.550000000000001,6.5,6.5
68.75,6.199999999999999,6.5,6.5,6.5
68.8,6.199999999999999,6.699999999999999,6.5,6.5
68.85000000000001,6.199999999999999,6.75,6.5,6.5
68.9,6.199999999999999,6.5499999999999154,6.5,6.5
68.95,6.220000000000002,6.5,6.5,6.5
69.0,6.419999999999998,6.699999999999999,6.5,6.5
69.05,6.199999999999999,6.550000000000001,6.5,6.5
69.10000000000001,6.230000000000057,6.5,6.5,6.5
69.15,6.429999999999911,6.5,6.5,6.5
69.2,6.199999999999999,6.699999999999999,6.5,6.5
69.25,6.23,6.75,6.5,6.5
69.3,6.449999999999999,6.75,6.5,6.5
69.35000000000001,6.449999999999999,6.5499999999999154,6.5,6.5
69.4,6.429999999999911,6.5,6.5,6.5
69.45,6.199999999999999,6.699999999999999,6.5,6.5
69.5,6.199999999999999,6.550000000000001,6.5,6.5
69.55,6.220000000000002,6.5,6.5,6.52
69.60000000000001,6.449999999999999,6.7000000000000846,6.5,6.75
69.65,6.449999999999999,6.5499999999999154,6.5,6.729999999999915
69.7,6.429999999999996,6.5,6.5,6.5
69.75,6.199999999999999,6.699999999999999,6.5,6.5
69.8,6.199999999999999,6.75,6.5,6.5
69.85000000000001,6.230000000000057,6.75,6.5,6.5
69.9,6.429999999999911,6.75,6.5,6.5
69.95,6.199999999999999,6.550000000000001,6.5,6.5
70.0,6.199999999999999,6.5,6.5,6.5
70.05,6.199999999999999,6.5,6.5,6.5
70.10000000000001,6.199999999999999,6.5,6.5,6.5
70.15,6.199999999999999,6.5,6.5,6.5
70.2,6.220000000000002,6.5,6.5,6.5
70.25,6.449999999999999,6.699999999999999,6.5,6.5
70.3,6.429999999999996,6.75,6.5,6.5
70.35000000000001,6.230000000000057,6.5499999999999154,6.5,6.5
70.4,6.449999999999999,6.7000000000000846,6.5,6.5
70.45,6.429999999999996,6.75,6.5,6.5
70.5,6.199999999999999,6.75,6.5,6.5
70.55,6.199999999999999,6.75,6.5,6.5
70.60000000000001,6.199999999999999,6.75,6.5,6.5
70.65,6.220000000000088,6.5499999999999154,6.5,6.5
70.7,6.449999999999999,6.699999999999999,6.5,6.52
70.75,6.419999999999998,6.75,6.5,6.719999999999999
70.8,6.220000000000002,6.550000000000001,6.5,6.5
70.85000000000001,6.449999999999999,6.7000000000000846,6.5,6.5
70.9,6.449999999999999,6.75,6.5,6.5
70.95,6.429999999999996,6.75,6.5,6.5
71.0,6.199999999999999,6.75,6.5,6.5
71.05,6.199999999999999,6.75,6.5,6.5
71.10000000000001,6.199999999999999,6.75,6.5,6.5
71.15,6.199999999999999,6.5499999999999154,6.5,6.5
71.2,6.220000000000002,6.5,6.5,6.5
71.25,6.419999999999998,6.5,6.5,6.5
71.3,6.199999999999999,6.5,6.5,6.5
71.35000000000001,6.199999999999999,6.5,6.5,6.5
71.4,6.199999999999999,6.5,6.5,6.5
71.45,6.199999999999999,6.699999999999999,6.5,6.5
71.5,6.23,6.75,6.5,6.5
71.55,6.429999999999996,6.75,6.5,6.5
71.60000000000001,6.199999999999999,6.5499999999999154,6.5,6.5
71.65,6.199999999999999,6.5,6.5,6.5
71.7,6.199999999999999,6.699999999999999,6.5,6.5
71.75,6.199999999999999,6.550000000000001,6.5,6.5
71.8,6.199999999999999,6.5,6.5,6.5
71.85000000000001,6.199999999999999,6.7000000000000846,6.5,6.5
71.9,6.220000000000088,6.5499999999999154,6.5,6.5
71.95,6.449999999999999,6.5,6.5,6.5
72.0,6.449999999999999,6.5,6.5,6.530000000000001
72.05,6.449999999999999,6.5,6.5,6.75
72.10000000000001,6.449999999999999,6.5,6.5,6.719999999999942
72.15,6.429999999999911,6.5,6.5,6.5
72.2,6.199999999999999,6.5,6.5,6.5
72.25,6.199999999999999,6.699999999999999,6.5,6.5
72.3,6.199999999999999,6.75,6.5,6.5
72.35000000000001,6.199999999999999,6.75,6.5,6.5
72.4,6.199999999999999,6.75,6.5,6.5
72.45,6.199999999999999,6.75,6.5,6.5
72.5,6.199999999999999,6.550000000000001,6.5,6.5
72.55,6.199999999999999,6.699999999999999,6.5,6.5
72.60000000000001,6.199999999999999,6.75,6.5,6.5
72.65,6.220000000000088,6.75,6.5,6.5
72.7,6.449999999999999,6.550000000000001,6.5,6.5
72.75,6.449999999999999,6.5,6.5,6.5
72.8,6.449999999999999,6.699999999999999,6.5,6.5
72.85000000000001,6.449999999999999,6.5499999999999154,6.5,6.5
72.9,6.449999999999999,6.5,6.5,6.5
72.95,6.429999999999996,6.699999999999999,6.5,6.5
73.0,6.199999999999999,6.550000000000001,6.5,6.5
73.05,6.220000000000002,6.5,6.5,6.5
73.10000000000001,6.419999999999941,6.5,6.5,6.5
73.15,6.199999999999999,6.5,6.5,6.520000000000085
73.2,6.199999999999999,6.5,6.5,6.73
73.25,6.199999999999999,6.5,6.5,6.5
73.3,6.199999999999999,6.699999999999999,6.5,6.5
73.35000000000001,6.199999999999999,6.75,6.5,6.5
73.4,6.199999999999999,6.5499999999999154,6.5,6.5
73.45,6.199999999999999,6.699999999999999,6.5,6.5
73.5,6.199999999999999,6.75,6.5,6.5
73.55,6.220000000000002,6.75,6.5,6.5
73.60000000000001,6.449999999999999,6.75,6.5,6.5
73.65,6.429999999999911,6.75,6.5,6.5
73.7,6.220000000000002,6.550000000000001,6.5,6.5
73.75,6.449999999999999,6.699999999999999,6.5,6.5
73.8,6.429999999999996,6.75,6.5,6.5
73.85000000000001,6.230000000000057,6.5499999999999154,6.5,6.5
73.9,6.449999999999999,6.5,6.5,6.5
73.95,6.449999999999999,6.5,6.5,6.5
74.0,6.419999999999998,6.699999999999999,6.5,6.5
74.05,6.199999999999999,6.550000000000001,6.5,6.5
74.10000000000001,6.199999999999999,6.5,6.5,6.5
74.15,6.199999999999999,6.5,6.5,6.5
74.2,6.199999999999999,6.5,6.5,6.5
74.25,6.199999999999999,6.5,6.5,6.5
74.3,6.199999999999999,6.699999999999999,6.5,6.5
74.35000000000001,6.199999999999999,6.5499999999999154,6.5,6.5
74.4,6.220000000000088,6.5,6.5,6.5
74.45,6.429999999999996,6.699999999999999,6.5,6.5
74.5,6.199999999999999,6.550000000000001,6.5,6.5
74.55,6.220000000000002,6.5,6.5,6.5
74.60000000000001,6.419999999999941,6.7000000000000846,6.5,6.5
74.65,6.199999999999999,6.5499999999999154,6.5,6.5
74.7,6.199999999999999,6.5,6.5,6.5
74.75,6.199999999999999,6.699999999999999,6.5,6.5
74.8,6.199999999999999,6.550000000000001,6.5,6.5
74.85000000000001,6.199999999999999,6.5,6.5,6.5
74.9,6.199999999999999,6.5,6.5,6.5
74.95,6.199999999999999,6.699999999999999,6.5,6.5
75.0,6.199999999999999,6.75,6.5,6.5
75.05,6.199999999999999,6.550000000000001,6.5,6.5
75.10000000000001,6.199999999999999,6.5,6.5,6.5
75.15,6.199999999999999,6.5,6.5,6.520000000000085
75.2,6.220000000000002,6.5,6.5,6.73
75.25,6.419999999999998,6.5,6.5,6.5
75.3,6.199999999999999,6.5,6.5,6.5
75.35000000000001,6.199999999999999,6.5,6.5,6.5
75.4,6.199999999999999,6.7000000000000846,6.5,6.5
75.45,6.199999999999999,6.550000000000001,6.5,6.5
75.5,6.199999999999999,6.5,6.5,6.5
75.55,6.199999999999999,6.699999999999999,6.5,6.5
75.60000000000001,6.199999999999999,6.75,6.5,6.5
75.65,6.199999999999999,6.75,6.5,6.5
75.7,6.220000000000002,6.550000000000001,6.5,6.5
75.75,6.449999999999999,6.5,6.5,6.5
75.8,6.429999999999996,6.5,6.5,6.5
75.85000000000001,6.199999999999999,6.7000000000000846,6.5,6.5
75.9,6.199999999999999,6.75,6.5,6.5
75.95,6.199999999999999,6.75,6.5,6.5
76.0,6.23,6.550000000000001,6.5,6.5
76.05,6.449999999999999,6.5,6.5,6.5
76.10000000000001,6.419999999999941,6.5,6.5,6.5
76.15,6.199999999999999,6.5,6.5,6.5
76.2,6.199999999999999,6.5,6.5,6.5
76.25,6.199999999999999,6.5,6.5,6.5
76.3,6.220000000000002,6.5,6.5,6.5
76.35000000000001,6.449999999999999,6.7000000000000846,6.5,6.5
76.4,6.429999999999911,6.75,6.5,6.5
76.45,6.199999999999999,6.75,6.5,6.5
76.5,6.199999999999999,6.550000000000001,6.5,6.5
76.55,6.199999999999999,6.5,6.5,6.52
76.60000000000001,6.199999999999999,6.7000000000000846,6.5,6.75
76.65,6.199999999999999,6.75,6.5,6.729999999999915
76.7,6.199999999999999,6.75,6.5,6.5
76.75,6.199999999999999,6.75,6.5,6.5
76.80000000000001,6.199999999999999,6.549999999999944,6.5,6.5
76.85000000000001,6.199999999999999,6.5,6.5,6.5
76.9,6.199999999999999,6.5,6.5,6.5
76.95,6.199999999999999,6.5,6.5,6.5
77.0,6.199999999999999,6.5,6.5,6.5
77.05000000000001,6.199999999999999,6.5,6.5,6.5
77.10000000000001,6.199999999999999,6.5,6.5,6.5
77.15,6.199999999999999,6.5,6.5,6.5
77.2,6.199999999999999,6.5,6.5,6.5
77.25,6.199999999999999,6.5,6.5,6.5
77.30000000000001,6.199999999999999,6.5,6.5,6.5
77.35000000000001,6.199999999999999,6.5,6.5,6.5
77.4,6.199999999999999,6.5,6.5,6.5
77.45,6.220000000000002,6.5,6.5,6.52
77.5,6.419999999999998,6.699999999999999,6.5,6.75
77.55000000000001,6.199999999999999,6.75,6.5,6.729999999999915
77.60000000000001,6.199999999999999,6.75,6.5,6.5
77.65,6.199999999999999,6.75,6.5,6.5
77.7,6.199999999999999,6.550000000000001,6.5,6.5
77.75,6.23,6.5,6.5,6.5
77.80000000000001,6.429999999999911,6.700000000000056,6.5,6.5
77.85000000000001,6.199999999999999,6.5499999999999154,6.5,6.5
77.9,6.199999999999999,6.5,6.5,6.5
77.95,6.199999999999999,6.5,6.5,6.5
78.0,6.199999999999999,6.5,6.5,6.5
78.05000000000001,6.220000000000088,6.5,6.5,6.5
78.10000000000001,6.419999999999941,6.5,6.5,6.5
78.15,6.199999999999999,6.5,6.5,6.5
78.2,6.220000000000002,6.5,6.5,6.5
78.25,6.419999999999998,6.5,6.5,6.5
78.30000000000001,6.199999999999999,6.5,6.5,6.5
78.35000000000001,6.199999999999999,6.5,6.5,6.5
78.4,6.220000000000088,6.5,6.5,6.5
78.45,6.429999999999996,6.699999999999999,6.5,6.5
78.5,6.199999999999999,6.75,6.5,6.5
78.55000000000001,6.199999999999999,6.549999999999944,6.5,6.5
78.60000000000001,6.199999999999999,6.5,6.5,6.5
78.65,6.199999999999999,6.5,6.5,6.5
78.7,6.199999999999999,6.699999999999999,6.5,6.5
78.75,6.199999999999999,6.75,6.5,6.5
78.80000000000001,6.199999999999999,6.549999999999944,6.5,6.5
78.85000000000001,6.199999999999999,6.5,6.5,6.5
78.9,6.199999999999999,6.7000000000000846,6.5,6.5
78.95,6.199999999999999,6.550000000000001,6.5,6.5
79.0,6.23,6.5,6.5,6.5
79.05000000000001,6.429999999999911,6.5,6.5,6.5
79.10000000000001,6.199999999999999,6.5,6.5,6.5
79.15,6.199999999999999,6.5,6.5,6.5
79.2,6.199999999999999,6.5,6.5,6.5
79.25,6.199999999999999,6.699999999999999,6.5,6.5
79.30000000000001,6.199999999999999,6.75,6.5,6.5
79.35000000000001,6.199999999999999,6.5499999999999154,6.5,6.5
79.4,6.199999999999999,6.5,6.5,6.5
79.45,6.199999999999999,6.5,6.5,6.5
79.5,6.199999999999999,6.699999999999999,6.5,6.5
79.55000000000001,6.199999999999999,6.75,6.5,6.5
79.60000000000001,6.199999999999999,6.75,6.5,6.5
79.65,6.199999999999999,6.75,6.5,6.5
79.7,6.199999999999999,6.550000000000001,6.5,6.5
79.75,6.199999999999999,6.5,6.5,6.5
79.80000000000001,6.199999999999999,6.5,6.5,6.5
79.85000000000001,6.199999999999999,6.7000000000000846,6.5,6.5
79.9,6.199999999999999,6.75,6.5,6.5
79.95,6.199999999999999,6.550000000000001,6.5,6.5
80.0,6.199999999999999,6.5,6.5,6.5
80.05000000000001,6.199999999999999,6.5,6.5,6.5
80.10000000000001,6.199999999999999,6.5,6.5,6.5
80.15,6.199999999999999,6.5,6.5,6.5
80.2,6.199999999999999,6.5,6.5,6.5
80.25,6.199999999999999,6.5,6.5,6.5
80.30000000000001,6.199999999999999,6.5,6.5,6.5
80.35000000000001,6.199999999999999,6.5,6.5,6.5
80.4,6.199999999999999,6.5,6.5,6.5
80.45,6.199999999999999,6.5,6.5,6.5
80.5,6.199999999999999,6.5,6.5,6.5
80.55000000000001,6.199999999999999,6.700000000000056,6.5,6.5
80.60000000000001,6.199999999999999,6.75,6.5,6.5
80.65,6.199999999999999,6.75,6.5,6.5
80.7,6.199999999999999,6.75,6.5,6.5
80.75,6.199999999999999,6.75,6.5,6.5
80.80000000000001,6.199999999999999,6.75,6.5,6.5
80.85000000000001,6.199999999999999,6.75,6.5,6.5
80.9,6.199999999999999,6.5499999999999154,6.5,6.5
80.95,6.199999999999999,6.5,6.5,6.5
81.0,6.199999999999999,6.5,6.5,6.5
81.05000000000001,6.199999999999999,6.5,6.5,6.5
81.10000000000001,6.199999999999999,6.5,6.5,6.5
81.15,6.199999999999999,6.5,6.5,6.5
81.2,6.199999999999999,6.5,6.5,6.5
81.25,6.199999999999999,6.5,6.5,6.5
81.30000000000001,6.199999999999999,6.5,6.5,6.5
81.35000000000001,6.199999999999999,6.5,6.5,6.5
81.4,6.199999999999999,6.5,6.5,6.5
81.45,6.199999999999999,6.5,6.5,6.5
81.5,6.199999999999999,6.5,6.699999999999999,6.5
81.55000000000001,6.199999999999999,6.5,6.549999999999944,6.5
81.60000000000001,6.199999999999999,6.5,6.5,6.5
81.65,6.199999999999999,6.5,6.5,6.5
81.7,6.199999999999999,6.5,6.5,6.5
81.75,6.199999999999999,6.5,6.5,6.5
81.80000000000001,6.220000000000088,6.5,6.5,6.5
81.85000000000001,6.449999999999999,6.5,6.5,6.5
81.9,6.449999999999999,6.5,6.5,6.5
81.95,6.429999999999996,6.5,6.5,6.5
82.0,6.199999999999999,6.5,6.5,6.5
82.05000000000001,6.199999999999999,6.5,6.5,6.5
82.10000000000001,6.199999999999999,6.5,6.5,6.5
82.15,6.199999999999999,6.5,6.5,6.5
82.2,6.199999999999999,6.5,6.5,6.5
82.25,6.23,6.5,6.5,6.5
82.30000000000001,6.449999999999999,6.700000000000056,6.5,6.5
82.35000000000001,6.419999999999941,6.75,6.5,6.5
82.4,6.199999999999999,6.5499999999999154,6.5,6.5
82.45,6.199999999999999,6.5,6.5,6.5
82.5,6.199999999999999,6.5,6.5,6.5
82.55000000000001,6.199999999999999,6.5,6.5,6.5
82.60000000000001,6.199999999999999,6.7000000000000846,6.5,6.5
82.65,6.199999999999999,6.75,6.5,6.5
82.7,6.199999999999999,6.550000000000001,6.5,6.5
82.75,6.199999999999999,6.699999999999999,6.5,6.5
82.80000000000001,6.199999999999999,6.75,6.5,6.5
82.85000000000001,6.230000000000057,6.5499999999999154,6.5,6.5
82.9,6.449999999999999,6.5,6.5,6.5
82.95,6.449999999999999,6.5,6.5,6.5
83.0,6.419999999999998,6.5,6.5,6.5
83.05000000000001,6.199999999999999,6.700000000000056,6.5,6.5
83.10000000000001,6.199999999999999,6.75,6.5,6.5
83.15,6.199999999999999,6.5499999999999154,6.5,6.5
83.2,6.199999999999999,6.5,6.5,6.5
83.25,6.199999999999999,6.5,6.5,6.5
83.30000000000001,6.199999999999999,6.5,6.5,6.5
83.35000000000001,6.199999999999999,6.5,6.5,6.5
83.4,6.199999999999999,6.5,6.5,6.5
83.45,6.199999999999999,6.5,6.5,6.5
83.5,6.199999999999999,6.5,6.5,6.5
83.55000000000001,6.199999999999999,6.5,6.5,6.5
83.60000000000001,6.199999999999999,6.7000000000000846,6.5,6.5
83.65,6.199999999999999,6.75,6.5,6.5
83.7,6.199999999999999,6.75,6.5,6.5
83.75,6.199999999999999,6.75,6.5,6.5
83.80000000000001,6.199999999999999,6.549999999999944,6.5,6.5
83.85000000000001,6.199999999999999,6.5,6.5,6.5
83.9,6.199999999999999,6.5,6.5,6.5
83.95,6.199999999999999,6.5,6.5,6.5
84.0,6.199999999999999,6.5,6.5,6.530000000000001
84.05000000000001,6.199999999999999,6.5,6.5,6.75
84.10000000000001,6.199999999999999,6.5,6.5,6.719999999999942
84.15,6.199999999999999,6.5,6.5,6.5
84.2,6.199999999999999,6.699999999999999,6.5,6.5
84.25,6.199999999999999,6.550000000000001,6.5,6.5
84.30000000000001,6.199999999999999,6.5,6.5,6.5
84.35000000000001,6.199999999999999,6.5,6.5,6.5
84.4,6.199999999999999,6.5,6.5,6.5
84.45,6.199999999999999,6.5,6.5,6.5
84.5,6.23,6.5,6.5,6.5
84.55000000000001,6.449999999999999,6.5,6.5,6.5
84.60000000000001,6.419999999999941,6.5,6.5,6.5
84.65,6.199999999999999,6.5,6.5,6.5
84.7,6.199999999999999,6.5,6.5,6.5
84.75,6.199999999999999,6.5,6.5,6.5
84.80000000000001,6.199999999999999,6.5,6.5,6.5
84.85000000000001,6.199999999999999,6.7000000000000846,6.5,6.5
84.9,6.199999999999999,6.75,6.5,6.5
84.95,6.199999999999999,6.550000000000001,6.5,6.5
85.0,6.199999999999999,6.5,6.5,6.5
85.05000000000001,6.199999999999999,6.5,6.5,6.5
85.10000000000001,6.199999999999999,6.5,6.5,6.5
85.15,6.199999999999999,6.5,6.5,6.5
85.2,6.199999999999999,6.5,6.5,6.5
85.25,6.199999999999999,6.5,6.5,6.5
85.30000000000001,6.199999999999999,6.5,6.5,6.5
85.35000000000001,6.199999999999999,6.5,6.5,6.5
85.4,6.199999999999999,6.5,6.5,6.5
85.45,6.199999999999999,6.5,6.5,6.5
85.5,6.199999999999999,6.5,6.5,6.5
85.55000000000001,6.199999999999999,6.5,6.5,6.5
85.60000000000001,6.199999999999999,6.7000000000000846,6.5,6.5
85.65,6.199999999999999,6.75,6.5,6.5
85.7,6.199999999999999,6.75,6.5,6.5
85.75,6.199999999999999,6.550000000000001,6.5,6.5
85.80000000000001,6.199999999999999,6.700000000000056,6.5,6.5
85.85000000000001,6.199999999999999,6.75,6.5,6.5
85.9,6.199999999999999,6.5499999999999154,6.5,6.5
85.95,6.199999999999999,6.699999999999999,6.5,6.5
86.0,6.23,6.75,6.5,6.5
86.05000000000001,6.429999999999911,6.75,6.5,6.5
86.10000000000001,6.199999999999999,6.5499999999999154,6.5,6.5
86.15,6.199999999999999,6.5,6.5,6.5
86.2,6.220000000000002,6.5,6.5,6.5
86.25,6.449999999999999,6.5,6.5,6.5
86.30000000000001,6.429999999999911,6.5,6.5,6.5
86.35000000000001,6.199999999999999,6.5,6.5,6.5
86.4,6.199999999999999,6.5,6.5,6.5
86.45,6.199999999999999,6.5,6.5,6.5
86.5,6.199999999999999,6.5,6.5,6.5
86.55000000000001,6.199999999999999,6.5,6.5,6.5
86.60000000000001,6.199999999999999,6.5,6.5,6.5
86.65,6.199999999999999,6.5,6.5,6.5
86.7,6.199999999999999,6.699999999999999,6.5,6.5
86.75,6.199999999999999,6.75,6.5,6.5
86.80000000000001,6.199999999999999,6.549999999999944,6.5,6.5
86.85000000000001,6.199999999999999,6.5,6.5,6.5
86.9,6.199999999999999,6.5,6.5,6.5
86.95,6.199999999999999,6.699999999999999,6.5,6.5
87.0,6.199999999999999,6.550000000000001,6.5,6.5
87.05000000000001,6.199999999999999,6.5,6.5,6.5
87.10000000000001,6.199999999999999,6.5,6.5,6.5
87.15,6.199999999999999,6.5,6.5,6.5
87.2,6.199999999999999,6.5,6.5,6.5
87.25,6.23,6.5,6.5,6.5
87.30000000000001,6.449999999999999,6.5,6.5,6.5
87.35000000000001,6.419999999999941,6.5,6.5,6.5
87.4,6.199999999999999,6.5,6.5,6.5
87.45,6.199999999999999,6.5,6.5,6.5
87.5,6.199999999999999,6.5,6.5,6.5
87.55000000000001,6.220000000000088,6.5,6.5,6.5
87.60000000000001,6.449999999999999,6.5,6.5,6.5
87.65,6.429999999999911,6.5,6.5,6.5
87.7,6.199999999999999,6.5,6.5,6.5
87.75,6.199999999999999,6.5,6.5,6.5
87.80000000000001,6.199999999999999,6.5,6.5,6.5
87.85000000000001,6.199999999999999,6.5,6.5,6.5
87.9,6.199999999999999,6.7000000000000846,6.5,6.5
87.95,6.199999999999999,6.75,6.5,6.5
88.0,6.199999999999999,6.550000000000001,6.5,6.5
88.05000000000001,6.199999999999999,6.5,6.5,6.5
88.10000000000001,6.199999999999999,6.5,6.5,6.5
88.15,6.199999999999999,6.5,6.5,6.5
88.2,6.199999999999999,6.5,6.5,6.5
88.25,6.199999999999999,6.5,6.5,6.5
88.30000000000001,6.199999999999999,6.5,6.5,6.5
88.35000000000001,6.230000000000057,6.5,6.5,6.5
88.4,6.449999999999999,6.5,6.5,6.5
88.45,6.429999999999996,6.5,6.5,6.5
88.5,6.199999999999999,6.5,6.5,6.5
88.55000000000001,6.199999999999999,6.5,6.5,6.5
88.60000000000001,6.199999999999999,6.5,6.5,6.5
88.65,6.199999999999999,6.5,6.5,6.5
88.7,6.199999999999999,6.5,6.5,6.5
88.75,6.199999999999999,6.5,6.5,6.5
88.80000000000001,6.199999999999999,6.5,6.5,6.5
88.85000000000001,6.199999999999999,6.5,6.5,6.5
88.9,6.199999999999999,6.5,6.5,6.5
88.95,6.199999999999999,6.5,6.5,6.5
89.0,6.199999999999999,6.699999999999999,6.5,6.5
89.05000000000001,6.199999999999999,6.75,6.5,6.5
89.10000000000001,6.199999999999999,6.5499999999999154,6.5,6.5
89.15,6.199999999999999,6.5,6.5,6.5
89.2,6.199999999999999,6.5,6.5,6.5
89.25,6.199999999999999,6.5,6.5,6.5
89.30000000000001,6.199999999999999,6.5,6.5,6.5
89.35000000000001,6.199999999999999,6.5,6.5,6.5
89.4,6.199999999999999,6.5,6.5,6.5
89.45,6.199999999999999,6.5,6.5,6.5
89.5,6.199999999999999,6.5,6.5,6.5
89.55000000000001,6.199999999999999,6.5,6.5,6.5
89.60000000000001,6.199999999999999,6.5,6.5,6.5
89.65,6.199999999999999,6.5,6.5,6.5
89.7,6.199999999999999,6.5,6.5,6.5
89.75,6.199999999999999,6.5,6.5,6.5
89.80000000000001,6.199999999999999,6.5,6.5,6.5
89.85000000000001,6.199999999999999,6.5,6.5,6.5
89.9,6.199999999999999,6.5,6.5,6.5
89.95,6.199999999999999,6.5,6.5,6.5
90.0,6.199999999999999,6.699999999999999,6.5,6.5
90.05000000000001,6.199999999999999,6.549999999999944,6.5,6.5
90.10000000000001,6.199999999999999,6.5,6.5,6.5
90.15,6.199999999999999,6.5,6.5,6.5
90.2,6.199999999999999,6.5,6.5,6.5
90.25,6.199999999999999,6.5,6.5,6.5
90.30000000000001,6.199999999999999,6.5,6.5,6.5
90.35000000000001,6.199999999999999,6.5,6.5,6.5
90.4,6.199999999999999,6.5,6.5,6.5
90.45,6.199999999999999,6.5,6.5,6.5
90.5,6.199999999999999,6.5,6.5,6.5
90.55000000000001,6.199999999999999,6.5,6.5,6.5
90.60000000000001,6.199999999999999,6.5,6.5,6.5
90.65,6.199999999999999,6.5,6.5,6.5
90.7,6.199999999999999,6.5,6.5,6.5
90.75,6.199999999999999,6.5,6.5,6.5
90.80000000000001,6.199999999999999,6.5,6.5,6.5
90.85000000000001,6.199999999999999,6.5,6.5,6.5
90.9,6.199999999999999,6.5,6.5,6.5
90.95,6.199999999999999,6.5,6.5,6.5
91.0,6.199999999999999,6.5,6.5,6.469999999999999
91.05000000000001,6.199999999999999,6.5,6.5,6.270000000000085
91.10000000000001,6.199999999999999,6.5,6.5,6.5
91.15,6.199999999999999,6.5,6.5,6.5
91.2,6.220000000000002,6.5,6.5,6.5
91.25,6.449999999999999,6.5,6.5,6.5
91.30000000000001,6.429999999999911,6.5,6.5,6.5
91.35000000000001,6.199999999999999,6.5,6.5,6.5
91.4,6.199999999999999,6.5,6.5,6.5
91.45,6.199999999999999,6.5,6.5,6.5
91.5,6.199999999999999,6.5,6.5,6.5
91.55000000000001,6.199999999999999,6.5,6.5,6.5
91.60000000000001,6.199999999999999,6.5,6.5,6.5
91.65,6.199999999999999,6.5,6.5,6.5
91.7,6.199999999999999,6.5,6.5,6.5
91.75,6.199999999999999,6.5,6.5,6.5
91.80000000000001,6.199999999999999,6.700000000000056,6.5,6.5
91.85000000000001,6.199999999999999,6.5499999999999154,6.5,6.5
91.9,6.199999999999999,6.5,6.5,6.5
91.95,6.199999999999999,6.5,6.5,6.5
92.0,6.199999999999999,6.5,6.5,6.5
92.05000000000001,6.199999999999999,6.5,6.5,6.5
92.10000000000001,6.199999999999999,6.5,6.5,6.5
92.15,6.199999999999999,6.5,6.5,6.5
92.2,6.199999999999999,6.5,6.5,6.5
92.25,6.199999999999999,6.5,6.5,6.5
92.30000000000001,6.199999999999999,6.5,6.5,6.5
92.35000000000001,6.199999999999999,6.5,6.5,6.5
92.4,6.199999999999999,6.5,6.5,6.5
92.45,6.199999999999999,6.5,6.5,6.5
92.5,6.199999999999999,6.5,6.5,6.5
92.55000000000001,6.199999999999999,6.5,6.5,6.5
92.60000000000001,6.199999999999999,6.5,6.5,6.5
92.65,6.199999999999999,6.5,6.5,6.5
92.7,6.199999999999999,6.5,6.5,6.5
92.75,6.199999999999999,6.699999999999999,6.5,6.5
92.80000000000001,6.199999999999999,6.549999999999944,6.5,6.5
92.85000000000001,6.199999999999999,6.5,6.5,6.5
92.9,6.199999999999999,6.5,6.5,6.5
92.95,6.199999999999999,6.5,6.5,6.5
93.0,6.199999999999999,6.5,6.5,6.5
93.05000000000001,6.199999999999999,6.700000000000056,6.5,6.5
93.10000000000001,6.199999999999999,6.5499999999999154,6.5,6.5
93.15,6.220000000000088,6.5,6.5,6.5
93.2,6.429999999999996,6.5,6.5,6.5
93.25,6.199999999999999,6.5,6.5,6.5
93.30000000000001,6.199999999999999,6.5,6.5,6.5
93.35000000000001,6.199999999999999,6.5,6.5,6.5
93.4,6.199999999999999,6.5,6.5,6.5
93.45,6.199999999999999,6.5,6.5,6.5
93.5,6.199999999999999,6.5,6.5,6.5
93.55000000000001,6.199999999999999,6.5,6.5,6.5
93.60000000000001,6.199999999999999,6.5,6.5,6.5
93.65,6.199999999999999,6.5,6.5,6.5
93.7,6.199999999999999,6.5,6.5,6.5
93.75,6.199999999999999,6.5,6.5,6.5
93.80000000000001,6.199999999999999,6.5,6.5,6.5
93.85000000000001,6.199999999999999,6.5,6.5,6.5
93.9,6.199999999999999,6.5,6.5,6.5
93.95,6.199999999999999,6.5,6.5,6.5
94.0,6.199999999999999,6.699999999999999,6.5,6.5
94.05000000000001,6.199999999999999,6.75,6.5,6.5
94.10000000000001,6.199999999999999,6.5499999999999154,6.5,6.5
94.15,6.199999999999999,6.5,6.5,6.5
94.2,6.199999999999999,6.5,6.5,6.5
94.25,6.199999999999999,6.5,6.5,6.5
94.30000000000001,6.199999999999999,6.5,6.5,6.5
94.35000000000001,6.199999999999999,6.5,6.5,6.5
94.4,6.199999999999999,6.5,6.5,6.5
94.45,6.199999999999999,6.5,6.5,6.5
94.5,6.199999999999999,6.5,6.5,6.5
94.55000000000001,6.199999999999999,6.5,6.5,6.5
94.60000000000001,6.199999999999999,6.5,6.5,6.5
94.65,6.220000000000088,6.5,6.5,6.5
94.7,6.429999999999996,6.5,6.5,6.5
94.75,6.199999999999999,6.5,6.5,6.5
94.80000000000001,6.199999999999999,6.5,6.5,6.5
94.85000000000001,6.199999999999999,6.5,6.5,6.5
94.9,6.199999999999999,6.7000000000000846,6.5,6.5
94.95,6.199999999999999,6.75,6.5,6.5
95.0,6.199999999999999,6.550000000000001,6.5,6.5
95.05000000000001,6.199999999999999,6.5,6.5,6.5
95.10000000000001,6.199999999999999,6.5,6.5,6.5
95.15,6.199999999999999,6.7000000000000846,6.5,6.5
95.2,6.199999999999999,6.550000000000001,6.5,6.5
95.25,6.199999999999999,6.5,6.5,6.5
95.30000000000001,6.199999999999999,6.5,6.5,6.5
95.35000000000001,6.199999999999999,6.5,6.5,6.5
95.4,6.199999999999999,6.5,6.5,6.5
95.45,6.199999999999999,6.5,6.5,6.5
95.5,6.199999999999999,6.5,6.5,6.5
95.55000000000001,6.199999999999999,6.5,6.5,6.5
95.60000000000001,6.199999999999999,6.5,6.5,6.5
95.65,6.199999999999999,6.5,6.5,6.5
95.7,6.199999999999999,6.5,6.5,6.5
95.75,6.199999999999999,6.5,6.5,6.5
95.80000000000001,6.199999999999999,6.700000000000056,6.5,6.5
95.85000000000001,6.199999999999999,6.5499999999999154,6.5,6.5
95.9,6.199999999999999,6.5,6.5,6.5
95.95,6.199999999999999,6.5,6.5,6.5
96.0,6.199999999999999,6.5,6.5,6.5
96.05000000000001,6.199999999999999,6.5,6.5,6.5
96.10000000000001,6.199999999999999,6.7000000000000846,6.5,6.5
96.15,6.199999999999999,6.5499999999999154,6.5,6.5
96.2,6.199999999999999,6.5,6.5,6.5
96.25,6.199999999999999,6.5,6.5,6.5
96.30000000000001,6.199999999999999,6.5,6.5,6.5
96.35000000000001,6.199999999999999,6.5,6.5,6.5
96.4,6.199999999999999,6.5,6.5,6.5
96.45,6.199999999999999,6.5,6.5,6.5
96.5,6.199999999999999,6.5,6.5,6.5
96.55000000000001,6.199999999999999,6.5,6.5,6.5
96.60000000000001,6.199999999999999,6.5,6.5,6.5
96.65,6.199999999999999,6.5,6.5,6.5
96.7,6.199999999999999,6.5,6.5,6.5
96.75,6.199999999999999,6.5,6.5,6.5
96.80000000000001,6.199999999999999,6.5,6.5,6.5
96.85000000000001,6.199999999999999,6.5,6.5,6.5
96.9,6.199999999999999,6.5,6.5,6.5
96.95,6.199999999999999,6.5,6.5,6.5
97.0,6.199999999999999,6.5,6.5,6.5
97.05000000000001,6.199999999999999,6.5,6.5,6.5
97.10000000000001,6.199999999999999,6.5,6.5,6.5
97.15,6.199999999999999,6.5,6.5,6.5
97.2,6.199999999999999,6.5,6.5,6.5
97.25,6.199999999999999,6.5,6.5,6.5
97.30000000000001,6.199999999999999,6.5,6.5,6.5
97.35000000000001,6.199999999999999,6.5,6.5,6.5
97.4,6.199999999999999,6.5,6.5,6.5
97.45,6.199999999999999,6.5,6.5,6.5
97.5,6.199999999999999,6.5,6.5,6.5
97.55000000000001,6.199999999999999,6.5,6.5,6.5
97.60000000000001,6.199999999999999,6.5,6.5,6.5
97.65,6.199999999999999,6.5,6.5,6.5
97.7,6.199999999999999,6.5,6.5,6.5
97.75,6.199999999999999,6.699999999999999,6.5,6.5
97.80000000000001,6.199999999999999,6.549999999999944,6.5,6.5
97.85000000000001,6.199999999999999,6.5,6.5,6.5
97.9,6.199999999999999,6.5,6.5,6.5
97.95,6.199999999999999,6.5,6.5,6.5
98.0,6.199999999999999,6.5,6.5,6.5
98.05000000000001,6.199999999999999,6.700000000000056,6.5,6.5
98.10000000000001,6.199999999999999,6.5499999999999154,6.5,6.5
98.15,6.199999999999999,6.5,6.5,6.5
98.2,6.199999999999999,6.5,6.5,6.5
98.25,6.199999999999999,6.5,6.300000000000001,6.5
98.30000000000001,6.199999999999999,6.5,6.450000000000056,6.5
98.35000000000001,6.199999999999999,6.5,6.5,6.5
98.4,6.199999999999999,6.5,6.5,6.5
98.45,6.199999999999999,6.5,6.5,6.5
98.5,6.199999999999999,6.5,6.5,6.5
98.55000000000001,6.199999999999999,6.5,6.5,6.5
98.60000000000001,6.199999999999999,6.5,6.5,6.5
98.65,6.199999999999999,6.5,6.5,6.5
98.7,6.199999999999999,6.5,6.5,6.5
98.75,6.199999999999999,6.5,6.5,6.5
98.80000000000001,6.199999999999999,6.5,6.5,6.5
98.85000000000001,6.199999999999999,6.5,6.5,6.5
98.9,6.199999999999999,6.5,6.5,6.5
98.95,6.199999999999999,6.5,6.5,6.5
99.0,6.199999999999999,6.5,6.5,6.5
99.05000000000001,6.199999999999999,6.5,6.5,6.5
99.10000000000001,6.199999999999999,6.5,6.5,6.5
99.15,6.199999999999999,6.5,6.5,6.5
99.2,6.199999999999999,6.5,6.5,6.5
99.25,6.199999999999999,6.5,6.5,6.5
99.30000000000001,6.199999999999999,6.5,6.5,6.5
99.35000000000001,6.199999999999999,6.5,6.5,6.5
99.4,6.199999999999999,6.5,6.5,6.5
99.45,6.199999999999999,6.5,6.5,6.5
99.5,6.199999999999999,6.5,6.5,6.5
99.55000000000001,6.199999999999999,6.5,6.5,6.5
99.60000000000001,6.199999999999999,6.5,6.5,6.5
99.65,6.199999999999999,6.5,6.5,6.5
99.7,6.199999999999999,6.5,6.5,6.5
99.75,6.199999999999999,6.5,6.5,6.5
99.80000000000001,6.199999999999999,6.5,6.5,6.5
99.85000000000001,6.199999999999999,6.5,6.5,6.5
99.9,6.199999999999999,6.5,6.5,6.5
99.95,6.199999999999999,6.5,6.5,6.5
100.0,6.199999999999999,6.5,6.5,6.5
