time (s),T_1 (°C),T_2 (°C),T_3 (°C),T_4 (°C)
0.0,26.520000000000003,23.25,23.0,23.0
0.05,26.75,23.25,23.0,23.0
0.1,26.72,23.25,23.0,23.0
0.15000000000000002,26.5,23.45,23.0,23.0
0.2,26.5,23.3,23.0,23.0
0.25,26.5,23.25,23.0,23.0
0.30000000000000004,26.5,23.45,23.0,23.0
0.35000000000000003,26.5,23.5,23.0,23.0
0.4,26.52,23.5,22.8,23.0
0.45,26.73,23.3,22.75,23.0
0.5,26.5,23.25,22.95,23.0
0.55,26.53,23.25,23.0,23.03
0.6000000000000001,26.75,23.45,23.0,23.25
0.65,26.75,23.5,23.2,23.25
0.7000000000000001,26.75,23.5,23.25,23.28
0.75,26.77,23.7,23.25,23.5
0.8,27.0,23.75,23.45,23.53
0.8500000000000001,27.02,23.75,23.5,23.75
0.9,27.28,23.95,23.5,23.75
0.9500000000000001,27.5,24.4,23.7,23.8
1.0,27.52,24.5,23.95,24.27
1.05,27.78,24.7,24.0,24.5
1.1,28.0,24.95,24.4,24.52
1.1500000000000001,28.03,25.0,24.7,24.800000000000004
1.2000000000000002,28.300000000000004,25.4,24.75,25.25
1.25,28.75,25.7,24.95,25.27
1.3,28.78,25.75,25.400000000000002,25.55
1.35,29.05,26.15,25.5,26.0
1.4000000000000001,29.5,26.45,25.900000000000002,26.03
1.4500000000000002,29.53,26.5,26.4,26.300000000000004
1.5,29.8,26.9,26.5,26.75
1.55,30.25,27.400000000000002,26.7,26.8
1.6,30.27,27.5,27.15,27.27
1.6500000000000001,30.53,27.7,27.25,27.5
1.7000000000000002,30.75,28.15,27.45,27.53
1.75,30.8,28.25,27.7,27.8
1.8,31.27,28.649999999999995,27.75,28.25
1.85,31.5,28.95,27.95,28.3
1.9000000000000001,31.53,29.0,28.399999999999995,28.75
1.9500000000000002,31.8,29.2,28.5,28.8
2.0,32.25,29.45,28.7,29.25
2.0500000000000003,32.27,29.5,28.95,29.270000000000003
2.1,32.52,29.7,29.0,29.52
2.15,32.75,29.949999999999996,29.399999999999995,29.75
2.2,32.78,30.0,29.5,29.75
2.25,33.03,30.2,29.5,29.8
2.3000000000000003,33.25,30.45,29.7,30.25
2.35,33.25,30.5,29.95,30.25
2.4000000000000004,33.28,30.5,30.0,30.28
2.45,33.53,30.9,30.2,30.5
2.5,33.75,31.0,30.25,30.5
2.5500000000000003,33.75,31.0,30.25,30.520000000000003
2.6,33.77,31.2,30.45,30.75
2.6500000000000004,34.0,31.25,30.5,30.75
2.7,34.0,31.25,30.5,30.78
2.75,34.03,31.45,30.7,31.0
2.8000000000000003,34.25,31.5,30.75,31.020000000000003
2.85,34.25,31.5,30.75,31.25
2.9000000000000004,34.28,31.7,30.95,31.25
2.95,34.5,31.75,31.0,31.25
3.0,34.5,31.75,31.0,31.28
3.0500000000000003,34.5,31.75,31.2,31.5
3.1,34.5,31.95,31.25,31.5
3.1500000000000004,34.5,32.0,31.25,31.53
3.2,34.53,32.0,31.25,31.75
3.25,34.75,32.2,31.45,31.72
3.3000000000000003,34.75,32.25,31.5,31.520000000000003
3.35,34.77,32.05,31.5,31.75
3.4000000000000004,35.0,32.2,31.5,31.75
3.45,35.0,32.25,31.5,31.75
3.5,35.0,32.25,31.5,31.75
3.5500000000000003,35.0,32.25,31.7,31.770000000000003
3.6,35.0,32.25,31.75,32.0
3.6500000000000004,35.0,32.45,31.75,32.0
3.7,35.0,32.3,31.75,32.0
3.75,35.03,32.25,31.75,32.0
3.8000000000000003,35.25,32.25,31.75,32.0
3.85,35.25,32.45,31.75,32.0
3.9000000000000004,35.25,32.5,31.75,32.0
3.95,35.25,32.5,31.75,32.0
4.0,35.25,32.5,31.95,32.0
4.05,35.25,32.5,32.0,32.019999999999996
4.1000000000000005,35.25,32.5,32.0,32.25
4.15,35.25,32.5,32.0,32.25
4.2,35.25,32.5,32.0,32.22999999999999
4.25,35.25,32.5,32.0,32.0
4.3,35.25,32.5,32.0,32.019999999999996
4.3500000000000005,35.28,32.5,32.0,32.25
4.4,35.48,32.7,32.0,32.25
4.45,35.25,32.55,32.0,32.25
4.5,35.28,32.5,32.0,32.25
4.55,35.5,32.5,32.0,32.25
4.6000000000000005,35.5,32.7,32.0,32.25
4.65,35.5,32.75,32.0,32.25
4.7,35.5,32.75,32.0,32.25
4.75,35.5,32.55,32.0,32.25
4.800000000000001,35.48,32.5,32.0,32.25
4.8500000000000005,35.28,32.5,32.0,32.25
4.9,35.5,32.5,32.0,32.25
4.95,35.5,32.5,32.2,32.25
5.0,35.5,32.5,32.25,32.25
5.050000000000001,35.5,32.7,32.25,32.25
5.1000000000000005,35.5,32.75,32.05,32.25
5.15,35.48,32.55,32.0,32.25
5.2,35.25,32.5,32.2,32.25
5.25,35.28,32.5,32.05,32.25
5.300000000000001,35.5,32.5,32.0,32.25
5.3500000000000005,35.5,32.5,32.2,32.25
5.4,35.5,32.5,32.05,32.25
5.45,35.5,32.5,32.0,32.25
5.5,35.5,32.5,32.0,32.25
5.550000000000001,35.48,32.5,32.0,32.25
5.6000000000000005,35.25,32.5,32.0,32.25
5.65,35.25,32.5,32.0,32.25
5.7,35.27000000000001,32.5,32.0,32.22999999999999
5.75,35.47,32.5,32.0,32.0
5.800000000000001,35.25,32.5,32.0,32.0
5.8500000000000005,35.25,32.5,32.0,32.0
5.9,35.25,32.5,32.0,32.0
5.95,35.25,32.5,32.0,32.0
6.0,35.25,32.5,32.0,32.0
6.050000000000001,35.25,32.5,32.0,32.0
6.1000000000000005,35.25,32.5,31.8,32.0
6.15,35.25,32.5,31.95,32.02
6.2,35.25,32.5,32.0,32.22999999999999
6.25,35.25,32.5,32.0,32.0
6.300000000000001,35.25,32.3,32.0,32.02
6.3500000000000005,35.25,32.25,32.0,32.22
6.4,35.25,32.45,32.0,32.0
6.45,35.25,32.5,31.8,32.0
6.5,35.25,32.5,31.75,32.0
6.550000000000001,35.25,32.3,31.950000000000003,32.0
6.6000000000000005,35.25,32.45,31.8,32.0
6.65,35.25,32.5,31.75,32.0
6.7,35.25,32.3,31.75,32.0
6.75,35.25,32.25,31.75,32.0
6.800000000000001,35.25,32.25,31.75,32.0
6.8500000000000005,35.25,32.25,31.75,32.0
6.9,35.25,32.25,31.75,31.98
6.95,35.25,32.25,31.75,31.75
7.0,35.25,32.25,31.75,31.75
7.050000000000001,35.25,32.25,31.75,31.75
7.1000000000000005,35.25,32.25,31.75,31.780000000000005
7.15,35.23,32.05,31.75,32.0
7.2,35.0,32.2,31.75,32.0
7.25,35.0,32.25,31.75,32.0
7.300000000000001,35.0,32.05,31.75,32.0
7.3500000000000005,35.0,32.2,31.75,31.969999999999995
7.4,35.0,32.25,31.75,31.75
7.45,35.0,32.25,31.75,31.75
7.5,35.0,32.25,31.75,31.75
7.550000000000001,35.0,32.25,31.75,31.75
7.6000000000000005,35.0,32.25,31.75,31.75
7.65,35.0,32.05,31.75,31.75
7.7,35.0,32.0,31.549999999999997,31.75
7.75,35.0,32.0,31.5,31.75
7.800000000000001,35.0,32.0,31.5,31.75
7.8500000000000005,35.0,32.0,31.5,31.75
7.9,35.0,32.0,31.5,31.75
7.95,35.0,32.0,31.700000000000003,31.75
8.0,35.0,32.0,31.55,31.75
8.05,34.96999999999999,32.0,31.5,31.75
8.1,34.75,32.0,31.5,31.75
8.15,34.77,32.0,31.7,31.73
8.200000000000001,34.97999999999999,32.0,31.75,31.5
8.25,34.75,32.0,31.75,31.52
8.3,34.78000000000001,32.0,31.55,31.71999999999999
8.35,34.97,32.0,31.5,31.5
8.4,34.75,32.0,31.5,31.5
8.450000000000001,34.75,32.0,31.5,31.5
8.5,34.75,32.0,31.5,31.5
8.55,34.75,31.8,31.5,31.5
8.6,34.75,31.75,31.5,31.5
8.65,34.75,31.95,31.5,31.5
8.700000000000001,34.75,31.799999999999994,31.5,31.5
8.75,34.75,31.75,31.5,31.5
8.8,34.75,31.75,31.5,31.5
8.85,34.75,31.75,31.3,31.5
8.9,34.75,31.75,31.45,31.5
8.950000000000001,34.75,31.75,31.5,31.5
9.0,34.75,31.75,31.3,31.5
9.05,34.75,31.75,31.25,31.5
9.1,34.75,31.75,31.25,31.5
9.15,34.75,31.75,31.25,31.5
9.200000000000001,34.75,31.75,31.25,31.5
9.25,34.75,31.75,31.25,31.5
9.3,34.71999999999999,31.75,31.25,31.5
9.35,34.5,31.75,31.25,31.5
9.4,34.5,31.75,31.25,31.48
9.450000000000001,34.5,31.75,31.25,31.25
9.5,34.5,31.75,31.25,31.25
9.55,34.5,31.75,31.25,31.25
9.600000000000001,34.5,31.75,31.25,31.25
9.65,34.5,31.75,31.05,31.25
9.700000000000001,34.5,31.75,31.0,31.25
9.75,34.5,31.75,31.2,31.25
9.8,34.5,31.55,31.25,31.25
9.850000000000001,34.5,31.5,31.25,31.25
9.9,34.5,31.5,31.05,31.25
9.950000000000001,34.5,31.5,31.200000000000006,31.25
10.0,34.5,31.5,31.05,31.25
10.05,34.5,31.5,31.0,31.25
10.100000000000001,34.5,31.5,31.20000000000001,31.25
10.15,34.5,31.5,31.05,31.25
10.200000000000001,34.5,31.5,31.0,31.25
10.25,34.5,31.5,31.0,31.25
10.3,34.5,31.5,31.0,31.25
10.350000000000001,34.5,31.5,31.0,31.25
10.4,34.5,31.5,31.0,31.25
10.450000000000001,34.5,31.5,31.0,31.22999999999999
10.5,34.48,31.5,31.0,31.0
10.55,34.25,31.5,31.0,31.0
10.600000000000001,34.28000000000001,31.5,30.79999999999999,31.0
10.65,34.48,31.5,30.75,31.0
10.700000000000001,34.25,31.5,30.950000000000006,31.0
10.75,34.25,31.5,31.0,31.0
10.8,34.25,31.5,31.0,31.0
10.850000000000001,34.25,31.29999999999999,30.79999999999999,31.0
10.9,34.25,31.25,30.95,31.0
10.950000000000001,34.25,31.25,31.0,31.0
11.0,34.25,31.25,30.8,31.0
11.05,34.25,31.25,30.95,31.0
11.100000000000001,34.25,31.25,31.0,31.0
11.15,34.25,31.25,31.0,31.0
11.200000000000001,34.25,31.25,31.0,31.0
11.25,34.25,31.25,31.0,31.0
11.3,34.25,31.25,30.8,31.0
11.350000000000001,34.25,31.25,30.95000000000001,30.96999999999999
11.4,34.25,31.25,31.0,30.75
11.450000000000001,34.25,31.25,30.799999999999994,30.77000000000001
11.5,34.25,31.25,30.75,31.0
11.55,34.25,31.25,30.75,31.0
11.600000000000001,34.25,31.25,30.75,30.96999999999999
11.65,34.25,31.25,30.75,30.75
11.700000000000001,34.25,31.25,30.75,30.75
11.75,34.25,31.25,30.75,30.75
11.8,34.25,31.25,30.75,30.78000000000001
11.850000000000001,34.21999999999999,31.04999999999999,30.75,30.96999999999999
11.9,34.0,31.0,30.75,30.75
11.950000000000001,34.0,31.0,30.549999999999994,30.75
12.0,34.0,31.2,30.5,30.75
12.05,34.0,31.25,30.7,30.75
12.100000000000001,34.0,31.25,30.75,30.75
12.15,34.0,31.25,30.75,30.75
12.200000000000001,34.0,31.049999999999994,30.75,30.75
12.25,34.0,31.0,30.75,30.75
12.3,34.0,31.0,30.75,30.75
12.350000000000001,34.0,31.0,30.75,30.75
12.4,34.0,31.0,30.75,30.75
12.450000000000001,34.0,31.0,30.75,30.75
12.5,34.0,31.0,30.55,30.75
12.55,34.0,31.0,30.7,30.75
12.600000000000001,34.0,31.0,30.75,30.75
12.65,34.0,31.2,30.55,30.75
12.700000000000001,34.0,31.049999999999994,30.700000000000006,30.75
12.75,34.0,31.0,30.75,30.75
12.8,34.0,31.0,30.55,30.75
12.850000000000001,34.0,31.0,30.5,30.75
12.9,34.0,31.0,30.5,30.75
12.950000000000001,34.0,31.200000000000006,30.700000000000006,30.75
13.0,34.0,31.05,30.55,30.75
13.05,34.0,31.0,30.5,30.75
13.100000000000001,33.96999999999999,31.0,30.5,30.75
13.15,33.75,31.0,30.7,30.75
13.200000000000001,33.75,31.0,30.549999999999994,30.75
13.25,33.75,31.0,30.5,30.75
13.3,33.75,30.8,30.5,30.75
13.350000000000001,33.78000000000001,30.75,30.5,30.71999999999999
13.4,33.98,30.95,30.5,30.5
13.450000000000001,33.75,31.0,30.5,30.5
13.5,33.77,31.0,30.5,30.5
13.55,33.96999999999999,31.0,30.5,30.5
13.600000000000001,33.75,30.79999999999999,30.5,30.5
13.65,33.77,30.75,30.5,30.5
13.700000000000001,33.97999999999999,30.75,30.5,30.5
13.75,33.75,30.75,30.5,30.5
13.8,33.78000000000001,30.75,30.5,30.5
13.850000000000001,33.96999999999999,30.75,30.5,30.5
13.9,33.75,30.75,30.5,30.5
13.950000000000001,33.75,30.75,30.5,30.5
14.0,33.75,30.95,30.5,30.5
14.05,33.75,30.8,30.5,30.5
14.100000000000001,33.75,30.75,30.5,30.5
14.15,33.75,30.75,30.5,30.5
14.200000000000001,33.75,30.75,30.5,30.5
14.25,33.75,30.75,30.5,30.5
14.3,33.75,30.75,30.5,30.5
14.350000000000001,33.75,30.75,30.5,30.5
14.4,33.75,30.75,30.5,30.48
14.450000000000001,33.75,30.75,30.5,30.25
14.5,33.75,30.75,30.3,30.27
14.55,33.75,30.75,30.45,30.5
14.600000000000001,33.75,30.75,30.5,30.5
14.65,33.75,30.75,30.3,30.5
14.700000000000001,33.75,30.75,30.450000000000006,30.5
14.75,33.75,30.75,30.5,30.5
14.8,33.75,30.75,30.5,30.5
14.850000000000001,33.71999999999999,30.75,30.29999999999999,30.5
14.9,33.52,30.75,30.25,30.5
14.950000000000001,33.75,30.75,30.25,30.5
15.0,33.75,30.75,30.25,30.5
15.05,33.75,30.75,30.25,30.5
15.100000000000001,33.75,30.75,30.25,30.5
15.15,33.75,30.75,30.25,30.5
15.200000000000001,33.72999999999999,30.75,30.25,30.5
15.25,33.5,30.55,30.25,30.5
15.3,33.53000000000001,30.5,30.25,30.5
15.350000000000001,33.75,30.70000000000001,30.25,30.46999999999999
15.4,33.75,30.55,30.25,30.25
15.450000000000001,33.75,30.5,30.25,30.27000000000001
15.5,33.73,30.7,30.25,30.48
15.55,33.5,30.55,30.25,30.25
15.600000000000001,33.53000000000001,30.5,30.25,30.28000000000001
15.65,33.71999999999999,30.7,30.25,30.5
15.700000000000001,33.53000000000001,30.75,30.25,30.5
15.75,33.75,30.75,30.25,30.5
15.8,33.72,30.55,30.25,30.47
15.850000000000001,33.520000000000024,30.7,30.25,30.25
15.9,33.75,30.75,30.25,30.25
15.950000000000001,33.75,30.75,30.25,30.25
16.0,33.73,30.55,30.25,30.25
16.05,33.5,30.5,30.25,30.25
16.1,33.520000000000024,30.5,30.25,30.25
16.150000000000002,33.719999999999985,30.5,30.25,30.25
16.2,33.5,30.5,30.25,30.25
16.25,33.5,30.5,30.25,30.25
16.3,33.5,30.5,30.25,30.25
16.35,33.5,30.5,30.25,30.25
16.400000000000002,33.5,30.5,30.25,30.25
16.45,33.5,30.5,30.05,30.25
16.5,33.5,30.5,30.2,30.25
16.55,33.5,30.5,30.25,30.25
16.6,33.5,30.5,30.25,30.25
16.650000000000002,33.5,30.5,30.25,30.25
16.7,33.5,30.5,30.25,30.25
16.75,33.5,30.5,30.25,30.25
16.8,33.5,30.5,30.25,30.25
16.85,33.5,30.5,30.05,30.25
16.900000000000002,33.5,30.700000000000014,30.0,30.25
16.95,33.5,30.55,30.0,30.25
17.0,33.5,30.5,30.2,30.25
17.05,33.5,30.5,30.25,30.25
17.1,33.5,30.5,30.25,30.25
17.150000000000002,33.5,30.5,30.049999999999986,30.25
17.2,33.5,30.5,30.0,30.25
17.25,33.5,30.5,30.0,30.25
17.3,33.5,30.5,30.0,30.25
17.35,33.5,30.5,30.0,30.25
17.400000000000002,33.5,30.5,30.200000000000014,30.25
17.45,33.5,30.5,30.25,30.25
17.5,33.5,30.5,30.25,30.25
17.55,33.5,30.5,30.05,30.25
17.6,33.5,30.5,30.2,30.25
17.650000000000002,33.5,30.5,30.25,30.25
17.7,33.5,30.5,30.25,30.25
17.75,33.5,30.5,30.05,30.25
17.8,33.5,30.5,30.0,30.25
17.85,33.5,30.5,30.2,30.25
17.900000000000002,33.5,30.5,30.049999999999986,30.219999999999985
17.95,33.5,30.5,30.0,30.0
18.0,33.5,30.5,30.0,30.02
18.05,33.5,30.5,30.0,30.25
18.1,33.5,30.5,30.0,30.25
18.150000000000002,33.5,30.5,30.0,30.219999999999985
18.2,33.5,30.5,30.0,30.0
18.25,33.5,30.5,30.0,30.0
18.3,33.5,30.5,30.0,30.03
18.35,33.5,30.5,30.0,30.22999999999998
18.400000000000002,33.5,30.5,30.0,30.030000000000015
18.45,33.5,30.5,30.0,30.25
18.5,33.5,30.5,30.0,30.23
18.55,33.5,30.5,30.0,30.0
18.6,33.5,30.5,30.0,30.0
18.650000000000002,33.5,30.5,30.0,30.030000000000015
18.7,33.47,30.5,30.0,30.22
18.75,33.25,30.5,30.0,30.0
18.8,33.28,30.5,30.0,30.03
18.85,33.5,30.5,30.0,30.22999999999998
18.900000000000002,33.5,30.5,30.0,30.0
18.95,33.5,30.5,30.0,30.0
19.0,33.5,30.5,30.0,30.0
19.05,33.5,30.5,30.0,30.0
19.1,33.5,30.5,30.0,30.0
19.150000000000002,33.5,30.5,30.0,30.0
19.200000000000003,33.469999999999985,30.29999999999998,30.0,30.0
19.25,33.25,30.25,30.0,30.0
19.3,33.28,30.25,30.0,30.0
19.35,33.479999999999976,30.45,30.0,30.0
19.400000000000002,33.25,30.5,30.0,30.0
19.450000000000003,33.280000000000015,30.5,30.0,30.0
19.5,33.48,30.5,30.0,30.0
19.55,33.25,30.5,30.0,30.0
19.6,33.270000000000024,30.5,30.0,30.02000000000002
19.650000000000002,33.469999999999985,30.5,30.0,30.25
19.700000000000003,33.25,30.5,30.0,30.219999999999985
19.75,33.25,30.5,30.0,30.0
19.8,33.25,30.3,30.0,30.0
19.85,33.25,30.25,30.0,30.0
19.900000000000002,33.25,30.25,30.0,30.0
19.950000000000003,33.280000000000015,30.25,30.0,30.0
20.0,33.5,30.45,29.8,30.0
20.05,33.47,30.5,29.95,30.0
20.1,33.25,30.3,30.0,30.0
20.150000000000002,33.25,30.25,30.0,30.0
20.200000000000003,33.25,30.25,30.0,30.0
20.25,33.25,30.25,30.0,30.0
20.3,33.25,30.25,30.0,30.0
20.35,33.25,30.25,30.0,30.0
20.400000000000002,33.25,30.25,30.0,30.0
20.450000000000003,33.25,30.45000000000002,30.0,30.0
20.5,33.25,30.5,30.0,30.0
20.55,33.25,30.3,30.0,30.0
20.6,33.25,30.25,30.0,30.0
20.650000000000002,33.25,30.25,29.799999999999986,30.0
20.700000000000003,33.25,30.25,29.75,30.0
20.75,33.25,30.25,29.75,30.0
20.8,33.25,30.25,29.95,30.0
20.85,33.25,30.25,30.0,30.0
20.900000000000002,33.25,30.450000000000014,30.0,30.0
20.950000000000003,33.25,30.5,30.0,30.0
21.0,33.25,30.3,30.0,30.0
21.05,33.25,30.25,30.0,30.0
21.1,33.25,30.25,30.0,30.0
21.150000000000002,33.25,30.25,30.0,30.0
21.200000000000003,33.25,30.25,30.0,30.0
21.25,33.25,30.25,30.0,30.0
21.3,33.25,30.25,30.0,30.0
21.35,33.25,30.25,29.8,30.0
21.400000000000002,33.25,30.25,29.950000000000014,30.0
21.450000000000003,33.25,30.25,30.0,30.0
21.5,33.25,30.25,29.8,30.0
21.55,33.25,30.25,29.95,30.0
21.6,33.25,30.25,30.0,30.0
21.650000000000002,33.25,30.25,29.799999999999986,30.0
21.700000000000003,33.25,30.25,29.95000000000002,30.0
21.75,33.25,30.25,30.0,30.0
21.8,33.25,30.25,29.8,30.0
21.85,33.25,30.25,29.75,30.0
21.900000000000002,33.25,30.25,29.75,29.969999999999985
21.950000000000003,33.25,30.25,29.75,29.75
22.0,33.25,30.25,29.75,29.77
22.05,33.25,30.25,29.75,30.0
22.1,33.25,30.25,29.75,30.0
22.150000000000002,33.25,30.25,29.950000000000014,29.969999999999985
22.200000000000003,33.25,30.25,30.0,29.75
22.25,33.25,30.25,30.0,29.75
22.3,33.25,30.25,29.8,29.78
22.35,33.25,30.25,29.75,30.0
22.400000000000002,33.25,30.25,29.75,30.0
22.450000000000003,33.25,30.25,29.75,30.0
22.5,33.25,30.25,29.75,30.0
22.55,33.25,30.25,29.75,30.0
22.6,33.25,30.25,29.75,29.97999999999998
22.650000000000002,33.25,30.25,29.75,29.780000000000015
22.700000000000003,33.25,30.25,29.75,30.0
22.75,33.25,30.05,29.75,29.98
22.8,33.25,30.0,29.75,29.78
22.85,33.25,30.2,29.75,30.0
22.900000000000002,33.25,30.25,29.75,29.969999999999985
22.950000000000003,33.25,30.25,29.75,29.780000000000015
23.0,33.25,30.25,29.75,30.0
23.05,33.25,30.25,29.75,29.97
23.1,33.25,30.25,29.75,29.77000000000002
23.150000000000002,33.25,30.25,29.75,30.0
23.200000000000003,33.25,30.25,29.75,30.0
23.25,33.25,30.25,29.75,30.0
23.3,33.25,30.25,29.75,30.0
23.35,33.25,30.25,29.75,30.0
23.400000000000002,33.25,30.25,29.950000000000014,29.969999999999985
23.450000000000003,33.25,30.25,30.0,29.75
23.5,33.25,30.25,30.0,29.77
23.55,33.25,30.25,29.8,30.0
23.6,33.25,30.25,29.75,30.0
23.650000000000002,33.25,30.25,29.950000000000014,30.0
23.700000000000003,33.25,30.25,29.79999999999998,30.0
23.75,33.25,30.25,29.75,30.0
23.8,33.25,30.25,29.75,30.0
23.85,33.25,30.25,29.75,29.97999999999998
23.900000000000002,33.25,30.25,29.75,29.75
23.950000000000003,33.25,30.25,29.75,29.780000000000015
24.0,33.25,30.25,29.75,29.98
24.05,33.25,30.05,29.75,29.75
24.1,33.25,30.0,29.75,29.77000000000002
24.150000000000002,33.25,30.0,29.75,29.969999999999985
24.200000000000003,33.25,30.20000000000002,29.75,29.75
24.25,33.25,30.25,29.75,29.75
24.3,33.25,30.25,29.75,29.75
24.35,33.25,30.25,29.75,29.75
24.400000000000002,33.25,30.25,29.75,29.75
24.450000000000003,33.25,30.25,29.75,29.75
24.5,33.25,30.05,29.75,29.75
24.55,33.25,30.2,29.75,29.75
24.6,33.25,30.25,29.75,29.77000000000002
24.650000000000002,33.219999999999985,30.25,29.75,30.0
24.700000000000003,33.0,30.25,29.75,29.969999999999985
24.75,33.02,30.25,29.75,29.75
24.8,33.25,30.25,29.75,29.75
24.85,33.25,30.25,29.75,29.75
24.900000000000002,33.25,30.25,29.75,29.780000000000015
24.950000000000003,33.25,30.25,29.75,30.0
25.0,33.25,30.25,29.75,29.98
25.05,33.25,30.25,29.75,29.75
25.1,33.25,30.25,29.75,29.75
25.150000000000002,33.25,30.25,29.75,29.75
25.200000000000003,33.25,30.25,29.75,29.780000000000015
25.25,33.23,30.05,29.75,29.98
25.3,33.0,30.0,29.75,29.75
25.35,33.0,30.0,29.75,29.75
25.400000000000002,33.030000000000015,30.0,29.75,29.75
25.450000000000003,33.25,30.0,29.75,29.75
25.5,33.23,30.0,29.75,29.75
25.55,33.03,30.0,29.75,29.75
25.6,33.229999999999976,30.0,29.75,29.75
25.650000000000002,33.0,30.0,29.75,29.75
25.700000000000003,33.030000000000015,30.20000000000002,29.75,29.75
25.75,33.23,30.25,29.75,29.75
25.8,33.0,30.25,29.75,29.75
25.85,33.020000000000024,30.05,29.75,29.75
25.900000000000002,33.219999999999985,30.200000000000014,29.75,29.75
25.950000000000003,33.0,30.04999999999998,29.75,29.75
26.0,33.0,30.0,29.75,29.75
26.05,33.0,30.2,29.75,29.75
26.1,33.0,30.05,29.75,29.75
26.150000000000002,33.0,30.0,29.75,29.75
26.200000000000003,33.030000000000015,30.0,29.75,29.75
26.25,33.25,30.2,29.75,29.75
26.3,33.22,30.25,29.75,29.75
26.35,33.0,30.05,29.75,29.75
26.400000000000002,33.0,30.0,29.75,29.75
26.450000000000003,33.0,30.0,29.75,29.75
26.5,33.0,30.2,29.75,29.75
26.55,33.0,30.05,29.75,29.75
26.6,33.0,30.0,29.75,29.75
26.650000000000002,33.030000000000015,30.200000000000014,29.75,29.75
26.700000000000003,33.25,30.25,29.75,29.780000000000015
26.75,33.23,30.25,29.75,29.98
26.8,33.03,30.05,29.75,29.75
26.85,33.25,30.2,29.75,29.75
26.900000000000002,33.219999999999985,30.25,29.75,29.75
26.950000000000003,33.0,30.04999999999998,29.75,29.75
27.0,33.0,30.0,29.75,29.75
27.05,33.0,30.0,29.75,29.75
27.1,33.0,30.2,29.75,29.75
27.150000000000002,33.0,30.049999999999986,29.75,29.75
27.200000000000003,33.030000000000015,30.0,29.75,29.75
27.25,33.23,30.0,29.75,29.75
27.3,33.0,30.0,29.75,29.75
27.35,33.0,30.0,29.75,29.75
27.400000000000002,33.0,30.200000000000014,29.75,29.75
27.450000000000003,33.0,30.04999999999998,29.75,29.75
27.5,33.0,30.0,29.75,29.75
27.55,33.0,30.0,29.75,29.75
27.6,33.0,30.0,29.75,29.75
27.650000000000002,33.0,30.0,29.75,29.75
27.700000000000003,33.0,30.0,29.75,29.75
27.75,33.0,30.0,29.75,29.75
27.8,33.0,30.0,29.75,29.75
27.85,33.0,30.0,29.75,29.75
27.900000000000002,33.0,30.0,29.75,29.75
27.950000000000003,33.0,30.0,29.54999999999998,29.75
28.0,33.0,30.2,29.5,29.75
28.05,33.0,30.05,29.7,29.75
28.1,33.0,30.0,29.75,29.75
28.150000000000002,33.0,30.0,29.75,29.75
28.200000000000003,33.0,30.0,29.75,29.75
28.25,33.0,30.0,29.75,29.75
28.3,33.0,30.0,29.75,29.75
28.35,33.0,30.2,29.75,29.75
28.400000000000002,33.0,30.25,29.75,29.75
28.450000000000003,33.030000000000015,30.04999999999998,29.75,29.75
28.5,33.25,30.0,29.75,29.75
28.55,33.22,30.0,29.75,29.72
28.6,33.0,30.0,29.75,29.52000000000002
28.650000000000002,33.0,30.200000000000014,29.75,29.75
28.700000000000003,33.0,30.25,29.75,29.75
28.75,33.0,30.05,29.75,29.75
28.8,33.0,30.0,29.75,29.75
28.85,33.0,30.0,29.75,29.75
28.900000000000002,33.0,30.0,29.75,29.75
28.950000000000003,33.0,30.0,29.75,29.75
29.0,33.0,30.0,29.75,29.75
29.05,33.0,30.0,29.75,29.75
29.1,33.020000000000024,30.0,29.75,29.75
29.150000000000002,33.25,30.0,29.549999999999986,29.75
29.200000000000003,33.219999999999985,30.0,29.5,29.75
29.25,33.0,30.0,29.7,29.75
29.3,33.0,30.0,29.75,29.75
29.35,33.0,30.0,29.75,29.75
29.400000000000002,33.0,30.0,29.75,29.75
29.450000000000003,33.0,30.0,29.75,29.75
29.5,33.0,30.0,29.75,29.75
29.55,33.0,30.0,29.75,29.75
29.6,33.0,30.0,29.55,29.75
29.650000000000002,33.0,30.0,29.5,29.75
29.700000000000003,33.0,30.0,29.5,29.75
29.75,33.0,30.0,29.7,29.75
29.8,33.0,30.0,29.75,29.75
29.85,33.0,30.0,29.75,29.75
29.900000000000002,33.0,30.200000000000014,29.75,29.75
29.950000000000003,33.0,30.25,29.75,29.75
30.0,33.0,30.05,29.75,29.75
30.05,33.0,30.0,29.75,29.75
30.1,33.0,30.0,29.75,29.75
30.150000000000002,33.0,30.0,29.75,29.75
30.200000000000003,33.0,30.0,29.75,29.75
30.25,33.0,30.0,29.75,29.75
30.3,33.0,30.0,29.75,29.75
30.35,33.0,30.0,29.75,29.75
30.400000000000002,33.0,30.0,29.75,29.75
30.450000000000003,33.0,30.0,29.75,29.75
30.5,33.0,30.0,29.75,29.75
30.55,33.0,30.0,29.75,29.75
30.6,33.0,30.0,29.75,29.75
30.650000000000002,33.0,30.0,29.75,29.75
30.700000000000003,33.0,30.0,29.75,29.75
30.75,33.0,30.0,29.75,29.75
30.8,33.0,30.0,29.75,29.75
30.85,33.0,30.0,29.75,29.75
30.900000000000002,33.0,30.0,29.75,29.75
30.950000000000003,33.0,30.0,29.75,29.75
31.0,33.0,30.0,29.75,29.73
31.05,33.0,30.0,29.75,29.5
31.1,33.0,30.0,29.75,29.52000000000002
31.150000000000002,33.0,30.0,29.549999999999986,29.75
31.200000000000003,33.0,30.0,29.5,29.75
31.25,33.0,30.0,29.7,29.75
31.3,33.0,30.0,29.75,29.75
31.35,33.0,30.0,29.75,29.75
31.400000000000002,33.0,30.0,29.75,29.75
31.450000000000003,33.0,30.0,29.54999999999998,29.75
31.5,33.0,30.0,29.5,29.75
31.55,33.0,30.0,29.7,29.75
31.6,33.0,30.0,29.55,29.75
31.650000000000002,33.0,30.0,29.5,29.75
31.700000000000003,33.0,30.0,29.70000000000002,29.75
31.75,33.0,30.0,29.550000000000015,29.75
31.8,33.0,30.0,29.5,29.75
31.85,33.0,30.0,29.5,29.75
31.900000000000002,33.0,30.0,29.5,29.75
31.950000000000003,33.0,30.0,29.5,29.75
32.0,33.0,30.0,29.7,29.75
32.050000000000004,33.0,30.0,29.75,29.75
32.1,33.0,30.0,29.75,29.75
32.15,33.0,30.0,29.75,29.75
32.2,33.0,30.0,29.75,29.75
32.25,33.0,30.0,29.75,29.75
32.300000000000004,33.0,30.0,29.549999999999972,29.75
32.35,33.0,30.0,29.700000000000028,29.75
32.4,33.0,30.0,29.75,29.75
32.45,33.0,30.0,29.75,29.75
32.5,33.0,30.0,29.75,29.75
32.550000000000004,33.0,30.0,29.75,29.75
32.6,33.0,30.0,29.549999999999972,29.75
32.65,33.0,30.0,29.7,29.75
32.7,33.0,30.0,29.75,29.75
32.75,33.0,30.0,29.75,29.75
32.800000000000004,33.0,30.0,29.549999999999972,29.75
32.85,33.0,30.0,29.5,29.75
32.9,33.0,30.0,29.5,29.75
32.95,33.0,30.0,29.5,29.75
33.0,33.0,30.0,29.7,29.75
33.050000000000004,33.0,30.0,29.75,29.75
33.1,33.0,30.200000000000028,29.75,29.75
33.15,33.0,30.25,29.75,29.75
33.2,33.0,30.049999999999958,29.75,29.75
33.25,33.0,30.0,29.75,29.75
33.300000000000004,33.0,30.0,29.75,29.75
33.35,33.0,30.0,29.75,29.75
33.4,33.0,30.0,29.55,29.75
33.45,33.0,30.0,29.700000000000042,29.72
33.5,33.0,30.0,29.75,29.5
33.550000000000004,33.0,30.0,29.75,29.52
33.6,33.0,30.0,29.75,29.75
33.65,33.0,30.0,29.75,29.75
33.7,33.0,30.0,29.549999999999958,29.75
33.75,33.0,30.0,29.5,29.75
33.800000000000004,33.0,30.0,29.5,29.75
33.85,33.0,30.0,29.700000000000028,29.75
33.9,33.0,30.0,29.55,29.75
33.95,33.0,30.0,29.5,29.75
34.0,33.0,30.0,29.7,29.75
34.050000000000004,33.0,30.0,29.75,29.75
34.1,33.0,30.0,29.75,29.75
34.15,33.0,30.0,29.75,29.72000000000004
34.2,33.0,30.0,29.75,29.53
34.25,33.0,30.0,29.75,29.75
34.300000000000004,33.0,30.0,29.549999999999972,29.73
34.35,33.0,30.0,29.5,29.52
34.4,33.0,30.0,29.5,29.75
34.45,33.0,30.0,29.5,29.75
34.5,33.0,30.0,29.7,29.75
34.550000000000004,33.0,30.0,29.75,29.75
34.6,33.0,30.0,29.75,29.75
34.65,33.0,30.0,29.75,29.75
34.7,33.0,30.0,29.75,29.75
34.75,33.0,30.0,29.55,29.75
34.800000000000004,33.0,30.0,29.700000000000028,29.73
34.85,33.0,30.0,29.75,29.5
34.9,33.0,30.0,29.75,29.5
34.95,33.0,30.0,29.549999999999958,29.53
35.0,33.0,30.0,29.5,29.75
35.050000000000004,33.0,30.0,29.5,29.75
35.1,33.0,30.0,29.5,29.73
35.15,33.0,30.0,29.5,29.52999999999996
35.2,33.0,30.0,29.700000000000042,29.75
35.25,33.0,30.0,29.55,29.72
35.300000000000004,33.0,30.0,29.5,29.52
35.35,33.0,30.0,29.700000000000028,29.75
35.4,33.0,30.0,29.75,29.75
35.45,33.0,29.799999999999958,29.75,29.75
35.5,33.0,29.95,29.75,29.75
35.550000000000004,33.0,30.0,29.549999999999972,29.75
35.6,33.0,30.0,29.5,29.75
35.65,33.0,30.0,29.7,29.75
35.7,33.0,30.0,29.549999999999958,29.72
35.75,33.0,30.0,29.5,29.5
35.800000000000004,33.0,30.0,29.5,29.5
35.85,33.0,30.0,29.5,29.52
35.9,33.0,30.0,29.5,29.72000000000004
35.95,33.0,30.0,29.700000000000042,29.5
36.0,33.0,30.0,29.55,29.53
36.050000000000004,33.0,30.0,29.5,29.75
36.1,33.0,30.0,29.700000000000028,29.75
36.15,33.0,30.0,29.55,29.75
36.2,33.0,30.0,29.5,29.72
36.25,33.0,30.0,29.5,29.5
36.300000000000004,33.0,30.0,29.700000000000028,29.52
36.35,33.0,30.0,29.549999999999972,29.75
36.4,33.0,30.0,29.5,29.75
36.45,33.0,30.0,29.5,29.75
36.5,33.0,30.0,29.5,29.72
36.550000000000004,33.0,30.0,29.5,29.5
36.6,33.0,30.0,29.5,29.52
36.65,33.0,30.0,29.5,29.75
36.7,33.0,30.0,29.5,29.75
36.75,33.0,30.0,29.7,29.75
36.800000000000004,33.0,30.0,29.75,29.75
36.85,33.0,30.0,29.75,29.75
36.9,33.0,30.0,29.55,29.75
36.95,33.0,30.0,29.700000000000042,29.75
37.0,33.0,30.0,29.75,29.75
37.050000000000004,33.0,30.0,29.75,29.75
37.1,33.0,30.0,29.549999999999972,29.75
37.15,33.0,30.0,29.5,29.75
37.2,33.0,30.0,29.5,29.75
37.25,33.0,30.0,29.5,29.75
37.300000000000004,33.0,30.0,29.5,29.75
37.35,33.0,30.0,29.5,29.75
37.4,33.0,30.0,29.7,29.72000000000004
37.45,33.0,30.0,29.75,29.5
37.5,33.0,30.0,29.75,29.53
37.550000000000004,33.0,30.0,29.549999999999972,29.75
37.6,33.0,30.0,29.5,29.75
37.65,33.0,30.0,29.5,29.75
37.7,33.0,30.0,29.5,29.75
37.75,33.0,30.0,29.5,29.75
37.800000000000004,33.0,30.0,29.5,29.75
37.85,33.0,30.0,29.700000000000028,29.73
37.9,33.0,30.0,29.75,29.5
37.95,33.0,30.0,29.549999999999958,29.53
38.0,33.0,30.0,29.5,29.75
38.050000000000004,33.0,30.0,29.5,29.75
38.1,33.0,30.0,29.700000000000028,29.75
38.15,33.0,30.0,29.55,29.72000000000004
38.2,33.0,30.0,29.5,29.53
38.25,33.0,30.0,29.5,29.75
38.300000000000004,33.0,30.0,29.5,29.75
38.35,33.0,30.0,29.5,29.75
38.400000000000006,33.0,30.0,29.5,29.75
38.45,33.0,30.0,29.700000000000042,29.75
38.5,33.0,30.0,29.75,29.75
38.550000000000004,33.0,30.0,29.75,29.75
38.6,33.0,30.0,29.75,29.75
38.650000000000006,33.0,30.0,29.75,29.75
38.7,33.0,30.0,29.549999999999958,29.75
38.75,33.0,30.0,29.5,29.72
38.800000000000004,33.0,30.0,29.5,29.52
38.85,33.0,30.0,29.5,29.75
38.900000000000006,33.0,30.0,29.5,29.75
38.95,33.0,30.0,29.5,29.72
39.0,33.0,30.0,29.5,29.5
39.050000000000004,33.0,30.0,29.700000000000028,29.5
39.1,33.0,30.0,29.75,29.5
39.150000000000006,33.0,30.0,29.75,29.5
39.2,33.0,30.0,29.75,29.5
39.25,33.0,30.0,29.75,29.53
39.300000000000004,33.0,30.0,29.549999999999972,29.75
39.35,33.0,30.0,29.5,29.75
39.400000000000006,33.0,30.0,29.5,29.75
39.45,33.0,30.0,29.5,29.75
39.5,33.0,30.0,29.5,29.75
39.550000000000004,33.0,30.0,29.5,29.75
39.6,33.0,30.0,29.700000000000028,29.75
39.650000000000006,33.0,30.0,29.549999999999972,29.75
39.7,33.0,30.0,29.5,29.75
39.75,33.0,30.0,29.5,29.75
39.800000000000004,33.0,30.0,29.5,29.73
39.85,33.0,30.0,29.5,29.52
39.900000000000006,33.0,30.0,29.5,29.75
39.95,33.0,30.0,29.5,29.72
40.0,33.0,30.0,29.5,29.5
40.050000000000004,33.0,30.0,29.5,29.5
40.1,33.0,30.0,29.5,29.52
40.150000000000006,33.0,30.0,29.700000000000028,29.75
40.2,33.0,30.0,29.75,29.75
40.25,33.0,29.8,29.55,29.75
40.300000000000004,33.0,29.75,29.5,29.73
40.35,33.0,29.950000000000028,29.5,29.5
40.400000000000006,33.0,30.0,29.5,29.5
40.45,33.0,30.0,29.299999999999958,29.53
40.5,33.0,30.0,29.25,29.75
40.550000000000004,33.0,30.0,29.450000000000028,29.75
40.6,33.0,30.0,29.5,29.75
40.650000000000006,33.0,30.0,29.5,29.75
40.7,33.0,30.0,29.700000000000042,29.75
40.75,33.0,30.0,29.55,29.75
40.800000000000004,33.0,30.0,29.5,29.75
40.85,33.0,30.0,29.700000000000028,29.73
40.900000000000006,33.0,30.0,29.549999999999972,29.53
40.95,33.0,30.0,29.5,29.75
41.0,33.0,30.0,29.5,29.75
41.050000000000004,33.0,30.0,29.5,29.75
41.1,33.0,30.0,29.5,29.75
41.150000000000006,33.0,30.0,29.5,29.75
41.2,33.0,30.0,29.5,29.72
41.25,33.0,30.0,29.5,29.5
41.300000000000004,33.0,30.0,29.5,29.52
41.35,33.0,30.0,29.700000000000028,29.73
41.400000000000006,33.0,29.799999999999972,29.75,29.5
41.45,33.0,29.950000000000042,29.75,29.53
41.5,33.0,30.0,29.55,29.72
41.550000000000004,33.0,30.0,29.5,29.52
41.6,33.0,30.0,29.5,29.75
41.650000000000006,33.0,30.0,29.5,29.72
41.7,33.0,30.0,29.5,29.53
41.75,33.0,30.0,29.5,29.75
41.800000000000004,33.0,30.0,29.5,29.73
41.85,33.0,30.0,29.5,29.52
41.900000000000006,33.0,30.0,29.5,29.75
41.95,33.0,30.0,29.5,29.72
42.0,33.0,30.0,29.5,29.53
42.050000000000004,33.0,30.0,29.5,29.75
42.1,33.0,30.0,29.5,29.75
42.150000000000006,33.0,30.0,29.5,29.75
42.2,33.0,30.0,29.5,29.75
42.25,33.0,30.0,29.7,29.72
42.300000000000004,33.0,30.0,29.75,29.5
42.35,33.0,30.0,29.549999999999972,29.5
42.400000000000006,33.0,30.0,29.700000000000028,29.5
42.45,33.0,30.0,29.75,29.5
42.5,33.0,30.0,29.55,29.5
42.550000000000004,33.0,30.0,29.5,29.52
42.6,33.0,30.0,29.5,29.75
42.650000000000006,33.0,30.0,29.5,29.75
42.7,33.0,30.0,29.5,29.75
42.75,33.0,30.0,29.5,29.72
42.800000000000004,33.0,30.0,29.5,29.5
42.85,33.0,30.0,29.5,29.52
42.900000000000006,33.0,30.0,29.5,29.72
42.95,33.0,30.0,29.5,29.5
43.0,33.0,29.8,29.5,29.53
43.050000000000004,33.0,29.75,29.5,29.73
43.1,33.0,29.950000000000028,29.5,29.5
43.150000000000006,33.0,30.0,29.5,29.53
43.2,33.0,30.0,29.700000000000042,29.75
43.25,33.0,30.0,29.75,29.75
43.300000000000004,33.0,30.0,29.549999999999972,29.73
43.35,33.0,30.0,29.5,29.5
43.400000000000006,33.0,30.0,29.5,29.5
43.45,33.0,30.0,29.5,29.5
43.5,33.0,30.0,29.5,29.53
43.550000000000004,33.0,30.0,29.5,29.75
43.6,33.0,30.0,29.5,29.75
43.650000000000006,33.0,30.0,29.5,29.75
43.7,33.0,30.0,29.5,29.75
43.75,33.0,30.0,29.5,29.72
43.800000000000004,33.0,30.0,29.5,29.52
43.85,33.0,30.0,29.5,29.75
43.900000000000006,33.0,30.0,29.700000000000028,29.72
43.95,33.0,30.0,29.75,29.53
44.0,33.0,30.0,29.75,29.75
44.050000000000004,33.0,30.0,29.549999999999972,29.75
44.1,33.0,30.0,29.5,29.75
44.150000000000006,33.0,30.0,29.5,29.75
44.2,33.0,30.0,29.5,29.75
44.25,33.0,30.0,29.7,29.72
44.300000000000004,33.0,30.0,29.75,29.5
44.35,33.0,30.0,29.549999999999972,29.5
44.400000000000006,33.0,30.0,29.5,29.5
44.45,33.0,30.0,29.5,29.5
44.5,33.0,30.0,29.5,29.53
44.550000000000004,33.0,30.0,29.5,29.73
44.6,33.0,30.0,29.5,29.5
44.650000000000006,33.0,30.0,29.5,29.53
44.7,33.0,30.0,29.5,29.72
44.75,33.0,30.0,29.5,29.5
44.800000000000004,33.0,30.0,29.5,29.52
44.85,33.0,30.0,29.5,29.75
44.900000000000006,32.97,30.0,29.5,29.75
44.95,32.75,30.0,29.5,29.75
45.0,32.78,30.0,29.5,29.72
45.050000000000004,33.0,30.0,29.5,29.5
45.1,33.0,30.0,29.5,29.5
45.150000000000006,33.0,30.0,29.5,29.53
45.2,33.0,30.0,29.5,29.72
45.25,33.0,30.0,29.5,29.5
45.300000000000004,33.0,30.0,29.5,29.52
45.35,33.0,30.0,29.5,29.73
45.400000000000006,33.0,30.0,29.5,29.5
45.45,33.0,30.0,29.5,29.53
45.5,33.0,30.0,29.5,29.72
45.550000000000004,33.0,30.0,29.5,29.5
45.6,33.0,30.0,29.5,29.52
45.650000000000006,33.0,30.0,29.5,29.72
45.7,33.0,30.0,29.5,29.5
45.75,33.0,30.0,29.5,29.5
45.800000000000004,33.0,30.0,29.5,29.5
45.85,33.0,30.0,29.5,29.5
45.900000000000006,33.0,30.0,29.5,29.5
45.95,33.0,30.0,29.5,29.5
46.0,33.0,30.0,29.5,29.5
46.050000000000004,33.0,30.0,29.5,29.5
46.1,33.0,30.0,29.5,29.5
46.150000000000006,32.97,30.0,29.5,29.5
46.2,32.75,30.0,29.700000000000042,29.53
46.25,32.78,30.0,29.55,29.72
46.300000000000004,33.0,30.0,29.5,29.5
46.35,33.0,30.0,29.5,29.5
46.400000000000006,33.0,30.0,29.5,29.53
46.45,33.0,30.0,29.5,29.75
46.5,33.0,30.0,29.5,29.72
46.550000000000004,33.0,30.0,29.5,29.5
46.6,33.0,30.0,29.5,29.5
46.650000000000006,33.0,30.0,29.5,29.5
46.7,33.0,30.0,29.700000000000042,29.53
46.75,33.0,30.0,29.75,29.75
46.800000000000004,33.0,29.799999999999972,29.549999999999972,29.75
46.85,33.0,29.75,29.5,29.75
46.900000000000006,33.0,29.950000000000028,29.5,29.75
46.95,33.0,30.0,29.5,29.75
47.0,33.0,30.0,29.5,29.72
47.050000000000004,33.0,30.0,29.5,29.5
47.1,33.0,30.0,29.5,29.52
47.150000000000006,33.0,30.0,29.5,29.72
47.2,33.0,30.0,29.5,29.5
47.25,33.0,30.0,29.5,29.5
47.300000000000004,33.0,30.0,29.5,29.52
47.35,32.98,30.0,29.5,29.75
47.400000000000006,32.75,30.0,29.5,29.72
47.45,32.78,30.0,29.5,29.53
47.5,33.0,30.0,29.5,29.75
47.550000000000004,33.0,30.0,29.5,29.75
47.6,33.0,30.0,29.5,29.73
47.650000000000006,33.0,29.799999999999972,29.5,29.5
47.7,33.0,29.950000000000042,29.5,29.5
47.75,33.0,30.0,29.5,29.53
47.800000000000004,33.0,29.799999999999972,29.5,29.75
47.85,33.0,29.950000000000028,29.5,29.75
47.900000000000006,33.0,30.0,29.5,29.72
47.95,33.0,30.0,29.5,29.5
48.0,33.0,30.0,29.5,29.5
48.050000000000004,33.0,30.0,29.5,29.5
48.1,33.0,30.0,29.5,29.5
48.150000000000006,33.0,30.0,29.5,29.5
48.2,33.0,30.0,29.5,29.5
48.25,32.97,30.0,29.5,29.5
48.300000000000004,32.75,30.0,29.5,29.5
48.35,32.77,30.0,29.5,29.52
48.400000000000006,33.0,30.0,29.5,29.72
48.45,33.0,30.0,29.5,29.5
48.5,33.0,30.0,29.5,29.53
48.550000000000004,33.0,30.0,29.5,29.73
48.6,33.0,30.0,29.5,29.5
48.650000000000006,33.0,30.0,29.5,29.53
48.7,33.0,30.0,29.5,29.75
48.75,33.0,30.0,29.5,29.75
48.800000000000004,33.0,30.0,29.5,29.75
48.85,33.0,30.0,29.5,29.73
48.900000000000006,33.0,30.0,29.5,29.5
48.95,33.0,30.0,29.700000000000042,29.53
49.0,33.0,30.0,29.75,29.72
49.050000000000004,33.0,30.0,29.549999999999972,29.5
49.1,33.0,29.799999999999972,29.5,29.52
49.150000000000006,33.0,29.75,29.5,29.75
49.2,33.0,29.950000000000042,29.5,29.75
49.25,33.0,29.8,29.5,29.72
49.300000000000004,33.0,29.75,29.5,29.5
49.35,33.0,29.950000000000028,29.5,29.5
49.400000000000006,33.0,30.0,29.5,29.5
49.45,33.0,30.0,29.5,29.5
49.5,33.0,30.0,29.5,29.5
49.550000000000004,33.0,30.0,29.5,29.5
49.6,33.0,30.0,29.700000000000028,29.5
49.650000000000006,33.0,30.0,29.75,29.5
49.7,33.0,30.0,29.549999999999958,29.5
49.75,33.0,30.0,29.5,29.53
49.800000000000004,33.0,30.0,29.5,29.75
49.85,33.0,30.0,29.5,29.73
49.900000000000006,33.0,30.0,29.5,29.5
49.95,33.0,30.0,29.5,29.5
50.0,33.0,30.0,29.5,29.5
50.050000000000004,32.98,30.0,29.5,29.52
50.1,32.77,30.0,29.5,29.75
50.150000000000006,33.0,30.0,29.5,29.72
50.2,33.0,30.0,29.5,29.5
50.25,33.0,30.0,29.5,29.5
50.300000000000004,33.0,30.0,29.5,29.52
50.35,33.0,30.0,29.5,29.75
50.400000000000006,33.0,30.0,29.5,29.75
50.45,33.0,30.0,29.5,29.72
50.5,33.0,30.0,29.5,29.5
50.550000000000004,33.0,29.799999999999972,29.5,29.5
50.6,33.0,29.950000000000028,29.5,29.52
50.650000000000006,33.0,30.0,29.5,29.72
50.7,33.0,30.0,29.5,29.5
50.75,33.0,29.8,29.7,29.5
50.800000000000004,33.0,29.75,29.549999999999972,29.5
50.85,33.0,29.950000000000028,29.5,29.5
50.900000000000006,33.0,30.0,29.5,29.53
50.95,33.0,30.0,29.700000000000042,29.72
51.0,33.0,30.0,29.75,29.5
51.050000000000004,33.0,30.0,29.549999999999972,29.52
51.1,32.98,30.0,29.5,29.73
51.150000000000006,32.78,30.0,29.5,29.5
51.2,33.0,30.0,29.5,29.5
51.25,33.0,30.0,29.5,29.5
51.300000000000004,33.0,30.0,29.5,29.5
51.35,33.0,30.0,29.5,29.52
51.400000000000006,33.0,30.0,29.5,29.72
51.45,33.0,30.0,29.5,29.5
51.5,33.0,30.0,29.5,29.5
51.550000000000004,33.0,30.0,29.5,29.5
51.6,33.0,30.0,29.5,29.5
51.650000000000006,33.0,30.0,29.5,29.5
51.7,32.97,30.0,29.5,29.53
51.75,32.75,29.8,29.5,29.75
51.800000000000004,32.75,29.950000000000028,29.5,29.75
51.85,32.77,30.0,29.5,29.75
51.900000000000006,33.0,30.0,29.5,29.75
51.95,32.97,30.0,29.5,29.75
52.0,32.75,30.0,29.5,29.75
52.050000000000004,32.77,30.0,29.5,29.75
52.1,33.0,30.0,29.5,29.75
52.150000000000006,33.0,30.0,29.5,29.75
52.2,33.0,29.799999999999958,29.5,29.72
52.25,32.97,29.95,29.5,29.5
52.300000000000004,32.75,30.0,29.5,29.5
52.35,32.77,30.0,29.5,29.52
52.400000000000006,33.0,30.0,29.5,29.75
52.45,33.0,30.0,29.5,29.72
52.5,33.0,30.0,29.5,29.53
52.550000000000004,33.0,29.799999999999972,29.5,29.75
52.6,33.0,29.950000000000028,29.5,29.73
52.650000000000006,33.0,30.0,29.5,29.5
52.7,33.0,30.0,29.5,29.5
52.75,33.0,30.0,29.5,29.5
52.800000000000004,32.98,30.0,29.5,29.52
52.85,32.77,30.0,29.5,29.75
52.900000000000006,33.0,30.0,29.5,29.72
52.95,33.0,30.0,29.5,29.53
53.0,33.0,30.0,29.5,29.75
53.050000000000004,33.0,29.799999999999972,29.5,29.73
53.1,33.0,29.75,29.5,29.5
53.150000000000006,32.97,29.75,29.5,29.5
53.2,32.75,29.950000000000042,29.5,29.5
53.25,32.78,30.0,29.5,29.53
53.300000000000004,33.0,30.0,29.5,29.75
53.35,33.0,30.0,29.5,29.73
53.400000000000006,33.0,30.0,29.5,29.5
53.45,33.0,30.0,29.5,29.5
53.5,33.0,30.0,29.5,29.5
53.550000000000004,33.0,30.0,29.5,29.5
53.6,33.0,30.0,29.5,29.5
53.650000000000006,33.0,30.0,29.5,29.5
53.7,33.0,30.0,29.5,29.5
53.75,33.0,30.0,29.5,29.5
53.800000000000004,33.0,30.0,29.5,29.5
53.85,33.0,30.0,29.5,29.52
53.900000000000006,33.0,30.0,29.5,29.75
53.95,33.0,30.0,29.5,29.72
54.0,33.0,30.0,29.5,29.53
54.050000000000004,33.0,30.0,29.5,29.75
54.1,33.0,30.0,29.5,29.75
54.150000000000006,33.0,30.0,29.5,29.72
54.2,33.0,30.0,29.5,29.5
54.25,33.0,30.0,29.5,29.53
54.300000000000004,33.0,30.0,29.700000000000028,29.75
54.35,33.0,30.0,29.75,29.75
54.400000000000006,33.0,30.0,29.549999999999972,29.72
54.45,32.97,30.0,29.5,29.5
54.5,32.78,30.0,29.5,29.5
54.550000000000004,33.0,30.0,29.5,29.5
54.6,33.0,30.0,29.5,29.5
54.650000000000006,33.0,30.0,29.5,29.5
54.7,33.0,30.0,29.5,29.5
54.75,33.0,30.0,29.5,29.5
54.800000000000004,33.0,29.799999999999972,29.5,29.5
54.85,33.0,29.950000000000028,29.5,29.5
54.900000000000006,33.0,30.0,29.5,29.53
54.95,32.97,30.0,29.5,29.72
55.0,32.75,30.0,29.5,29.5
55.050000000000004,32.77,30.0,29.5,29.52
55.1,33.0,30.0,29.5,29.75
55.150000000000006,33.0,30.0,29.5,29.75
55.2,32.97,30.0,29.5,29.72
55.25,32.78,29.8,29.5,29.5
55.300000000000004,32.98,29.950000000000028,29.5,29.5
55.35,32.75,30.0,29.5,29.5
55.400000000000006,32.78,30.0,29.5,29.5
55.45,33.0,30.0,29.5,29.5
55.5,33.0,30.0,29.5,29.5
55.550000000000004,33.0,29.799999999999972,29.5,29.5
55.6,33.0,29.950000000000028,29.5,29.5
55.650000000000006,33.0,30.0,29.5,29.5
55.7,32.97,30.0,29.5,29.53
55.75,32.78,30.0,29.5,29.75
55.800000000000004,33.0,30.0,29.5,29.73
55.85,33.0,30.0,29.5,29.52
55.900000000000006,32.97,29.799999999999972,29.5,29.75
55.95,32.75,29.950000000000042,29.5,29.72
56.0,32.78,30.0,29.5,29.5
56.050000000000004,33.0,30.0,29.5,29.5
56.1,33.0,30.0,29.5,29.52
56.150000000000006,32.97,30.0,29.5,29.75
56.2,32.78,30.0,29.5,29.75
56.25,33.0,30.0,29.5,29.72
56.300000000000004,33.0,30.0,29.5,29.52
56.35,33.0,30.0,29.5,29.75
56.400000000000006,33.0,30.0,29.5,29.72
56.45,33.0,30.0,29.5,29.5
56.5,33.0,30.0,29.5,29.5
56.550000000000004,33.0,30.0,29.5,29.52
56.6,33.0,30.0,29.5,29.73
56.650000000000006,33.0,29.799999999999972,29.5,29.5
56.7,33.0,29.950000000000042,29.5,29.5
56.75,33.0,30.0,29.5,29.5
56.800000000000004,33.0,30.0,29.5,29.5
56.85,33.0,29.799999999999972,29.5,29.52
56.900000000000006,33.0,29.75,29.5,29.72
56.95,33.0,29.75,29.5,29.5
57.0,33.0,29.75,29.5,29.5
57.050000000000004,33.0,29.75,29.5,29.52
57.1,33.0,29.950000000000028,29.5,29.75
57.150000000000006,33.0,30.0,29.5,29.72
57.2,33.0,30.0,29.5,29.5
57.25,33.0,30.0,29.5,29.5
57.300000000000004,33.0,30.0,29.5,29.52
57.35,33.0,30.0,29.5,29.73
57.400000000000006,32.97,30.0,29.5,29.5
57.45,32.75,30.0,29.5,29.5
57.5,32.78,30.0,29.5,29.5
57.550000000000004,32.98,30.0,29.5,29.5
57.6,32.75,29.799999999999972,29.5,29.5
57.650000000000006,32.78,29.75,29.5,29.5
57.7,33.0,29.950000000000042,29.5,29.5
57.75,33.0,30.0,29.5,29.5
57.800000000000004,33.0,30.0,29.5,29.5
57.85,33.0,30.0,29.5,29.5
57.900000000000006,33.0,30.0,29.5,29.5
57.95,32.97,30.0,29.5,29.5
58.0,32.78,29.8,29.5,29.5
58.050000000000004,33.0,29.950000000000028,29.5,29.5
58.1,33.0,30.0,29.5,29.5
58.150000000000006,32.97,30.0,29.5,29.53
58.2,32.75,30.0,29.5,29.75
58.25,32.75,30.0,29.5,29.72
58.300000000000004,32.77,29.799999999999972,29.5,29.5
58.35,33.0,29.950000000000028,29.5,29.5
58.400000000000006,33.0,30.0,29.5,29.5
58.45,32.97,30.0,29.5,29.5
58.5,32.78,30.0,29.5,29.5
58.550000000000004,33.0,30.0,29.5,29.5
58.6,33.0,30.0,29.5,29.52
58.650000000000006,33.0,30.0,29.5,29.75
58.7,33.0,30.0,29.5,29.72
58.75,33.0,30.0,29.5,29.5
58.800000000000004,33.0,30.0,29.5,29.5
58.85,33.0,30.0,29.5,29.5
58.900000000000006,32.97,30.0,29.5,29.5
58.95,32.78,29.799999999999958,29.5,29.5
59.0,33.0,29.75,29.5,29.5
59.050000000000004,33.0,29.75,29.5,29.5
59.1,33.0,29.75,29.5,29.5
59.150000000000006,33.0,29.950000000000028,29.5,29.5
59.2,33.0,30.0,29.5,29.5
59.25,33.0,29.8,29.5,29.5
59.300000000000004,33.0,29.75,29.5,29.5
59.35,33.0,29.75,29.5,29.52
59.400000000000006,33.0,29.950000000000028,29.5,29.75
59.45,33.0,30.0,29.5,29.72
59.5,32.97,30.0,29.5,29.53
59.550000000000004,32.77,29.799999999999972,29.5,29.75
59.6,33.0,29.950000000000028,29.5,29.73
59.650000000000006,32.97,30.0,29.5,29.5
59.7,32.78,29.799999999999958,29.5,29.5
59.75,33.0,29.95,29.5,29.53
59.800000000000004,33.0,30.0,29.5,29.73
59.85,32.98,30.0,29.5,29.5
59.900000000000006,32.75,30.0,29.5,29.5
59.95,32.78,30.0,29.5,29.5
60.0,33.0,30.0,29.5,29.5
60.050000000000004,33.0,30.0,29.5,29.5
60.1,32.98,30.0,29.5,29.5
60.150000000000006,32.78,30.0,29.5,29.5
60.2,33.0,29.799999999999958,29.5,29.5
60.25,33.0,29.75,29.5,29.53
60.300000000000004,33.0,29.950000000000028,29.5,29.75
60.35,33.0,29.799999999999972,29.5,29.73
60.400000000000006,33.0,29.75,29.5,29.53
60.45,33.0,29.950000000000042,29.5,29.75
60.5,33.0,30.0,29.5,29.72
60.550000000000004,33.0,30.0,29.5,29.52
60.6,33.0,30.0,29.5,29.75
60.650000000000006,33.0,29.799999999999972,29.5,29.72
60.7,33.0,29.75,29.5,29.5
60.75,33.0,29.95,29.5,29.5
60.800000000000004,33.0,30.0,29.5,29.5
60.85,32.98,30.0,29.5,29.5
60.900000000000006,32.75,29.799999999999972,29.5,29.5
60.95,32.75,29.75,29.5,29.5
61.0,32.75,29.75,29.5,29.53
61.050000000000004,32.77,29.75,29.5,29.75
61.1,33.0,29.950000000000028,29.5,29.73
61.150000000000006,32.97,30.0,29.5,29.53
61.2,32.78,29.799999999999958,29.5,29.75
61.25,33.0,29.95,29.5,29.72
61.300000000000004,32.98,30.0,29.5,29.5
61.35,32.75,29.799999999999972,29.5,29.5
61.400000000000006,32.75,29.950000000000028,29.5,29.5
61.45,32.78,30.0,29.5,29.53
61.5,32.97,30.0,29.5,29.72
61.550000000000004,32.75,30.0,29.5,29.5
61.6,32.77,30.0,29.5,29.52
61.650000000000006,33.0,29.799999999999972,29.5,29.72
61.7,33.0,29.950000000000042,29.5,29.5
61.75,33.0,30.0,29.5,29.5
61.800000000000004,33.0,30.0,29.5,29.5
61.85,33.0,30.0,29.5,29.5
61.900000000000006,33.0,30.0,29.5,29.5
61.95,32.97,29.799999999999958,29.5,29.5
62.0,32.78,29.95,29.5,29.5
62.050000000000004,33.0,30.0,29.5,29.5
62.1,33.0,30.0,29.5,29.5
62.150000000000006,32.97,30.0,29.5,29.5
62.2,32.75,30.0,29.5,29.53
62.25,32.75,30.0,29.5,29.72
62.300000000000004,32.77,29.799999999999972,29.5,29.5
62.35,33.0,29.950000000000028,29.5,29.52
62.400000000000006,33.0,30.0,29.5,29.72
62.45,33.0,30.0,29.5,29.5
62.5,33.0,30.0,29.5,29.53
62.550000000000004,32.98,30.0,29.5,29.75
62.6,32.77,29.799999999999972,29.5,29.75
62.650000000000006,33.0,29.950000000000028,29.5,29.72
62.7,33.0,30.0,29.5,29.53
62.75,33.0,30.0,29.5,29.75
62.800000000000004,33.0,30.0,29.5,29.73
62.85,33.0,30.0,29.5,29.5
62.900000000000006,33.0,30.0,29.5,29.5
62.95,33.0,30.0,29.5,29.5
63.0,33.0,30.0,29.5,29.5
63.050000000000004,32.98,29.799999999999972,29.5,29.5
63.1,32.75,29.75,29.5,29.5
63.150000000000006,32.78,29.75,29.5,29.5
63.2,33.0,29.950000000000042,29.5,29.5
63.25,33.0,29.8,29.5,29.53
63.300000000000004,33.0,29.75,29.5,29.73
63.35,32.98,29.950000000000028,29.5,29.5
63.400000000000006,32.75,30.0,29.5,29.53
63.45,32.78,30.0,29.5,29.72
63.5,32.97,30.0,29.5,29.5
63.550000000000004,32.75,29.799999999999972,29.5,29.52
63.6,32.77,29.75,29.5,29.73
63.650000000000006,33.0,29.950000000000028,29.5,29.5
63.7,33.0,29.8,29.5,29.5
63.75,33.0,29.75,29.5,29.5
63.800000000000004,33.0,29.950000000000028,29.5,29.5
63.85,33.0,30.0,29.5,29.5
63.900000000000006,33.0,30.0,29.5,29.5
63.95,33.0,29.8,29.5,29.5
64.0,33.0,29.75,29.5,29.5
64.05,32.98,29.75,29.5,29.5
64.10000000000001,32.78000000000006,29.950000000000085,29.5,29.5
64.15,33.0,30.0,29.5,29.5
64.2,33.0,30.0,29.5,29.52
64.25,33.0,29.8,29.5,29.75
64.3,33.0,29.95,29.5,29.73
64.35000000000001,32.96999999999994,30.0,29.5,29.5
64.4,32.77000000000009,29.799999999999915,29.5,29.5
64.45,33.0,29.95,29.5,29.52
64.5,33.0,30.0,29.5,29.75
64.55,33.0,30.0,29.5,29.75
64.60000000000001,33.0,30.0,29.5,29.719999999999942
64.65,33.0,30.0,29.5,29.520000000000085
64.7,33.0,29.8,29.5,29.75
64.75,33.0,29.95,29.5,29.75
64.8,32.98,30.0,29.5,29.73
64.85000000000001,32.78000000000006,30.0,29.5,29.5
64.9,33.0,30.0,29.5,29.5
64.95,33.0,30.0,29.5,29.5
65.0,32.97,29.8,29.5,29.5
65.05,32.75,29.75,29.5,29.5
65.10000000000001,32.78000000000006,29.75,29.5,29.5
65.15,32.97999999999991,29.950000000000085,29.5,29.520000000000085
65.2,32.77,30.0,29.5,29.75
65.25,33.0,30.0,29.5,29.72
65.3,33.0,30.0,29.5,29.5
65.35000000000001,33.0,29.799999999999915,29.5,29.5
65.4,33.0,29.75,29.5,29.5
65.45,32.98,29.95,29.5,29.5
65.5,32.78,30.0,29.5,29.5
65.55,33.0,30.0,29.5,29.5
65.60000000000001,32.96999999999994,30.0,29.5,29.5
65.65,32.77000000000009,30.0,29.5,29.5
65.7,33.0,30.0,29.5,29.5
65.75,32.97,30.0,29.5,29.5
65.8,32.77,30.0,29.5,29.5
65.85000000000001,33.0,29.799999999999915,29.5,29.5
65.9,33.0,29.75,29.5,29.520000000000085
65.95,32.98,29.75,29.5,29.75
66.0,32.75,29.75,29.5,29.72
66.05,32.77,29.75,29.5,29.52
66.10000000000001,33.0,29.950000000000085,29.5,29.75
66.15,33.0,29.799999999999915,29.5,29.729999999999915
66.2,33.0,29.75,29.5,29.5
66.25,32.97,29.95,29.5,29.5
66.3,32.75,30.0,29.5,29.5
66.35000000000001,32.78000000000006,30.0,29.5,29.5
66.4,32.97999999999991,30.0,29.5,29.5
66.45,32.75,30.0,29.5,29.5
66.5,32.78,30.0,29.5,29.53
66.55,32.98,30.0,29.5,29.75
66.60000000000001,32.75,29.799999999999915,29.5,29.719999999999942
66.65,32.75,29.75,29.5,29.5
66.7,32.77,29.95,29.5,29.5
66.75,33.0,29.8,29.5,29.53
66.8,33.0,29.75,29.5,29.73
66.85000000000001,33.0,29.950000000000085,29.5,29.5
66.9,33.0,30.0,29.5,29.5
66.95,33.0,30.0,29.5,29.5
67.0,33.0,29.8,29.5,29.5
67.05,33.0,29.95,29.5,29.5
67.10000000000001,32.96999999999994,30.0,29.5,29.5
67.15,32.77000000000009,30.0,29.5,29.5
67.2,33.0,30.0,29.5,29.5
67.25,32.97,30.0,29.5,29.5
67.3,32.77,29.8,29.5,29.5
67.35000000000001,33.0,29.950000000000085,29.5,29.530000000000058
67.4,32.97999999999991,30.0,29.5,29.729999999999915
67.45,32.75,29.8,29.5,29.5
67.5,32.75,29.95,29.5,29.53
67.55,32.77,30.0,29.7,29.73
67.60000000000001,32.96999999999994,30.0,29.75,29.5
67.65,32.75,30.0,29.549999999999915,29.5
67.7,32.77,30.0,29.5,29.5
67.75,33.0,29.8,29.5,29.5
67.8,33.0,29.75,29.5,29.5
67.85000000000001,32.96999999999994,29.75,29.5,29.5
67.9,32.75,29.75,29.5,29.5
67.95,32.75,29.75,29.5,29.5
68.0,32.78,29.75,29.5,29.5
68.05,32.98,29.75,29.5,29.5
68.10000000000001,32.75,29.75,29.5,29.5
68.15,32.77000000000009,29.75,29.5,29.5
68.2,32.98,29.75,29.5,29.5
68.25,32.75,29.75,29.5,29.5
68.3,32.75,29.75,29.5,29.5
68.35000000000001,32.78000000000006,29.75,29.5,29.5
68.4,32.97999999999991,29.75,29.5,29.5
68.45,32.75,29.75,29.5,29.5
68.5,32.75,29.95,29.5,29.5
68.55,32.75,30.0,29.5,29.5
68.60000000000001,32.75,30.0,29.5,29.5
68.65,32.75,30.0,29.5,29.5
68.7,32.75,29.8,29.5,29.5
68.75,32.75,29.75,29.5,29.5
68.8,32.75,29.95,29.5,29.5
68.85000000000001,32.75,30.0,29.5,29.5
68.9,32.75,29.799999999999915,29.5,29.5
68.95,32.77,29.75,29.5,29.5
69.0,32.97,29.95,29.5,29.5
69.05,32.75,29.8,29.5,29.5
69.10000000000001,32.78000000000006,29.75,29.5,29.5
69.15,32.97999999999991,29.75,29.5,29.5
69.2,32.75,29.95,29.5,29.5
69.25,32.78,30.0,29.5,29.5
69.3,33.0,30.0,29.5,29.5
69.35000000000001,33.0,29.799999999999915,29.5,29.5
69.4,32.97999999999991,29.75,29.5,29.5
69.45,32.75,29.95,29.5,29.5
69.5,32.75,29.8,29.5,29.5
69.55,32.77,29.75,29.5,29.52
69.60000000000001,33.0,29.950000000000085,29.5,29.75
69.65,33.0,29.799999999999915,29.5,29.729999999999915
69.7,32.98,29.75,29.5,29.5
69.75,32.75,29.95,29.5,29.5
69.8,32.75,30.0,29.5,29.5
69.85000000000001,32.78000000000006,30.0,29.5,29.5
69.9,32.97999999999991,30.0,29.5,29.5
69.95,32.75,29.8,29.5,29.5
70.0,32.75,29.75,29.5,29.5
70.05,32.75,29.75,29.5,29.5
70.10000000000001,32.75,29.75,29.5,29.5
70.15,32.75,29.75,29.5,29.5
70.2,32.77,29.75,29.5,29.5
70.25,33.0,29.95,29.5,29.5
70.3,32.98,30.0,29.5,29.5
70.35000000000001,32.78000000000006,29.799999999999915,29.5,29.5
70.4,33.0,29.950000000000085,29.5,29.5
70.45,32.98,30.0,29.5,29.5
70.5,32.75,30.0,29.5,29.5
70.55,32.75,30.0,29.5,29.5
70.60000000000001,32.75,30.0,29.5,29.5
70.65,32.77000000000009,29.799999999999915,29.5,29.5
70.7,33.0,29.95,29.5,29.52
70.75,32.97,30.0,29.5,29.72
70.8,32.77,29.8,29.5,29.5
70.85000000000001,33.0,29.950000000000085,29.5,29.5
70.9,33.0,30.0,29.5,29.5
70.95,32.98,30.0,29.5,29.5
71.0,32.75,30.0,29.5,29.5
71.05,32.75,30.0,29.5,29.5
71.10000000000001,32.75,30.0,29.5,29.5
71.15,32.75,29.799999999999915,29.5,29.5
71.2,32.77,29.75,29.5,29.5
71.25,32.97,29.75,29.5,29.5
71.3,32.75,29.75,29.5,29.5
71.35000000000001,32.75,29.75,29.5,29.5
71.4,32.75,29.75,29.5,29.5
71.45,32.75,29.95,29.5,29.5
71.5,32.78,30.0,29.5,29.5
71.55,32.98,30.0,29.5,29.5
71.60000000000001,32.75,29.799999999999915,29.5,29.5
71.65,32.75,29.75,29.5,29.5
71.7,32.75,29.95,29.5,29.5
71.75,32.75,29.8,29.5,29.5
71.8,32.75,29.75,29.5,29.5
71.85000000000001,32.75,29.950000000000085,29.5,29.5
71.9,32.77000000000009,29.799999999999915,29.5,29.5
71.95,33.0,29.75,29.5,29.5
72.0,33.0,29.75,29.5,29.53
72.05,33.0,29.75,29.5,29.75
72.10000000000001,33.0,29.75,29.5,29.719999999999942
72.15,32.97999999999991,29.75,29.5,29.5
72.2,32.75,29.75,29.5,29.5
72.25,32.75,29.95,29.5,29.5
72.3,32.75,30.0,29.5,29.5
72.35000000000001,32.75,30.0,29.5,29.5
72.4,32.75,30.0,29.5,29.5
72.45,32.75,30.0,29.5,29.5
72.5,32.75,29.8,29.5,29.5
72.55,32.75,29.95,29.5,29.5
72.60000000000001,32.75,30.0,29.5,29.5
72.65,32.77000000000009,30.0,29.5,29.5
72.7,33.0,29.8,29.5,29.5
72.75,33.0,29.75,29.5,29.5
72.8,33.0,29.95,29.5,29.5
72.85000000000001,33.0,29.799999999999915,29.5,29.5
72.9,33.0,29.75,29.5,29.5
72.95,32.98,29.95,29.5,29.5
73.0,32.75,29.8,29.5,29.5
73.05,32.77,29.75,29.5,29.5
73.10000000000001,32.96999999999994,29.75,29.5,29.5
73.15,32.75,29.75,29.5,29.520000000000085
73.2,32.75,29.75,29.5,29.73
73.25,32.75,29.75,29.5,29.5
73.3,32.75,29.95,29.5,29.5
73.35000000000001,32.75,30.0,29.5,29.5
73.4,32.75,29.799999999999915,29.5,29.5
73.45,32.75,29.95,29.5,29.5
73.5,32.75,30.0,29.5,29.5
73.55,32.77,30.0,29.5,29.5
73.60000000000001,33.0,30.0,29.5,29.5
73.65,32.97999999999991,30.0,29.5,29.5
73.7,32.77,29.8,29.5,29.5
73.75,33.0,29.95,29.5,29.5
73.8,32.98,30.0,29.5,29.5
73.85000000000001,32.78000000000006,29.799999999999915,29.5,29.5
73.9,33.0,29.75,29.5,29.5
73.95,33.0,29.75,29.5,29.5
74.0,32.97,29.95,29.5,29.5
74.05,32.75,29.8,29.5,29.5
74.10000000000001,32.75,29.75,29.5,29.5
74.15,32.75,29.75,29.5,29.5
74.2,32.75,29.75,29.5,29.5
74.25,32.75,29.75,29.5,29.5
74.3,32.75,29.95,29.5,29.5
74.35000000000001,32.75,29.799999999999915,29.5,29.5
74.4,32.77000000000009,29.75,29.5,29.5
74.45,32.98,29.95,29.5,29.5
74.5,32.75,29.8,29.5,29.5
74.55,32.77,29.75,29.5,29.5
74.60000000000001,32.96999999999994,29.950000000000085,29.5,29.5
74.65,32.75,29.799999999999915,29.5,29.5
74.7,32.75,29.75,29.5,29.5
74.75,32.75,29.95,29.5,29.5
74.8,32.75,29.8,29.5,29.5
74.85000000000001,32.75,29.75,29.5,29.5
74.9,32.75,29.75,29.5,29.5
74.95,32.75,29.95,29.5,29.5
75.0,32.75,30.0,29.5,29.5
75.05,32.75,29.8,29.5,29.5
75.10000000000001,32.75,29.75,29.5,29.5
75.15,32.75,29.75,29.5,29.520000000000085
75.2,32.77,29.75,29.5,29.73
75.25,32.97,29.75,29.5,29.5
75.3,32.75,29.75,29.5,29.5
75.35000000000001,32.75,29.75,29.5,29.5
75.4,32.75,29.950000000000085,29.5,29.5
75.45,32.75,29.8,29.5,29.5
75.5,32.75,29.75,29.5,29.5
75.55,32.75,29.95,29.5,29.5
75.60000000000001,32.75,30.0,29.5,29.5
75.65,32.75,30.0,29.5,29.5
75.7,32.77,29.8,29.5,29.5
75.75,33.0,29.75,29.5,29.5
75.8,32.98,29.75,29.5,29.5
75.85000000000001,32.75,29.950000000000085,29.5,29.5
75.9,32.75,30.0,29.5,29.5
75.95,32.75,30.0,29.5,29.5
76.0,32.78,29.8,29.5,29.5
76.05,33.0,29.75,29.5,29.5
76.10000000000001,32.96999999999994,29.75,29.5,29.5
76.15,32.75,29.75,29.5,29.5
76.2,32.75,29.75,29.5,29.5
76.25,32.75,29.75,29.5,29.5
76.3,32.77,29.75,29.5,29.5
76.35000000000001,33.0,29.950000000000085,29.5,29.5
76.4,32.97999999999991,30.0,29.5,29.5
76.45,32.75,30.0,29.5,29.5
76.5,32.75,29.8,29.5,29.5
76.55,32.75,29.75,29.5,29.52
76.60000000000001,32.75,29.950000000000085,29.5,29.75
76.65,32.75,30.0,29.5,29.729999999999915
76.7,32.75,30.0,29.5,29.5
76.75,32.75,30.0,29.5,29.5
76.80000000000001,32.75,29.799999999999944,29.5,29.5
76.85000000000001,32.75,29.75,29.5,29.5
76.9,32.75,29.75,29.5,29.5
76.95,32.75,29.75,29.5,29.5
77.0,32.75,29.75,29.5,29.5
77.05000000000001,32.75,29.75,29.5,29.5
77.10000000000001,32.75,29.75,29.5,29.5
77.15,32.75,29.75,29.5,29.5
77.2,32.75,29.75,29.5,29.5
77.25,32.75,29.75,29.5,29.5
77.30000000000001,32.75,29.75,29.5,29.5
77.35000000000001,32.75,29.75,29.5,29.5
77.4,32.75,29.75,29.5,29.5
77.45,32.77,29.75,29.5,29.52
77.5,32.97,29.95,29.5,29.75
77.55000000000001,32.75,30.0,29.5,29.729999999999915
77.60000000000001,32.75,30.0,29.5,29.5
77.65,32.75,30.0,29.5,29.5
77.7,32.75,29.8,29.5,29.5
77.75,32.78,29.75,29.5,29.5
77.80000000000001,32.97999999999991,29.950000000000056,29.5,29.5
77.85000000000001,32.75,29.799999999999915,29.5,29.5
77.9,32.75,29.75,29.5,29.5
77.95,32.75,29.75,29.5,29.5
78.0,32.75,29.75,29.5,29.5
78.05000000000001,32.77000000000009,29.75,29.5,29.5
78.10000000000001,32.96999999999994,29.75,29.5,29.5
78.15,32.75,29.75,29.5,29.5
78.2,32.77,29.75,29.5,29.5
78.25,32.97,29.75,29.5,29.5
78.30000000000001,32.75,29.75,29.5,29.5
78.35000000000001,32.75,29.75,29.5,29.5
78.4,32.77000000000009,29.75,29.5,29.5
78.45,32.98,29.95,29.5,29.5
78.5,32.75,30.0,29.5,29.5
78.55000000000001,32.75,29.799999999999944,29.5,29.5
78.60000000000001,32.75,29.75,29.5,29.5
78.65,32.75,29.75,29.5,29.5
78.7,32.75,29.95,29.5,29.5
78.75,32.75,30.0,29.5,29.5
78.80000000000001,32.75,29.799999999999944,29.5,29.5
78.85000000000001,32.75,29.75,29.5,29.5
78.9,32.75,29.950000000000085,29.5,29.5
78.95,32.75,29.8,29.5,29.5
79.0,32.78,29.75,29.5,29.5
79.05000000000001,32.97999999999991,29.75,29.5,29.5
79.10000000000001,32.75,29.75,29.5,29.5
79.15,32.75,29.75,29.5,29.5
79.2,32.75,29.75,29.5,29.5
79.25,32.75,29.95,29.5,29.5
79.30000000000001,32.75,30.0,29.5,29.5
79.35000000000001,32.75,29.799999999999915,29.5,29.5
79.4,32.75,29.75,29.5,29.5
79.45,32.75,29.75,29.5,29.5
79.5,32.75,29.95,29.5,29.5
79.55000000000001,32.75,30.0,29.5,29.5
79.60000000000001,32.75,30.0,29.5,29.5
79.65,32.75,30.0,29.5,29.5
79.7,32.75,29.8,29.5,29.5
79.75,32.75,29.75,29.5,29.5
79.80000000000001,32.75,29.75,29.5,29.5
79.85000000000001,32.75,29.950000000000085,29.5,29.5
79.9,32.75,30.0,29.5,29.5
79.95,32.75,29.8,29.5,29.5
80.0,32.75,29.75,29.5,29.5
80.05000000000001,32.75,29.75,29.5,29.5
80.10000000000001,32.75,29.75,29.5,29.5
80.15,32.75,29.75,29.5,29.5
80.2,32.75,29.75,29.5,29.5
80.25,32.75,29.75,29.5,29.5
80.30000000000001,32.75,29.75,29.5,29.5
80.35000000000001,32.75,29.75,29.5,29.5
80.4,32.75,29.75,29.5,29.5
80.45,32.75,29.75,29.5,29.5
80.5,32.75,29.75,29.5,29.5
80.55000000000001,32.75,29.950000000000056,29.5,29.5
80.60000000000001,32.75,30.0,29.5,29.5
80.65,32.75,30.0,29.5,29.5
80.7,32.75,30.0,29.5,29.5
80.75,32.75,30.0,29.5,29.5
80.80000000000001,32.75,30.0,29.5,29.5
80.85000000000001,32.75,30.0,29.5,29.5
80.9,32.75,29.799999999999915,29.5,29.5
80.95,32.75,29.75,29.5,29.5
81.0,32.75,29.75,29.5,29.5
81.05000000000001,32.75,29.75,29.5,29.5
81.10000000000001,32.75,29.75,29.5,29.5
81.15,32.75,29.75,29.5,29.5
81.2,32.75,29.75,29.5,29.5
81.25,32.75,29.75,29.5,29.5
81.30000000000001,32.75,29.75,29.5,29.5
81.35000000000001,32.75,29.75,29.5,29.5
81.4,32.75,29.75,29.5,29.5
81.45,32.75,29.75,29.5,29.5
81.5,32.75,29.75,29.7,29.5
81.55000000000001,32.75,29.75,29.549999999999944,29.5
81.60000000000001,32.75,29.75,29.5,29.5
81.65,32.75,29.75,29.5,29.5
81.7,32.75,29.75,29.5,29.5
81.75,32.75,29.75,29.5,29.5
81.80000000000001,32.77000000000009,29.75,29.5,29.5
81.85000000000001,33.0,29.75,29.5,29.5
81.9,33.0,29.75,29.5,29.5
81.95,32.98,29.75,29.5,29.5
82.0,32.75,29.75,29.5,29.5
82.05000000000001,32.75,29.75,29.5,29.5
82.10000000000001,32.75,29.75,29.5,29.5
82.15,32.75,29.75,29.5,29.5
82.2,32.75,29.75,29.5,29.5
82.25,32.78,29.75,29.5,29.5
82.30000000000001,33.0,29.950000000000056,29.5,29.5
82.35000000000001,32.96999999999994,30.0,29.5,29.5
82.4,32.75,29.799999999999915,29.5,29.5
82.45,32.75,29.75,29.5,29.5
82.5,32.75,29.75,29.5,29.5
82.55000000000001,32.75,29.75,29.5,29.5
82.60000000000001,32.75,29.950000000000085,29.5,29.5
82.65,32.75,30.0,29.5,29.5
82.7,32.75,29.8,29.5,29.5
82.75,32.75,29.95,29.5,29.5
82.80000000000001,32.75,30.0,29.5,29.5
82.85000000000001,32.78000000000006,29.799999999999915,29.5,29.5
82.9,33.0,29.75,29.5,29.5
82.95,33.0,29.75,29.5,29.5
83.0,32.97,29.75,29.5,29.5
83.05000000000001,32.75,29.950000000000056,29.5,29.5
83.10000000000001,32.75,30.0,29.5,29.5
83.15,32.75,29.799999999999915,29.5,29.5
83.2,32.75,29.75,29.5,29.5
83.25,32.75,29.75,29.5,29.5
83.30000000000001,32.75,29.75,29.5,29.5
83.35000000000001,32.75,29.75,29.5,29.5
83.4,32.75,29.75,29.5,29.5
83.45,32.75,29.75,29.5,29.5
83.5,32.75,29.75,29.5,29.5
83.55000000000001,32.75,29.75,29.5,29.5
83.60000000000001,32.75,29.950000000000085,29.5,29.5
83.65,32.75,30.0,29.5,29.5
83.7,32.75,30.0,29.5,29.5
83.75,32.75,30.0,29.5,29.5
83.80000000000001,32.75,29.799999999999944,29.5,29.5
83.85000000000001,32.75,29.75,29.5,29.5
83.9,32.75,29.75,29.5,29.5
83.95,32.75,29.75,29.5,29.5
84.0,32.75,29.75,29.5,29.53
84.05000000000001,32.75,29.75,29.5,29.75
84.10000000000001,32.75,29.75,29.5,29.719999999999942
84.15,32.75,29.75,29.5,29.5
84.2,32.75,29.95,29.5,29.5
84.25,32.75,29.8,29.5,29.5
84.30000000000001,32.75,29.75,29.5,29.5
84.35000000000001,32.75,29.75,29.5,29.5
84.4,32.75,29.75,29.5,29.5
84.45,32.75,29.75,29.5,29.5
84.5,32.78,29.75,29.5,29.5
84.55000000000001,33.0,29.75,29.5,29.5
84.60000000000001,32.96999999999994,29.75,29.5,29.5
84.65,32.75,29.75,29.5,29.5
84.7,32.75,29.75,29.5,29.5
84.75,32.75,29.75,29.5,29.5
84.80000000000001,32.75,29.75,29.5,29.5
84.85000000000001,32.75,29.950000000000085,29.5,29.5
84.9,32.75,30.0,29.5,29.5
84.95,32.75,29.8,29.5,29.5
85.0,32.75,29.75,29.5,29.5
85.05000000000001,32.75,29.75,29.5,29.5
85.10000000000001,32.75,29.75,29.5,29.5
85.15,32.75,29.75,29.5,29.5
85.2,32.75,29.75,29.5,29.5
85.25,32.75,29.75,29.5,29.5
85.30000000000001,32.75,29.75,29.5,29.5
85.35000000000001,32.75,29.75,29.5,29.5
85.4,32.75,29.75,29.5,29.5
85.45,32.75,29.75,29.5,29.5
85.5,32.75,29.75,29.5,29.5
85.55000000000001,32.75,29.75,29.5,29.5
85.60000000000001,32.75,29.950000000000085,29.5,29.5
85.65,32.75,30.0,29.5,29.5
85.7,32.75,30.0,29.5,29.5
85.75,32.75,29.8,29.5,29.5
85.80000000000001,32.75,29.950000000000056,29.5,29.5
85.85000000000001,32.75,30.0,29.5,29.5
85.9,32.75,29.799999999999915,29.5,29.5
85.95,32.75,29.95,29.5,29.5
86.0,32.78,30.0,29.5,29.5
86.05000000000001,32.97999999999991,30.0,29.5,29.5
86.10000000000001,32.75,29.799999999999915,29.5,29.5
86.15,32.75,29.75,29.5,29.5
86.2,32.77,29.75,29.5,29.5
86.25,33.0,29.75,29.5,29.5
86.30000000000001,32.97999999999991,29.75,29.5,29.5
86.35000000000001,32.75,29.75,29.5,29.5
86.4,32.75,29.75,29.5,29.5
86.45,32.75,29.75,29.5,29.5
86.5,32.75,29.75,29.5,29.5
86.55000000000001,32.75,29.75,29.5,29.5
86.60000000000001,32.75,29.75,29.5,29.5
86.65,32.75,29.75,29.5,29.5
86.7,32.75,29.95,29.5,29.5
86.75,32.75,30.0,29.5,29.5
86.80000000000001,32.75,29.799999999999944,29.5,29.5
86.85000000000001,32.75,29.75,29.5,29.5
86.9,32.75,29.75,29.5,29.5
86.95,32.75,29.95,29.5,29.5
87.0,32.75,29.8,29.5,29.5
87.05000000000001,32.75,29.75,29.5,29.5
87.10000000000001,32.75,29.75,29.5,29.5
87.15,32.75,29.75,29.5,29.5
87.2,32.75,29.75,29.5,29.5
87.25,32.78,29.75,29.5,29.5
87.30000000000001,33.0,29.75,29.5,29.5
87.35000000000001,32.96999999999994,29.75,29.5,29.5
87.4,32.75,29.75,29.5,29.5
87.45,32.75,29.75,29.5,29.5
87.5,32.75,29.75,29.5,29.5
87.55000000000001,32.77000000000009,29.75,29.5,29.5
87.60000000000001,33.0,29.75,29.5,29.5
87.65,32.97999999999991,29.75,29.5,29.5
87.7,32.75,29.75,29.5,29.5
87.75,32.75,29.75,29.5,29.5
87.80000000000001,32.75,29.75,29.5,29.5
87.85000000000001,32.75,29.75,29.5,29.5
87.9,32.75,29.950000000000085,29.5,29.5
87.95,32.75,30.0,29.5,29.5
88.0,32.75,29.8,29.5,29.5
88.05000000000001,32.75,29.75,29.5,29.5
88.10000000000001,32.75,29.75,29.5,29.5
88.15,32.75,29.75,29.5,29.5
88.2,32.75,29.75,29.5,29.5
88.25,32.75,29.75,29.5,29.5
88.30000000000001,32.75,29.75,29.5,29.5
88.35000000000001,32.78000000000006,29.75,29.5,29.5
88.4,33.0,29.75,29.5,29.5
88.45,32.98,29.75,29.5,29.5
88.5,32.75,29.75,29.5,29.5
88.55000000000001,32.75,29.75,29.5,29.5
88.60000000000001,32.75,29.75,29.5,29.5
88.65,32.75,29.75,29.5,29.5
88.7,32.75,29.75,29.5,29.5
88.75,32.75,29.75,29.5,29.5
88.80000000000001,32.75,29.75,29.5,29.5
88.85000000000001,32.75,29.75,29.5,29.5
88.9,32.75,29.75,29.5,29.5
88.95,32.75,29.75,29.5,29.5
89.0,32.75,29.95,29.5,29.5
89.05000000000001,32.75,30.0,29.5,29.5
89.10000000000001,32.75,29.799999999999915,29.5,29.5
89.15,32.75,29.75,29.5,29.5
89.2,32.75,29.75,29.5,29.5
89.25,32.75,29.75,29.5,29.5
89.30000000000001,32.75,29.75,29.5,29.5
89.35000000000001,32.75,29.75,29.5,29.5
89.4,32.75,29.75,29.5,29.5
89.45,32.75,29.75,29.5,29.5
89.5,32.75,29.75,29.5,29.5
89.55000000000001,32.75,29.75,29.5,29.5
89.60000000000001,32.75,29.75,29.5,29.5
89.65,32.75,29.75,29.5,29.5
89.7,32.75,29.75,29.5,29.5
89.75,32.75,29.75,29.5,29.5
89.80000000000001,32.75,29.75,29.5,29.5
89.85000000000001,32.75,29.75,29.5,29.5
89.9,32.75,29.75,29.5,29.5
89.95,32.75,29.75,29.5,29.5
90.0,32.75,29.95,29.5,29.5
90.05000000000001,32.75,29.799999999999944,29.5,29.5
90.10000000000001,32.75,29.75,29.5,29.5
90.15,32.75,29.75,29.5,29.5
90.2,32.75,29.75,29.5,29.5
90.25,32.75,29.75,29.5,29.5
90.30000000000001,32.75,29.75,29.5,29.5
90.35000000000001,32.75,29.75,29.5,29.5
90.4,32.75,29.75,29.5,29.5
90.45,32.75,29.75,29.5,29.5
90.5,32.75,29.75,29.5,29.5
90.55000000000001,32.75,29.75,29.5,29.5
90.60000000000001,32.75,29.75,29.5,29.5
90.65,32.75,29.75,29.5,29.5
90.7,32.75,29.75,29.5,29.5
90.75,32.75,29.75,29.5,29.5
90.80000000000001,32.75,29.75,29.5,29.5
90.85000000000001,32.75,29.75,29.5,29.5
90.9,32.75,29.75,29.5,29.5
90.95,32.75,29.75,29.5,29.5
91.0,32.75,29.75,29.5,29.47
91.05000000000001,32.75,29.75,29.5,29.270000000000085
91.10000000000001,32.75,29.75,29.5,29.5
91.15,32.75,29.75,29.5,29.5
91.2,32.77,29.75,29.5,29.5
91.25,33.0,29.75,29.5,29.5
91.30000000000001,32.97999999999991,29.75,29.5,29.5
91.35000000000001,32.75,29.75,29.5,29.5
91.4,32.75,29.75,29.5,29.5
91.45,32.75,29.75,29.5,29.5
91.5,32.75,29.75,29.5,29.5
91.55000000000001,32.75,29.75,29.5,29.5
91.60000000000001,32.75,29.75,29.5,29.5
91.65,32.75,29.75,29.5,29.5
91.7,32.75,29.75,29.5,29.5
91.75,32.75,29.75,29.5,29.5
91.80000000000001,32.75,29.950000000000056,29.5,29.5
91.85000000000001,32.75,29.799999999999915,29.5,29.5
91.9,32.75,29.75,29.5,29.5
91.95,32.75,29.75,29.5,29.5
92.0,32.75,29.75,29.5,29.5
92.05000000000001,32.75,29.75,29.5,29.5
92.10000000000001,32.75,29.75,29.5,29.5
92.15,32.75,29.75,29.5,29.5
92.2,32.75,29.75,29.5,29.5
92.25,32.75,29.75,29.5,29.5
92.30000000000001,32.75,29.75,29.5,29.5
92.35000000000001,32.75,29.75,29.5,29.5
92.4,32.75,29.75,29.5,29.5
92.45,32.75,29.75,29.5,29.5
92.5,32.75,29.75,29.5,29.5
92.55000000000001,32.75,29.75,29.5,29.5
92.60000000000001,32.75,29.75,29.5,29.5
92.65,32.75,29.75,29.5,29.5
92.7,32.75,29.75,29.5,29.5
92.75,32.75,29.95,29.5,29.5
92.80000000000001,32.75,29.799999999999944,29.5,29.5
92.85000000000001,32.75,29.75,29.5,29.5
92.9,32.75,29.75,29.5,29.5
92.95,32.75,29.75,29.5,29.5
93.0,32.75,29.75,29.5,29.5
93.05000000000001,32.75,29.950000000000056,29.5,29.5
93.10000000000001,32.75,29.799999999999915,29.5,29.5
93.15,32.77000000000009,29.75,29.5,29.5
93.2,32.98,29.75,29.5,29.5
93.25,32.75,29.75,29.5,29.5
93.30000000000001,32.75,29.75,29.5,29.5
93.35000000000001,32.75,29.75,29.5,29.5
93.4,32.75,29.75,29.5,29.5
93.45,32.75,29.75,29.5,29.5
93.5,32.75,29.75,29.5,29.5
93.55000000000001,32.75,29.75,29.5,29.5
93.60000000000001,32.75,29.75,29.5,29.5
93.65,32.75,29.75,29.5,29.5
93.7,32.75,29.75,29.5,29.5
93.75,32.75,29.75,29.5,29.5
93.80000000000001,32.75,29.75,29.5,29.5
93.85000000000001,32.75,29.75,29.5,29.5
93.9,32.75,29.75,29.5,29.5
93.95,32.75,29.75,29.5,29.5
94.0,32.75,29.95,29.5,29.5
94.05000000000001,32.75,30.0,29.5,29.5
94.10000000000001,32.75,29.799999999999915,29.5,29.5
94.15,32.75,29.75,29.5,29.5
94.2,32.75,29.75,29.5,29.5
94.25,32.75,29.75,29.5,29.5
94.30000000000001,32.75,29.75,29.5,29.5
94.35000000000001,32.75,29.75,29.5,29.5
94.4,32.75,29.75,29.5,29.5
94.45,32.75,29.75,29.5,29.5
94.5,32.75,29.75,29.5,29.5
94.55000000000001,32.75,29.75,29.5,29.5
94.60000000000001,32.75,29.75,29.5,29.5
94.65,32.77000000000009,29.75,29.5,29.5
94.7,32.98,29.75,29.5,29.5
94.75,32.75,29.75,29.5,29.5
94.80000000000001,32.75,29.75,29.5,29.5
94.85000000000001,32.75,29.75,29.5,29.5
94.9,32.75,29.950000000000085,29.5,29.5
94.95,32.75,30.0,29.5,29.5
95.0,32.75,29.8,29.5,29.5
95.05000000000001,32.75,29.75,29.5,29.5
95.10000000000001,32.75,29.75,29.5,29.5
95.15,32.75,29.950000000000085,29.5,29.5
95.2,32.75,29.8,29.5,29.5
95.25,32.75,29.75,29.5,29.5
95.30000000000001,32.75,29.75,29.5,29.5
95.35000000000001,32.75,29.75,29.5,29.5
95.4,32.75,29.75,29.5,29.5
95.45,32.75,29.75,29.5,29.5
95.5,32.75,29.75,29.5,29.5
95.55000000000001,32.75,29.75,29.5,29.5
95.60000000000001,32.75,29.75,29.5,29.5
95.65,32.75,29.75,29.5,29.5
95.7,32.75,29.75,29.5,29.5
95.75,32.75,29.75,29.5,29.5
95.80000000000001,32.75,29.950000000000056,29.5,29.5
95.85000000000001,32.75,29.799999999999915,29.5,29.5
95.9,32.75,29.75,29.5,29.5
95.95,32.75,29.75,29.5,29.5
96.0,32.75,29.75,29.5,29.5
96.05000000000001,32.75,29.75,29.5,29.5
96.10000000000001,32.75,29.950000000000085,29.5,29.5
96.15,32.75,29.799999999999915,29.5,29.5
96.2,32.75,29.75,29.5,29.5
96.25,32.75,29.75,29.5,29.5
96.30000000000001,32.75,29.75,29.5,29.5
96.35000000000001,32.75,29.75,29.5,29.5
96.4,32.75,29.75,29.5,29.5
96.45,32.75,29.75,29.5,29.5
96.5,32.75,29.75,29.5,29.5
96.55000000000001,32.75,29.75,29.5,29.5
96.60000000000001,32.75,29.75,29.5,29.5
96.65,32.75,29.75,29.5,29.5
96.7,32.75,29.75,29.5,29.5
96.75,32.75,29.75,29.5,29.5
96.80000000000001,32.75,29.75,29.5,29.5
96.85000000000001,32.75,29.75,29.5,29.5
96.9,32.75,29.75,29.5,29.5
96.95,32.75,29.75,29.5,29.5
97.0,32.75,29.75,29.5,29.5
97.05000000000001,32.75,29.75,29.5,29.5
97.10000000000001,32.75,29.75,29.5,29.5
97.15,32.75,29.75,29.5,29.5
97.2,32.75,29.75,29.5,29.5
97.25,32.75,29.75,29.5,29.5
97.30000000000001,32.75,29.75,29.5,29.5
97.35000000000001,32.75,29.75,29.5,29.5
97.4,32.75,29.75,29.5,29.5
97.45,32.75,29.75,29.5,29.5
97.5,32.75,29.75,29.5,29.5
97.55000000000001,32.75,29.75,29.5,29.5
97.60000000000001,32.75,29.75,29.5,29.5
97.65,32.75,29.75,29.5,29.5
97.7,32.75,29.75,29.5,29.5
97.75,32.75,29.95,29.5,29.5
97.80000000000001,32.75,29.799999999999944,29.5,29.5
97.85000000000001,32.75,29.75,29.5,29.5
97.9,32.75,29.75,29.5,29.5
97.95,32.75,29.75,29.5,29.5
98.0,32.75,29.75,29.5,29.5
98.05000000000001,32.75,29.950000000000056,29.5,29.5
98.10000000000001,32.75,29.799999999999915,29.5,29.5
98.15,32.75,29.75,29.5,29.5
98.2,32.75,29.75,29.5,29.5
98.25,32.75,29.75,29.3,29.5
98.30000000000001,32.75,29.75,29.450000000000056,29.5
98.35000000000001,32.75,29.75,29.5,29.5
98.4,32.75,29.75,29.5,29.5
98.45,32.75,29.75,29.5,29.5
98.5,32.75,29.75,29.5,29.5
98.55000000000001,32.75,29.75,29.5,29.5
98.60000000000001,32.75,29.75,29.5,29.5
98.65,32.75,29.75,29.5,29.5
98.7,32.75,29.75,29.5,29.5
98.75,32.75,29.75,29.5,29.5
98.80000000000001,32.75,29.75,29.5,29.5
98.85000000000001,32.75,29.75,29.5,29.5
98.9,32.75,29.75,29.5,29.5
98.95,32.75,29.75,29.5,29.5
99.0,32.75,29.75,29.5,29.5
99.05000000000001,32.75,29.75,29.5,29.5
99.10000000000001,32.75,29.75,29.5,29.5
99.15,32.75,29.75,29.5,29.5
99.2,32.75,29.75,29.5,29.5
99.25,32.75,29.75,29.5,29.5
99.30000000000001,32.75,29.75,29.5,29.5
99.35000000000001,32.75,29.75,29.5,29.5
99.4,32.75,29.75,29.5,29.5
99.45,32.75,29.75,29.5,29.5
99.5,32.75,29.75,29.5,29.5
99.55000000000001,32.75,29.75,29.5,29.5
99.60000000000001,32.75,29.75,29.5,29.5
99.65,32.75,29.75,29.5,29.5
99.7,32.75,29.75,29.5,29.5
99.75,32.75,29.75,29.5,29.5
99.80000000000001,32.75,29.75,29.5,29.5
99.85000000000001,32.75,29.75,29.5,29.5
99.9,32.75,29.75,29.5,29.5
99.95,32.75,29.75,29.5,29.5
100.0,32.75,29.75,29.5,29.5
