time (s),T1 (C),T2 (C),T3 (C),T4 (C),T5 (C)
0.0,25.5,25.5,25.0,25.25,25.75
0.05,25.5,25.5,25.0,25.25,25.75
0.1,25.5,25.5,25.0,25.25,25.75
0.15000000000000002,25.5,25.5,25.0,25.25,25.75
0.2,25.75,25.5,25.0,25.25,25.75
0.25,25.75,25.5,25.0,25.5,25.75
0.30000000000000004,25.75,25.5,25.0,25.5,25.75
0.35000000000000003,25.5,25.5,25.0,25.250000000000004,25.75
0.4,25.5,25.5,25.0,25.5,25.75
0.45,25.5,25.5,25.0,25.5,26.0
0.5,25.5,25.5,25.0,25.75,26.25
0.55,25.5,25.5,25.0,26.0,26.5
0.6000000000000001,25.5,25.5,25.0,26.25,27.0
0.65,25.75,25.5,25.0,26.75,27.25
0.7000000000000001,25.75,25.5,25.0,27.25,27.5
0.75,25.75,25.5,25.25,27.5,28.25
0.8,25.75,25.5,25.25,28.5,28.75
0.8500000000000001,26.0,25.5,25.25,29.0,29.25
0.9,26.0,25.75,25.5,29.5,30.25
0.9500000000000001,26.0,25.75,25.5,30.5,30.75
1.0,26.25,25.75,25.5,31.25,31.25
1.05,26.25,26.0,25.75,31.75,32.5
1.1,26.5,26.0,26.0,33.0,33.0
1.1500000000000001,26.75,26.00000000000001,26.0,34.250000000000014,33.500000000000014
1.2000000000000002,27.0,26.25,26.5,35.0,34.75
1.25,27.0,26.25,26.75,35.5,35.25
1.3,27.5,26.5,26.75,36.75,35.75
1.35,27.75,26.5,27.0,37.5,36.75
1.4000000000000001,27.75,26.75,27.25,38.0,37.25
1.4500000000000002,28.25,27.0,27.25,39.0,37.5
1.5,28.5,27.25,27.75,39.5,38.25
1.55,28.5,27.25,28.0,40.0,38.75
1.6,28.75,27.5,28.0,40.75,39.0
1.6500000000000001,29.0,27.75,28.5,41.25,39.75
1.7000000000000002,29.0,27.75000000000002,29.0,41.50000000000002,40.0
1.75,29.5,28.0,29.0,42.25,40.25
1.8,30.0,28.25,29.25,42.5,40.75
1.85,30.0,28.25,29.5,42.75,41.0
1.9000000000000001,30.0,28.50000000000001,29.5,43.5,41.000000000000014
1.9500000000000002,30.5,28.75,30.0,43.75,41.5
2.0,30.5,29.0,30.5,43.75,41.75
2.0500000000000003,30.75,29.25,30.5,44.25,41.75
2.1,31.25,29.5,30.75,44.5,42.25
2.15,31.25,29.5,31.0,44.5,42.5
2.2,31.25,29.75000000000002,31.0,45.0,42.5
2.25,31.75,30.0,31.25,45.25,42.5
2.3000000000000003,31.75,30.0,31.75,45.25,42.75
2.35,32.0,30.25,31.75,45.5,42.75
2.4000000000000004,32.25,30.5,32.0,45.5,43.0
2.45,32.25,30.50000000000002,32.25,45.50000000000002,43.0
2.5,32.5,30.75,32.25,45.75,43.0
2.5500000000000003,32.75,31.0,32.5,45.75,43.25
2.6,32.75,31.0,32.75,45.75,43.5
2.6500000000000004,33.0,31.25000000000002,32.75,46.00000000000002,43.5
2.7,33.0,31.5,33.0,46.25,43.50000000000002
2.75,33.0,31.5,33.5,46.25,43.75
2.8000000000000003,33.25,31.75,33.5,46.25,43.75
2.85,33.5,32.0,33.5,46.25,43.75
2.9000000000000004,33.5,32.00000000000002,33.75,46.25000000000002,43.75
2.95,33.75,32.25,34.0,46.5,43.75000000000002
3.0,34.0,32.25,34.0,46.5,44.0
3.0500000000000003,34.0,32.25,34.25,46.5,44.0
3.1,34.0,32.5,34.5,46.5,44.25
3.1500000000000004,34.25,32.75,34.5,46.5,44.25
3.2,34.25,32.75000000000002,34.75,46.5,44.25
3.25,34.25,33.0,34.75,46.5,44.25
3.3000000000000003,34.5,33.0,34.75,46.75,44.25
3.35,34.5,33.0,35.0,46.75,44.25
3.4000000000000004,34.75,33.25000000000002,35.25,46.75,44.5
3.45,34.75,33.5,35.25,46.75,44.49999999999998
3.5,34.75,33.5,35.5,46.75,44.25
3.5500000000000003,35.0,33.5,35.5,46.75,44.5
3.6,35.0,33.75,35.5,46.75,44.5
3.6500000000000004,35.0,33.75,35.75,46.75,44.5
3.7,35.25,34.0,36.0,46.75,44.75
3.75,35.25,34.0,36.0,46.75,44.75
3.8000000000000003,35.25,34.25,36.0,46.75,44.75
3.85,35.25,34.25,36.25,46.75,44.75
3.9000000000000004,35.5,34.25,36.25,46.75,44.75
3.95,35.5,34.5,36.25,46.75,44.75
4.0,35.5,34.5,36.5,46.75,44.75
4.05,35.75,34.5,36.5,46.75,44.75
4.1000000000000005,35.75,34.75,36.5,46.75,44.75000000000004
4.15,35.75,34.75,36.5,46.75,45.0
4.2,36.0,34.75,36.5,46.75,45.0
4.25,36.0,35.0,36.75,46.75,45.0
4.3,36.0,35.0,37.0,46.75,45.0
4.3500000000000005,36.0,35.00000000000004,37.0,46.75,45.0
4.4,36.25,35.25,37.0,46.75,45.0
4.45,36.25,35.25,37.0,46.75,45.0
4.5,36.25,35.25,37.0,46.75,45.0
4.55,36.25,35.5,37.25,46.75,45.0
4.6000000000000005,36.25,35.5,37.25,46.75,45.0
4.65,36.25,35.5,37.25,46.75,45.0
4.7,36.5,35.75,37.5,46.75,45.0
4.75,36.5,35.75,37.5,46.75,45.25
4.800000000000001,36.5,35.75,37.5,46.75,45.25
4.8500000000000005,36.5,35.75,37.5,46.75,45.25
4.9,36.5,35.75,37.75,46.75,45.25
4.95,36.75,35.75,37.75,46.5,45.25
5.0,36.75,36.0,37.75,46.5,45.25
5.050000000000001,36.75,36.00000000000004,37.75,46.50000000000004,45.25
5.1000000000000005,36.75,36.25,37.75,46.74999999999996,45.25
5.15,36.75,36.25,38.0,46.5,45.25
5.2,36.75,36.25,38.0,46.5,45.25
5.25,36.75,36.25,38.0,46.75,45.25
5.300000000000001,37.0,36.5,38.0,46.5,45.25
5.3500000000000005,37.0,36.49999999999996,38.25,46.5,45.25
5.4,37.0,36.25,38.25,46.5,45.25
5.45,37.0,36.5,38.25,46.5,45.25
5.5,37.0,36.5,38.25,46.5,45.25
5.550000000000001,37.0,36.5,38.25,46.5,45.25000000000004
5.6000000000000005,37.0,36.5,38.5,46.5,45.49999999999996
5.65,37.0,36.5,38.5,46.5,45.25
5.7,37.25,36.75,38.5,46.5,45.25
5.75,37.25,36.75,38.5,46.5,45.25
5.800000000000001,37.25,36.75,38.75,46.5,45.5
5.8500000000000005,37.25,36.75000000000004,38.75,46.5,45.5
5.9,37.25,37.0,38.75,46.5,45.5
5.95,37.25,37.0,38.75,46.5,45.5
6.0,37.25,37.0,38.75,46.5,45.5
6.050000000000001,37.25,37.0,38.75,46.5,45.5
6.1000000000000005,37.25,37.00000000000004,38.75,46.5,45.5
6.15,37.5,37.25,39.0,46.5,45.5
6.2,37.5,37.25,39.0,46.25,45.5
6.25,37.5,37.25,39.0,46.25,45.5
6.300000000000001,37.5,37.25,39.0,46.25,45.5
6.3500000000000005,37.5,37.25,39.0,46.25,45.5
6.4,37.5,37.25,39.0,46.25,45.5
6.45,37.5,37.5,39.25,46.25,45.5
6.5,37.5,37.5,39.25,46.25,45.5
6.550000000000001,37.5,37.5,39.25,46.25,45.5
6.6000000000000005,37.75,37.5,39.25,46.25,45.5
6.65,37.75,37.5,39.25,46.25,45.5
6.7,37.75,37.5,39.25,46.25,45.5
6.75,37.5,37.75,39.25,46.25,45.5
6.800000000000001,37.75,37.75,39.25,46.25,45.5
6.8500000000000005,37.75,37.75,39.25,46.25,45.5
6.9,37.75,37.75,39.5,46.25,45.5
6.95,37.75,37.75,39.5,46.25,45.5
7.0,37.75,37.75,39.5,46.25,45.5
7.050000000000001,37.75,38.0,39.5,46.0,45.5
7.1000000000000005,37.75,38.0,39.5,46.0,45.5
7.15,37.75,38.0,39.5,46.0,45.5
7.2,38.0,38.0,39.5,46.0,45.5
7.25,38.0,38.0,39.5,46.0,45.5
7.300000000000001,38.0,38.0,39.5,46.0,45.5
7.3500000000000005,38.0,38.00000000000004,39.5,46.0,45.5
7.4,38.0,38.25,39.5,46.0,45.5
7.45,38.0,38.25,39.5,46.0,45.5
7.5,38.0,38.25,39.75,45.75,45.5
7.550000000000001,38.0,38.25,39.75,46.0,45.5
7.6000000000000005,38.0,38.25,39.75,45.99999999999996,45.5
7.65,38.0,38.25,39.75,45.75,45.5
7.7,38.0,38.25,39.75,45.75,45.5
7.75,38.0,38.25,39.75,45.75,45.5
7.800000000000001,38.0,38.25000000000004,39.75,45.75,45.5
7.8500000000000005,38.0,38.5,39.75,45.75,45.5
7.9,38.0,38.5,39.75,45.75,45.5
7.95,38.0,38.5,39.5,45.75,45.5
8.0,38.0,38.5,39.5,45.75,45.5
8.05,38.25,38.5,39.75,45.5,45.5
8.1,38.25,38.5,40.0,45.5,45.5
8.15,38.25,38.5,40.0,45.5,45.5
8.200000000000001,38.25,38.5,40.0,45.5,45.5
8.25,38.25,38.5,40.0,45.5,45.5
8.3,38.0,38.5,40.0,45.5,45.5
8.35,38.25,38.75,40.0,45.5,45.5
8.4,38.25,38.75,40.0,45.5,45.5
8.450000000000001,38.25,38.75,40.0,45.5,45.5
8.5,38.25,38.75,40.0,45.5,45.5
8.55,38.25,38.75,40.0,45.5,45.5
8.6,38.25,38.75,40.0,45.5,45.5
8.65,38.25,39.0,40.0,45.5,45.5
8.700000000000001,38.25,39.0,40.0,45.5,45.5
8.75,38.25,39.0,40.0,45.5,45.5
8.8,38.25,39.0,40.0,45.5,45.5
8.85,38.25,39.0,40.0,45.5,45.5
8.9,38.25,39.0,40.0,45.5,45.5
8.950000000000001,38.25,39.0,40.0,45.25,45.5
9.0,38.25,39.0,40.25,45.25,45.5
9.05,38.25,39.0,40.25,45.25,45.5
9.1,38.25,39.0,40.25,45.25,45.5
9.15,38.25,39.0,40.25,45.25,45.5
9.200000000000001,38.25,39.0,40.25,45.25,45.5
9.25,38.25,39.25,40.25,45.25,45.5
9.3,38.25,39.25,40.25,45.25,45.5
9.35,38.25,39.25,40.25,45.25,45.5
9.4,38.25,39.25,40.25,45.25,45.5
9.450000000000001,38.25,39.25,40.25,45.25,45.5
9.5,38.5,39.25,40.25,45.25,45.5
9.55,38.5,39.25,40.25,45.25,45.5
9.600000000000001,38.5,39.25,40.25,45.25,45.5
9.65,38.5,39.25,40.25,45.0,45.5
9.700000000000001,38.5,39.25,40.25,45.0,45.5
9.75,38.5,39.25,40.25,45.0,45.5
9.8,38.5,39.25,40.25,45.0,45.5
9.850000000000001,38.5,39.25,40.25,45.0,45.5
9.9,38.5,39.25,40.25,45.0,45.5
9.950000000000001,38.25,39.25,40.25,45.0,45.5
10.0,38.5,39.25,40.25,45.0,45.5
10.05,38.5,39.25,40.25,45.0,45.5
10.100000000000001,38.5,39.25,40.25,45.0,45.5
10.15,38.5,39.25,40.25,44.75,45.5
10.200000000000001,38.5,39.25,40.5,44.75,45.5
10.25,38.5,39.25,40.5,45.0,45.5
10.3,38.5,39.25,40.5,44.75,45.5
10.350000000000001,38.5,39.5,40.5,44.75,45.5
10.4,38.5,39.5,40.5,44.75,45.5
10.450000000000001,38.5,39.25,40.5,44.75,45.5
10.5,38.5,39.25,40.5,44.75,45.5
10.55,38.5,39.25,40.5,44.75,45.5
10.600000000000001,38.5,39.5,40.5,44.75,45.5
10.65,38.5,39.5,40.5,44.75,45.5
10.700000000000001,38.5,39.5,40.5,44.75,45.5
10.75,38.5,39.5,40.5,44.5,45.5
10.8,38.5,39.5,40.5,44.5,45.5
10.850000000000001,38.5,39.5,40.5,44.75,45.5
10.9,38.5,39.5,40.5,44.5,45.5
10.950000000000001,38.5,39.5,40.5,44.5,45.5
11.0,38.5,39.5,40.5,44.5,45.5
11.05,38.5,39.5,40.5,44.5,45.5
11.100000000000001,38.5,39.75,40.5,44.5,45.5
11.15,38.5,39.75,40.5,44.5,45.5
11.200000000000001,38.5,39.5,40.5,44.5,45.5
11.25,38.5,39.5,40.5,44.5,45.5
11.3,38.5,39.5,40.5,44.5,45.5
11.350000000000001,38.5,39.5,40.5,44.5,45.5
11.4,38.5,39.75,40.5,44.5,45.5
11.450000000000001,38.5,39.75,40.5,44.5,45.5
11.5,38.5,39.75,40.5,44.25,45.5
11.55,38.5,39.75,40.5,44.25,45.5
11.600000000000001,38.5,39.75,40.75,44.25,45.5
11.65,38.5,39.75,40.75,44.5,45.5
11.700000000000001,38.5,39.75,40.75,44.25,45.5
11.75,38.5,39.75,40.5,44.25,45.5
11.8,38.5,39.75,40.5,44.25,45.5
11.850000000000001,38.5,39.75,40.75,44.25,45.5
11.9,38.5,39.75,40.75,44.25,45.5
11.950000000000001,38.5,39.75,40.75,44.25,45.5
12.0,38.5,39.75,40.5,44.25,45.5
12.05,38.5,39.75,40.75,44.25,45.5
12.100000000000001,38.5,39.75,40.75,44.25,45.5
12.15,38.5,40.0,40.75,44.25,45.5
12.200000000000001,38.5,40.0,40.5,44.25,45.5
12.25,38.5,39.75,40.5,44.0,45.5
12.3,38.5,39.75,40.75,44.0,45.5
12.350000000000001,38.5,39.75,40.75,44.0,45.5
12.4,38.5,40.0,40.75,44.0,45.5
12.450000000000001,38.5,39.75,40.75,44.0,45.25
12.5,38.5,39.75,40.75,44.0,45.5
12.55,38.5,40.0,40.75,44.0,45.5
12.600000000000001,38.5,39.75,40.75,44.0,45.5
12.65,38.5,39.75,40.75,44.0,45.5
12.700000000000001,38.5,40.0,40.75,44.0,45.5
12.75,38.5,40.0,40.75,44.0,45.5
12.8,38.5,40.0,40.75,44.0,45.5
12.850000000000001,38.5,40.0,40.75,44.0,45.5
12.9,38.5,40.0,40.75,44.0,45.5
12.950000000000001,38.5,40.0,40.75,44.0,45.5
13.0,38.5,40.0,40.75,43.75,45.25
13.05,38.5,40.0,40.75,43.75,45.25
13.100000000000001,38.5,40.0,40.75,43.75,45.5
13.15,38.5,40.0,40.75,43.75,45.5
13.200000000000001,38.5,40.0,40.75,43.75,45.5
13.25,38.5,40.0,40.75,43.75,45.5
13.3,38.5,40.0,40.75,43.75,45.25
13.350000000000001,38.5,40.0,40.75,43.75,45.25
13.4,38.5,40.0,40.75,43.75,45.25
13.450000000000001,38.5,40.0,40.75,43.5,45.5
13.5,38.5,40.0,40.75,43.75,45.5
13.55,38.5,40.0,40.75,43.75,45.5
13.600000000000001,38.5,40.0,40.75,43.75,45.25
13.65,38.5,40.0,40.75,43.75,45.25
13.700000000000001,38.5,40.25,40.75,43.75,45.25
13.75,38.5,40.25,40.75,43.75,45.5
13.8,38.5,40.25,40.75,43.75,45.5
13.850000000000001,38.5,40.25,40.75,43.75,45.25
13.9,38.5,40.25,40.75,43.5,45.25
13.950000000000001,38.5,40.25,40.75,43.5,45.25
14.0,38.5,40.25,40.75,43.5,45.25
14.05,38.5,40.25,40.75,43.5,45.25
14.100000000000001,38.5,40.25,40.75,43.5,45.25
14.15,38.5,40.25,40.75,43.5,45.25
14.200000000000001,38.5,40.25,40.75,43.5,45.25
14.25,38.5,40.25,40.75,43.5,45.25
14.3,38.5,40.25,40.75,43.5,45.25
14.350000000000001,38.5,40.25,40.75,43.5,45.25
14.4,38.5,40.25,40.75,43.5,45.25
14.450000000000001,38.5,40.25,41.0,43.5,45.25
14.5,38.5,40.25,40.75,43.5,45.25
14.55,38.5,40.25,40.75,43.5,45.25
14.600000000000001,38.5,40.25,41.0,43.5,45.25
14.65,38.5,40.25,41.0,43.5,45.25
14.700000000000001,38.5,40.25,41.0,43.25,45.25
14.75,38.5,40.25,41.0,43.25,45.25
14.8,38.5,40.25,41.0,43.25,45.25
14.850000000000001,38.5,40.25,41.0,43.25,45.25
14.9,38.5,40.25,40.75,43.25,45.25
14.950000000000001,38.5,40.25,41.0,43.25,45.25
15.0,38.25,40.25,41.0,43.25,45.25
15.05,38.5,40.25,41.0,43.25,45.25
15.100000000000001,38.5,40.25,41.0,43.25,45.25
15.15,38.5,40.25,41.0,43.25,45.25
15.200000000000001,38.5,40.25,41.0,43.25,45.25
15.25,38.5,40.25,41.0,43.25,45.25
15.3,38.5,40.25,41.0,43.25,45.25
15.350000000000001,38.25,40.25,41.0,43.25,45.25
15.4,38.25,40.25,41.0,43.25,45.25
15.450000000000001,38.5,40.25,41.0,43.0,45.25
15.5,38.25,40.25,41.0,43.0,45.25
15.55,38.25,40.25,41.0,43.0,45.25
15.600000000000001,38.25,40.5,41.0,43.0,45.25
15.65,38.25,40.25,41.0,43.0,45.25
15.700000000000001,38.25,40.25,41.0,43.0,45.25
15.75,38.5,40.25,41.0,43.0,45.25
15.8,38.25,40.25,41.0,43.0,45.25
15.850000000000001,38.25,40.25,41.0,43.0,45.25
15.9,38.25,40.25,41.0,43.0,45.25
15.950000000000001,38.5,40.25,41.0,43.0,45.25
16.0,38.5,40.25,41.0,43.0,45.25
16.05,38.25,40.25,41.0,43.0,45.25
16.1,38.25,40.25,41.0,43.0,45.25
16.150000000000002,38.25,40.25000000000018,41.0,43.0,45.25
16.2,38.25,40.5,41.0,43.0,45.25
16.25,38.5,40.5,41.0,43.0,45.25
16.3,38.5,40.5,41.0,43.0,45.25
16.35,38.5,40.5,41.0,43.0,45.25
16.400000000000002,38.5,40.5,41.0,43.0,45.25
16.45,38.5,40.5,41.0,43.0,45.25
16.5,38.25,40.5,41.0,43.0,45.25
16.55,38.5,40.25,41.0,42.75,45.25
16.6,38.5,40.25,41.0,42.75,45.25
16.650000000000002,38.5,40.5,41.0,43.0,45.25
16.7,38.25,40.5,41.0,43.0,45.25
16.75,38.25,40.5,41.0,43.0,45.25
16.8,38.25,40.5,41.0,42.75,45.25
16.85,38.5,40.5,41.0,42.75,45.25
16.900000000000002,38.5,40.49999999999982,41.0,42.75,45.25
16.95,38.25,40.25,41.0,42.75,45.25
17.0,38.5,40.5,41.0,42.75,45.25
17.05,38.5,40.5,41.0,42.75,45.25
17.1,38.25,40.5,41.0,42.75,45.0
17.150000000000002,38.25,40.5,41.0,42.75,45.00000000000018
17.2,38.25,40.5,41.0,42.75,45.25
17.25,38.5,40.5,41.0,42.75,45.25
17.3,38.5,40.5,41.0,42.75,45.25
17.35,38.5,40.5,41.0,42.75,45.25
17.400000000000002,38.25,40.5,41.0,42.75,45.25
17.45,38.25,40.5,41.0,42.75,45.25
17.5,38.25,40.5,41.0,42.75,45.25
17.55,38.5,40.5,41.0,42.5,45.0
17.6,38.25,40.5,41.0,42.75,45.0
17.650000000000002,38.25,40.5,41.0,42.5,45.25
17.7,38.25,40.5,41.0,42.5,45.25
17.75,38.25,40.5,41.0,42.5,45.25
17.8,38.25,40.5,41.0,42.5,45.0
17.85,38.25,40.5,41.0,42.5,45.25
17.900000000000002,38.25,40.5,41.0,42.5,45.24999999999982
17.95,38.25,40.5,41.0,42.5,45.0
18.0,38.25,40.5,41.0,42.5,45.25
18.05,38.25,40.5,41.0,42.5,45.25
18.1,38.25,40.75,41.0,42.5,45.0
18.150000000000002,38.25,40.74999999999982,41.0,42.5,45.25
18.2,38.25,40.5,41.0,42.5,45.25
18.25,38.25,40.5,41.0,42.5,45.25
18.3,38.25,40.5,41.0,42.5,45.25
18.35,38.25,40.5,41.0,42.25,45.25
18.400000000000002,38.25,40.75,41.0,42.5,45.25
18.45,38.25,40.75,41.0,42.5,45.25
18.5,38.25,40.75,41.0,42.5,45.25
18.55,38.25,40.5,41.0,42.5,45.0
18.6,38.25,40.5,41.0,42.5,45.0
18.650000000000002,38.25,40.74999999999982,41.0,42.5,45.0
18.7,38.25,40.5,41.0,42.5,45.0
18.75,38.25,40.5,41.0,42.5,45.0
18.8,38.25,40.75,41.0,42.5,45.0
18.85,38.25,40.5,41.0,42.5,45.0
18.900000000000002,38.25,40.50000000000018,41.0,42.5,45.0
18.95,38.25,40.75,41.0,42.5,45.0
19.0,38.25,40.5,41.0,42.5,45.0
19.05,38.25,40.5,41.0,42.5,45.0
19.1,38.25,40.75,41.0,42.5,45.0
19.150000000000002,38.25,40.75,41.0,42.5,45.0
19.200000000000003,38.25,40.75,41.0,42.49999999999982,45.0
19.25,38.25,40.75,41.0,42.25,45.0
19.3,38.25,40.5,41.0,42.25,45.0
19.35,38.25,40.5,41.0,42.25,45.0
19.400000000000002,38.25,40.75,41.0,42.25,45.0
19.450000000000003,38.25,40.75,41.0,42.25,45.0
19.5,38.25,40.75,41.0,42.25,45.0
19.55,38.25,40.75,41.0,42.5,45.0
19.6,38.25,40.75,41.0,42.25,45.0
19.650000000000002,38.25,40.74999999999982,41.0,42.25,45.0
19.700000000000003,38.25,40.5,41.0,42.25,45.0
19.75,38.25,40.5,41.0,42.25,45.0
19.8,38.25,40.5,41.0,42.25,45.0
19.85,38.25,40.75,41.0,42.25,45.0
19.900000000000002,38.25,40.5,41.0,42.25,45.0
19.950000000000003,38.25,40.5,41.0,42.25,45.0
20.0,38.25,40.5,41.0,42.25,45.0
20.05,38.25,40.75,41.0,42.25,45.0
20.1,38.25,40.75,41.0,42.25,45.0
20.150000000000002,38.25,40.75,41.0,42.25,45.0
20.200000000000003,38.25,40.75,41.0,42.25,45.0
20.25,38.25,40.75,41.0,42.25,45.0
20.3,38.25,40.75,41.0,42.25,45.0
20.35,38.25,40.75,41.0,42.25,45.0
20.400000000000002,38.25,40.75,41.0,42.25,45.0
20.450000000000003,38.25,40.75,41.0,42.25,45.0
20.5,38.25,40.75,41.0,42.25,45.0
20.55,38.25,40.75,41.0,42.25,45.0
20.6,38.25,40.75,41.0,42.25,45.0
20.650000000000002,38.25,40.75,41.0,42.25,45.0
20.700000000000003,38.25,40.75,41.0,42.25,45.0
20.75,38.25,40.75,41.0,42.25,45.0
20.8,38.0,40.75,41.0,42.0,45.0
20.85,38.25,40.75,41.0,42.0,45.0
20.900000000000002,38.25,40.75,41.0,42.0,45.0
20.950000000000003,38.25,40.75,41.0,42.0,45.0
21.0,38.25,40.75,41.0,42.0,45.0
21.05,38.25,40.75,41.0,42.0,45.0
21.1,38.0,40.75,41.0,42.0,45.0
21.150000000000002,38.0,40.75,41.0,42.0,45.0
21.200000000000003,38.0,40.75,41.0,42.0,45.0
21.25,38.25,40.75,41.0,42.0,45.0
21.3,38.25,40.75,41.0,42.0,45.0
21.35,38.25,40.75,41.0,42.0,45.0
21.400000000000002,38.0,40.75,41.0,42.0,45.0
21.450000000000003,38.0,40.75,41.0,42.0,45.0
21.5,38.0,40.75,41.0,42.0,45.0
21.55,38.0,40.75,41.0,42.0,45.0
21.6,38.0,40.75,41.0,42.0,45.0
21.650000000000002,38.0,40.75,41.0,42.0,45.0
21.700000000000003,38.0,40.75,41.0,42.0,45.0
21.75,38.0,40.75,41.0,42.0,45.0
21.8,38.0,40.75,41.0,42.0,45.0
21.85,38.25,40.75,41.0,41.75,45.0
21.900000000000002,38.25,40.75,41.0,42.0,45.0
21.950000000000003,38.25,40.75,41.0,41.99999999999982,45.0
22.0,38.25,40.75,41.0,41.75,45.0
22.05,38.25,40.75,41.0,41.75,45.0
22.1,38.25,40.75,41.0,41.75,45.0
22.150000000000002,38.0,40.75,41.0,41.75,45.0
22.200000000000003,38.0,40.75,41.0,41.75,45.0
22.25,38.0,40.75,41.0,41.75,45.0
22.3,38.0,40.75,41.0,41.75,45.0
22.35,38.0,40.75,41.0,41.75,45.0
22.400000000000002,38.0,40.75,41.0,41.75,45.0
22.450000000000003,38.0,40.75,41.0,41.75,45.0
22.5,38.0,40.75,41.0,41.75,45.0
22.55,38.0,40.75,41.0,41.75,45.0
22.6,38.0,40.75,41.0,41.75,45.0
22.650000000000002,38.0,40.75,41.0,41.75,45.0
22.700000000000003,38.0,40.75,41.0,41.75,45.0
22.75,38.0,40.75,41.0,41.75,45.0
22.8,38.0,40.75,41.0,41.75,45.0
22.85,38.0,40.75,41.0,41.75,45.0
22.900000000000002,38.0,40.75000000000018,41.0,41.75,45.0
22.950000000000003,38.0,41.0,41.0,41.75,45.0
23.0,38.0,41.0,41.0,41.75,45.0
23.05,38.0,40.75,41.0,41.75,45.0
23.1,38.0,40.75,41.0,41.75,45.0
23.150000000000002,38.0,40.75,41.0,41.74999999999982,45.0
23.200000000000003,38.0,40.75,41.0,41.5,45.0
23.25,38.0,40.75,41.0,41.5,45.0
23.3,38.0,40.75,41.0,41.5,45.0
23.35,38.0,40.75,41.0,41.75,45.0
23.400000000000002,38.0,40.75,41.0,41.75,45.0
23.450000000000003,38.0,40.75,41.0,41.75,45.0
23.5,38.0,40.75,41.0,41.75,45.0
23.55,38.0,40.75,41.0,41.75,45.0
23.6,38.0,40.75,41.0,41.75,45.0
23.650000000000002,38.0,40.75,41.0,41.75,45.0
23.700000000000003,38.0,40.75,41.0,41.75,45.0
23.75,38.0,40.75,41.0,41.75,45.0
23.8,38.0,40.75,41.0,41.5,44.75
23.85,38.0,40.75,41.0,41.5,44.75
23.900000000000002,38.0,41.0,41.0,41.5,44.75000000000018
23.950000000000003,38.0,40.99999999999982,41.0,41.5,45.0
24.0,38.0,40.75,41.0,41.5,45.0
24.05,38.0,40.75,41.0,41.5,45.0
24.1,38.0,40.75,41.0,41.5,45.0
24.150000000000002,38.0,41.0,41.0,41.5,45.0
24.200000000000003,38.0,41.0,41.0,41.5,45.0
24.25,38.0,40.75,41.0,41.5,45.0
24.3,38.0,40.5,41.0,41.5,45.0
24.35,38.0,40.75,41.0,41.5,45.0
24.400000000000002,38.0,40.75000000000018,41.0,41.5,45.0
24.450000000000003,38.0,41.0,41.0,41.5,44.99999999999982
24.5,38.0,41.0,41.0,41.5,44.75
24.55,38.0,41.0,41.0,41.5,44.75
24.6,38.0,41.0,41.0,41.5,44.75
24.650000000000002,38.0,41.0,41.0,41.5,44.99999999999982
24.700000000000003,38.0,41.0,41.0,41.5,44.75
24.75,38.0,41.0,41.0,41.5,44.75
24.8,38.0,40.75,41.0,41.5,44.75
24.85,38.0,40.75,41.0,41.5,44.75
24.900000000000002,38.0,40.75000000000018,41.0,41.5,44.75000000000018
24.950000000000003,38.0,41.0,41.0,41.5,44.99999999999982
25.0,38.0,41.0,41.0,41.5,44.75
25.05,38.0,41.0,41.0,41.5,44.75
25.1,38.0,40.75,41.0,41.25,44.75
25.150000000000002,38.0,40.75000000000018,41.0,41.25000000000018,45.0
25.200000000000003,38.0,40.99999999999982,41.0,41.5,45.0
25.25,37.75,40.75,41.0,41.5,45.0
25.3,37.75,40.75,41.0,41.5,45.0
25.35,37.75,41.0,41.0,41.5,45.0
25.400000000000002,37.75,40.75,41.0,41.25,45.0
25.450000000000003,37.75,40.75000000000018,41.0,41.25,45.0
25.5,38.0,41.0,41.0,41.25,45.0
25.55,37.75,40.75,41.0,41.25,44.75
25.6,37.75,40.75,41.0,41.25,45.0
25.650000000000002,37.75,40.75,41.0,41.25,44.99999999999982
25.700000000000003,37.75,40.75,41.0,41.25,44.75
25.75,37.75,40.75,41.0,41.25,44.75
25.8,38.0,41.0,41.0,41.25,44.75
25.85,38.0,41.0,41.0,41.25,45.0
25.900000000000002,38.0,41.0,41.0,41.25,45.0
25.950000000000003,38.0,40.99999999999982,41.0,41.25,45.0
26.0,37.75,40.75,41.0,41.25,45.0
26.05,37.75,40.75,41.0,41.25,45.0
26.1,37.75,41.0,41.0,41.25,44.75
26.150000000000002,37.75,41.0,41.0,41.25,44.75000000000018
26.200000000000003,37.75,41.0,41.0,41.25,44.99999999999982
26.25,38.0,41.0,41.0,41.25,44.75
26.3,37.75,40.75,41.0,41.25,44.75
26.35,37.75,40.75,41.0,41.25,45.0
26.400000000000002,38.0,40.75000000000018,41.0,41.25,45.0
26.450000000000003,37.75,41.0,41.0,41.25,44.99999999999982
26.5,37.75,41.0,41.0,41.25,44.75
26.55,37.75,41.0,41.0,41.25,44.75
26.6,37.75,40.75,41.0,41.25,44.75
26.650000000000002,37.75,40.75,41.0,41.25,44.75000000000018
26.700000000000003,37.75,40.75000000000018,41.0,41.25,45.0
26.75,37.75,41.0,41.0,41.25,45.0
26.8,37.75,40.75,41.0,41.25,45.0
26.85,37.75,40.75,40.75,41.25,45.0
26.900000000000002,38.0,40.99999999999982,40.75,41.0,44.99999999999982
26.950000000000003,38.0,40.75,41.0,41.00000000000018,44.75000000000018
27.0,37.75,40.75,41.0,41.25,45.0
27.05,37.75,41.0,41.0,41.25,45.0
27.1,37.75,40.75,41.0,41.25,44.75
27.150000000000002,37.75,40.75000000000018,41.0,41.25,44.75
27.200000000000003,37.75,41.0,41.0,41.25,44.75000000000018
27.25,37.75,41.0,41.0,41.25,45.0
27.3,37.75,41.0,41.0,41.0,44.75
27.35,37.75,41.0,41.0,41.25,44.75
27.400000000000002,37.75,41.0,41.0,41.0,45.0
27.450000000000003,37.75,41.0,41.0,41.0,45.0
27.5,37.75,41.0,41.0,41.0,45.0
27.55,37.75,40.75,41.0,41.0,44.75
27.6,37.75,40.75,41.0,41.0,45.0
27.650000000000002,37.75,41.0,41.0,41.0,44.99999999999982
27.700000000000003,37.75,41.0,41.0,41.0,44.75
27.75,37.75,41.0,41.0,41.0,44.75
27.8,37.75,40.75,41.0,41.0,44.75
27.85,37.75,41.0,41.0,41.0,44.75
27.900000000000002,37.75,41.0,41.0,41.0,44.75
27.950000000000003,37.75,41.0,41.0,41.0,44.75
28.0,37.75,41.0,40.75,41.0,44.75
28.05,37.75,41.0,41.0,41.0,45.0
28.1,37.75,40.75,41.0,41.0,45.0
28.150000000000002,37.75,41.0,41.0,41.0,44.75000000000018
28.200000000000003,37.75,41.0,41.0,41.0,45.0
28.25,37.75,41.0,41.0,41.0,45.0
28.3,37.75,40.75,41.0,41.0,45.0
28.35,37.75,40.75,41.0,41.0,44.75
28.400000000000002,37.75,40.75000000000018,41.0,41.0,44.75
28.450000000000003,37.75,41.0,41.0,41.0,44.75
28.5,37.75,41.0,41.0,41.0,44.75
28.55,37.75,40.75,41.0,41.0,44.75
28.6,37.75,41.0,41.0,41.0,44.75
28.650000000000002,37.75,40.99999999999982,41.0,41.0,44.75
28.700000000000003,37.75,40.75000000000018,41.0,41.0,44.75
28.75,37.75,41.0,41.0,41.0,44.75
28.8,37.75,41.0,41.0,41.0,44.75
28.85,37.75,40.75,41.0,40.75,44.75
28.900000000000002,37.75,40.75,41.0,41.0,44.75
28.950000000000003,37.75,40.75,41.0,40.99999999999982,44.75
29.0,37.75,40.75,41.0,40.75,44.75
29.05,37.75,41.0,41.0,41.0,45.0
29.1,37.75,41.0,41.0,41.0,44.75
29.150000000000002,37.75,41.0,41.0,40.99999999999982,44.75000000000018
29.200000000000003,37.75,41.0,41.0,40.75,44.99999999999982
29.25,37.75,41.0,41.0,40.75,44.75
29.3,37.75,41.0,41.0,41.0,44.75
29.35,37.75,41.0,41.0,40.75,44.75
29.400000000000002,37.75,41.0,41.0,40.75,44.75
29.450000000000003,37.75,41.0,41.0,40.75,44.75
29.5,37.75,41.0,41.0,40.75,44.75
29.55,37.75,41.0,41.0,40.75,44.75
29.6,37.75,41.0,41.0,40.75,44.75
29.650000000000002,37.75,41.0,41.0,40.75,44.75
29.700000000000003,37.75,40.99999999999982,41.0,40.75,44.75
29.75,37.75,40.75,41.0,40.75,44.75
29.8,37.75,41.0,41.0,40.75,44.75
29.85,37.75,41.0,41.0,40.75,44.75
29.900000000000002,37.75,41.0,41.0,40.75,44.75
29.950000000000003,37.75,41.0,41.0,40.75,44.75
30.0,37.75,41.0,41.0,40.75,44.75
30.05,37.75,41.0,41.0,40.75,44.75
30.1,37.75,41.0,41.0,40.75,44.75
30.150000000000002,37.75,41.0,41.0,40.75,44.75
30.200000000000003,37.75,41.0,41.0,40.75,44.75
30.25,37.75,41.0,41.0,40.75,44.75
30.3,37.75,41.0,41.0,40.75,44.75
30.35,37.75,41.0,41.0,40.75,44.75
30.400000000000002,37.5,41.0,41.0,40.75,44.75
30.450000000000003,37.5,41.0,41.0,40.75,44.75
30.5,37.75,41.0,41.0,40.75,44.75
30.55,37.75,41.0,41.0,40.75,44.75
30.6,37.75,41.0,41.0,40.75,44.75
30.650000000000002,37.75,41.0,41.0,40.75,44.75
30.700000000000003,37.5,40.99999999999982,41.0,40.75,44.75
30.75,37.5,40.75,41.0,40.75,44.75
30.8,37.5,40.75,41.0,40.75,44.75
30.85,37.75,41.0,41.0,40.75,44.75
30.900000000000002,37.5,41.0,41.0,40.75,44.75
30.950000000000003,37.5,41.0,41.0,40.75,44.75
31.0,37.75,41.0,41.0,40.75,44.75
31.05,37.75,41.0,41.0,40.75,44.75
31.1,37.75,41.0,41.0,40.75,44.75
31.150000000000002,37.75,40.75000000000018,41.0,40.75,44.75
31.200000000000003,37.75,41.0,41.0,40.75,44.75
31.25,37.75,41.0,41.0,40.75,44.75
31.3,37.75,41.0,41.0,40.5,44.75
31.35,37.5,41.0,41.0,40.75,44.75
31.400000000000002,37.5,41.0,41.0,40.75,44.75
31.450000000000003,37.5,41.0,41.0,40.74999999999982,44.75
31.5,37.75,41.0,41.0,40.5,44.75
31.55,37.75,41.0,41.0,40.5,44.75
31.6,37.5,41.0,41.0,40.5,44.75
31.650000000000002,37.5,41.0,41.0,40.75,44.75
31.700000000000003,37.5,41.0,41.0,40.74999999999982,44.75
31.75,37.5,41.0,41.0,40.5,44.75
31.8,37.5,41.0,41.0,40.75,44.75
31.85,37.5,41.0,41.0,40.75,44.75
31.900000000000002,37.75,41.0,41.0,40.5,44.75
31.950000000000003,37.5,41.0,41.0,40.75,44.75
32.0,37.5,41.0,41.0,40.75,44.75
32.050000000000004,37.75,41.0,41.0,40.5,44.75
32.1,37.5,41.0,41.0,40.5,44.75
32.15,37.5,41.0,41.0,40.5,44.75
32.2,37.5,41.0,41.0,40.5,44.75
32.25,37.5,41.0,41.0,40.5,44.75
32.300000000000004,37.5,41.0,41.0,40.5,44.75
32.35,37.5,41.0,41.0,40.5,44.75
32.4,37.5,41.0,41.0,40.5,44.75
32.45,37.5,41.0,41.0,40.5,44.75
32.5,37.5,41.0,41.0,40.5,44.75
32.550000000000004,37.75,41.0,41.0,40.5,44.75
32.6,37.75,41.0,41.0,40.5,44.75
32.65,37.5,41.0,41.0,40.5,44.75
32.7,37.5,40.75,41.0,40.5,44.75
32.75,37.5,40.75,41.0,40.5,44.75
32.800000000000004,37.5,41.0,41.0,40.5,44.75
32.85,37.5,41.0,41.0,40.5,44.75
32.9,37.5,41.0,41.0,40.5,44.75
32.95,37.5,41.0,41.0,40.5,44.75
33.0,37.5,41.0,41.0,40.5,44.75
33.050000000000004,37.5,41.0,41.0,40.5,44.75
33.1,37.5,41.0,41.0,40.5,44.75
33.15,37.5,41.0,41.0,40.5,44.75
33.2,37.5,41.0,41.0,40.5,44.75
33.25,37.5,41.0,41.0,40.5,44.75
33.300000000000004,37.5,41.0,41.0,40.5,44.75
33.35,37.5,41.0,41.0,40.5,44.75
33.4,37.5,41.0,41.0,40.5,44.75
33.45,37.5,41.0,41.0,40.5,44.75
33.5,37.5,40.75,41.0,40.5,44.75
33.550000000000004,37.5,40.75,41.0,40.5,44.75
33.6,37.5,40.75,41.0,40.5,44.75
33.65,37.5,40.75,41.0,40.5,44.75
33.7,37.5,40.75,40.75,40.5,44.75
33.75,37.5,41.0,40.75,40.5,44.75
33.800000000000004,37.5,41.0,41.0,40.5,44.75
33.85,37.5,41.0,41.0,40.5,44.75
33.9,37.5,41.0,41.0,40.5,44.75
33.95,37.5,41.0,41.0,40.5,44.75
34.0,37.5,41.0,41.0,40.5,44.75
34.050000000000004,37.5,41.0,41.0,40.5,44.75
34.1,37.5,41.0,41.0,40.5,44.75
34.15,37.5,41.0,41.0,40.5,44.75
34.2,37.5,41.0,41.0,40.25,44.75
34.25,37.5,41.0,41.0,40.5,44.75
34.300000000000004,37.5,41.0,41.0,40.5,44.75
34.35,37.5,41.0,41.0,40.25,44.75
34.4,37.5,41.0,41.0,40.25,44.75
34.45,37.5,41.0,41.0,40.25,44.75
34.5,37.5,41.0,41.0,40.25,44.75
34.550000000000004,37.5,41.0,40.75,40.5,44.75
34.6,37.5,41.0,41.0,40.5,44.75
34.65,37.5,41.0,41.0,40.25,44.75
34.7,37.5,41.0,41.0,40.25,44.75
34.75,37.5,41.0,41.0,40.25,44.75
34.800000000000004,37.5,40.75,41.0,40.25,44.75
34.85,37.5,41.0,40.75,40.25,44.75
34.9,37.5,41.0,41.0,40.25,44.75
34.95,37.5,40.75,41.0,40.25,44.75
35.0,37.5,41.0,41.0,40.25,44.75
35.050000000000004,37.5,41.0,40.75,40.25,44.75
35.1,37.5,41.0,40.75,40.5,44.75
35.15,37.5,41.0,41.0,40.25,44.75
35.2,37.5,41.0,41.0,40.25,44.75
35.25,37.5,41.0,41.0,40.25,44.75
35.300000000000004,37.5,41.0,41.0,40.25,44.75
35.35,37.5,41.0,40.75,40.25,44.75
35.4,37.5,41.0,40.75,40.25,44.75
35.45,37.5,41.0,41.0,40.25,44.75
35.5,37.5,41.0,41.0,40.25,44.75
35.550000000000004,37.5,41.0,41.0,40.25,44.75
35.6,37.5,41.0,41.0,40.25,44.75
35.65,37.5,41.0,40.75,40.25,44.75
35.7,37.5,40.75,40.75,40.25,44.75
35.75,37.5,41.0,40.75,40.25,44.75
35.800000000000004,37.5,41.0,40.75,40.25,44.75
35.85,37.25,41.0,41.0,40.25,44.75
35.9,37.25,40.75,41.0,40.25,44.75
35.95,37.25,40.75,40.75,40.25,44.75
36.0,37.25,41.0,41.0,40.25,44.75
36.050000000000004,37.25,41.0,41.0,40.25,44.75
36.1,37.25,41.0,40.75,40.25,44.75
36.15,37.5,40.75,40.75,40.25,44.75
36.2,37.5,41.0,40.75,40.25,44.75
36.25,37.5,41.0,41.0,40.25,44.75
36.300000000000004,37.5,40.75,40.75,40.25,44.75
36.35,37.5,40.75,40.75,40.25,44.75
36.4,37.5,40.75,40.75,40.25,44.75
36.45,37.25,41.0,40.75,40.25,44.75
36.5,37.25,40.75,40.75,40.25,44.75
36.550000000000004,37.25,40.75,40.75,40.25,44.75
36.6,37.25,41.0,40.75,40.25,44.75
36.65,37.5,41.0,40.75,40.0,44.75
36.7,37.5,41.0,40.75,40.0,44.75
36.75,37.25,41.0,40.75,40.25,44.75
36.800000000000004,37.5,41.0,40.75,40.0,44.75
36.85,37.5,41.0,40.75,40.0,44.75
36.9,37.25,41.0,41.0,40.25,44.75
36.95,37.5,41.0,41.0,40.0,44.75
37.0,37.5,41.0,40.75,40.0,44.75
37.050000000000004,37.25,41.0,40.75,40.0,44.75
37.1,37.25,41.0,40.75,40.25,44.75
37.15,37.25,41.0,40.75,40.25,44.75
37.2,37.25,41.0,40.75,40.0,44.75
37.25,37.5,41.0,40.75,40.0,44.75
37.300000000000004,37.25,41.0,40.75,40.0,44.75
37.35,37.25,41.0,40.75,40.0,44.75
37.4,37.25,40.75,40.75,40.0,44.75
37.45,37.5,41.0,40.75,40.0,44.75
37.5,37.5,41.0,40.75,40.0,44.75
37.550000000000004,37.25,40.75,40.75,40.0,44.75
37.6,37.25,41.0,40.75,40.0,44.75
37.65,37.25,41.0,40.75,40.0,44.75
37.7,37.5,41.0,40.75,40.0,44.75
37.75,37.5,41.0,40.75,40.0,44.75
37.800000000000004,37.5,41.0,40.75,40.0,44.75
37.85,37.25,41.0,40.75,40.0,44.75
37.9,37.25,41.0,40.75,40.0,44.75
37.95,37.25,41.0,40.75,40.0,44.75
38.0,37.25,41.0,40.75,40.0,44.75
38.050000000000004,37.25,41.0,40.75,40.0,44.75
38.1,37.25,41.0,40.75,40.0,44.75
38.15,37.25,41.0,40.75,40.0,44.75
38.2,37.25,41.0,40.75,40.0,44.75
38.25,37.25,41.0,40.75,40.0,44.75
38.300000000000004,37.25,40.75,40.75,40.0,44.75
38.35,37.25,41.0,40.75,40.0,44.75
38.400000000000006,37.25,41.0,40.75,40.0,44.5
38.45,37.25,41.0,40.75,40.0,44.5
38.5,37.25,41.0,40.75,40.0,44.75
38.550000000000004,37.25,41.0,41.0,40.0,44.75
38.6,37.25,41.0,41.0,40.0,44.75
38.650000000000006,37.25,40.75,40.75,40.0,44.75
38.7,37.25,40.75,40.75,40.0,44.75
38.75,37.25,40.75,40.75,40.0,44.75
38.800000000000004,37.25,40.75,40.75,40.0,44.75
38.85,37.25,40.75,40.75,40.0,44.75
38.900000000000006,37.25,41.0,40.75,40.0,44.75
38.95,37.25,40.75,40.75,40.0,44.75
39.0,37.25,40.75,40.75,40.0,44.75
39.050000000000004,37.25,40.75,40.75,40.0,44.75
39.1,37.25,41.0,40.75,40.0,44.75
39.150000000000006,37.25,41.0,40.75,40.0,44.75
39.2,37.25,41.0,40.75,40.0,44.75
39.25,37.25,41.0,40.75,40.0,44.75
39.300000000000004,37.25,41.0,40.75,40.0,44.5
39.35,37.25,41.0,40.75,40.0,44.75
39.400000000000006,37.25,41.0,40.75,39.75,44.75
39.45,37.25,41.0,40.75,39.75,44.75
39.5,37.25,41.0,40.75,40.0,44.75
39.550000000000004,37.25,41.0,40.75,40.0,44.75
39.6,37.25,41.0,40.75,40.0,44.75
39.650000000000006,37.25,40.75,40.75,40.0,44.75
39.7,37.25,40.75,40.75,40.0,44.75
39.75,37.25,40.75,40.75,40.0,44.75
39.800000000000004,37.25,41.0,40.75,40.0,44.75
39.85,37.25,40.75,40.75,39.75,44.75
39.900000000000006,37.25,40.75,40.75,39.75,44.75
39.95,37.25,41.0,40.75,40.0,44.75
40.0,37.25,41.0,40.75,40.0,44.75
40.050000000000004,37.25,41.0,40.75,40.0,44.5
40.1,37.25,41.0,40.75,40.0,44.75
40.150000000000006,37.25,40.75,40.75,39.75,44.75
40.2,37.25,41.0,40.75,39.75,44.75
40.25,37.25,41.0,40.75,39.75,44.75
40.300000000000004,37.25,41.0,40.75,39.75,44.75
40.35,37.25,41.0,40.75,39.75,44.75
40.400000000000006,37.25,41.0,40.75,39.75,44.75
40.45,37.25,41.0,40.75,39.75,44.75
40.5,37.25,40.75,40.75,39.75,44.75
40.550000000000004,37.25,40.75,40.75,39.75,44.75
40.6,37.25,41.0,40.75,39.75,44.75
40.650000000000006,37.25,40.75,40.75,39.75,44.75
40.7,37.25,40.75,40.75,39.75,44.5
40.75,37.25,41.0,40.75,39.75,44.5
40.800000000000004,37.25,40.75,40.75,39.75,44.75
40.85,37.25,40.75,40.75,39.75,44.75
40.900000000000006,37.0,41.0,40.75,39.75,44.75
40.95,37.25,41.0,40.75,39.75,44.75
41.0,37.25,41.0,40.75,39.75,44.75
41.050000000000004,37.25,40.75,40.75,39.75,44.75
41.1,37.25,41.0,40.75,39.75,44.5
41.150000000000006,37.25,41.0,40.75,39.75,44.5
41.2,37.25,41.0,40.75,39.75,44.5
41.25,37.25,40.75,40.75,39.75,44.75
41.300000000000004,37.25,40.75,40.75,39.75,44.75
41.35,37.25,40.75,40.75,39.75,44.75
41.400000000000006,37.25,40.75,40.75,39.75,44.75
41.45,37.25,40.75,40.75,39.75,44.75
41.5,37.25,41.0,40.75,39.75,44.75
41.550000000000004,37.25,41.0,40.75,39.75,44.75
41.6,37.25,41.0,40.75,39.75,44.5
41.650000000000006,37.25,41.0,40.75,39.75,44.5
41.7,37.25,40.75,40.75,39.75,44.75
41.75,37.25,40.75,40.75,39.75,44.75
41.800000000000004,37.25,40.75,40.75,39.75,44.75
41.85,37.25,41.0,40.75,39.75,44.75
41.900000000000006,37.25,41.0,40.75,39.75,44.5
41.95,37.0,41.0,40.75,39.75,44.5
42.0,37.25,41.0,40.75,39.75,44.75
42.050000000000004,37.25,41.0,40.75,39.75,44.5
42.1,37.25,40.75,40.75,39.75,44.5
42.150000000000006,37.25,41.0,40.75,39.75,44.75
42.2,37.25,41.0,40.75,39.75,44.5
42.25,37.0,40.75,40.75,39.75,44.5
42.300000000000004,37.0,40.75,40.75,39.75,44.75
42.35,37.0,40.75,40.75,39.75,44.5
42.400000000000006,37.0,41.0,40.75,39.75,44.5
42.45,37.25,41.0,40.75,39.75,44.5
42.5,37.25,41.0,40.75,39.75,44.5
42.550000000000004,37.25,41.0,40.75,39.75,44.75
42.6,37.25,41.0,40.75,39.75,44.75
42.650000000000006,37.25,41.0,40.75,39.75,44.75
42.7,37.25,40.75,40.75,39.75,44.75
42.75,37.25,40.75,40.75,39.75,44.75
42.800000000000004,37.25,40.75,40.75,39.75,44.5
42.85,37.25,41.0,40.75,39.75,44.75
42.900000000000006,37.0,40.75,40.75,39.75,44.75
42.95,37.0,40.75,40.75,39.75,44.75
43.0,37.25,41.0,40.75,39.75,44.5
43.050000000000004,37.0,40.75,40.75,39.75,44.5
43.1,37.0,40.75,40.75,39.75,44.75
43.150000000000006,37.0,40.75,40.75,39.5,44.5
43.2,37.25,40.75,40.75,39.75,44.5
43.25,37.25,41.0,40.75,39.75,44.5
43.300000000000004,37.25,41.0,40.75,39.75,44.5
43.35,37.0,41.0,40.75,39.75,44.5
43.400000000000006,37.0,40.75,40.75,39.75,44.5
43.45,37.0,40.75,40.75,39.75,44.75
43.5,37.0,40.75,40.75,39.75,44.75
43.550000000000004,37.0,40.75,40.75,39.75,44.5
43.6,37.0,40.75,40.75,39.75,44.5
43.650000000000006,37.0,41.0,40.75,39.75,44.5
43.7,37.0,40.75,40.75,39.75,44.75
43.75,37.0,40.75,40.75,39.5,44.75
43.800000000000004,37.0,41.0,40.75,39.5,44.75
43.85,37.0,41.0,40.75,39.75,44.5
43.900000000000006,37.0,41.0,40.75,39.75,44.75
43.95,37.25,41.0,40.75,39.5,44.75
44.0,37.0,41.0,40.75,39.5,44.75
44.050000000000004,37.0,41.0,40.75,39.5,44.5
44.1,37.0,41.0,40.75,39.75,44.5
44.150000000000006,37.0,41.0,40.75,39.75,44.5
44.2,37.0,41.0,40.75,39.75,44.5
44.25,37.25,40.75,40.75,39.5,44.5
44.300000000000004,37.0,40.75,40.75,39.5,44.5
44.35,37.0,40.75,40.75,39.5,44.5
44.400000000000006,37.0,40.75,40.75,39.5,44.5
44.45,37.0,41.0,40.75,39.5,44.5
44.5,37.0,41.0,40.75,39.5,44.5
44.550000000000004,37.0,40.75,40.75,39.5,44.5
44.6,37.0,40.75,40.75,39.75,44.5
44.650000000000006,37.0,40.75,40.75,39.75,44.5
44.7,37.0,40.75,40.75,39.5,44.5
44.75,37.0,40.75,40.75,39.5,44.75
44.800000000000004,37.0,40.75,40.75,39.5,44.75
44.85,37.0,40.75,40.75,39.5,44.75
44.900000000000006,37.0,40.75,40.75,39.5,44.5
44.95,37.0,40.75,40.75,39.5,44.5
45.0,37.0,40.75,40.75,39.5,44.5
45.050000000000004,37.0,40.75,40.75,39.5,44.5
45.1,37.0,40.75,40.75,39.5,44.75
45.150000000000006,37.0,41.0,40.75,39.5,44.75
45.2,37.0,40.75,40.75,39.5,44.5
45.25,37.0,40.75,40.75,39.5,44.5
45.300000000000004,37.0,40.75,40.75,39.5,44.5
45.35,37.0,40.75,40.75,39.5,44.5
45.400000000000006,37.0,40.75,40.75,39.5,44.5
45.45,37.0,40.75,40.75,39.5,44.5
45.5,37.0,40.75,40.75,39.5,44.5
45.550000000000004,37.0,40.75,40.75,39.5,44.5
45.6,37.0,40.75,40.75,39.5,44.5
45.650000000000006,37.0,40.75,40.75,39.5,44.5
45.7,37.0,40.75,40.75,39.5,44.5
45.75,37.0,40.75,40.5,39.5,44.5
45.800000000000004,37.0,40.75,40.5,39.5,44.5
45.85,37.0,40.75,40.75,39.5,44.5
45.900000000000006,37.0,41.0,40.75,39.5,44.75
45.95,37.0,40.75,40.75,39.5,44.75
46.0,37.0,40.75,40.5,39.5,44.5
46.050000000000004,37.0,41.0,40.75,39.5,44.75
46.1,37.0,40.75,40.75,39.5,44.75
46.150000000000006,37.0,40.75,40.75,39.5,44.5
46.2,37.0,40.75,40.75,39.25,44.5
46.25,37.0,40.75,40.75,39.5,44.5
46.300000000000004,37.0,40.75,40.75,39.5,44.5
46.35,37.0,40.75,40.75,39.5,44.5
46.400000000000006,37.0,40.75,40.75,39.5,44.5
46.45,37.0,40.75,40.75,39.5,44.75
46.5,37.0,40.75,40.75,39.5,44.5
46.550000000000004,37.0,40.75,40.75,39.5,44.5
46.6,37.0,40.75,40.75,39.5,44.5
46.650000000000006,37.0,40.75,40.75,39.5,44.75
46.7,37.0,40.75,40.75,39.5,44.75
46.75,37.0,40.75,40.5,39.5,44.5
46.800000000000004,37.0,40.75,40.5,39.5,44.5
46.85,37.0,40.75,40.5,39.25,44.5
46.900000000000006,37.0,40.75,40.75,39.25,44.5
46.95,37.0,40.75,40.5,39.5,44.75
47.0,37.0,40.75,40.5,39.25,44.75
47.050000000000004,37.0,40.75,40.75,39.25,44.5
47.1,37.0,40.75,40.75,39.25,44.5
47.150000000000006,37.0,41.0,40.75,39.5,44.5
47.2,37.0,40.75,40.75,39.25,44.5
47.25,37.0,40.75,40.5,39.25,44.5
47.300000000000004,37.0,41.0,40.5,39.25,44.5
47.35,37.0,40.75,40.5,39.25,44.5
47.400000000000006,37.0,40.75,40.5,39.25,44.5
47.45,37.0,40.75,40.5,39.5,44.5
47.5,37.0,40.75,40.5,39.25,44.5
47.550000000000004,37.0,40.75,40.5,39.25,44.5
47.6,37.0,40.75,40.5,39.25,44.5
47.650000000000006,37.0,40.75,40.5,39.25,44.5
47.7,37.0,40.75,40.5,39.25,44.5
47.75,37.0,40.75,40.5,39.25,44.5
47.800000000000004,37.0,40.75,40.75,39.25,44.5
47.85,37.0,40.75,40.5,39.25,44.5
47.900000000000006,37.0,40.75,40.5,39.25,44.5
47.95,37.0,40.75,40.75,39.25,44.5
48.0,37.0,40.75,40.75,39.25,44.5
48.050000000000004,36.75,40.75,40.75,39.25,44.5
48.1,37.0,40.75,40.5,39.25,44.5
48.150000000000006,37.0,40.75,40.5,39.25,44.5
48.2,37.0,40.75,40.5,39.25,44.5
48.25,37.0,40.75,40.5,39.25,44.5
48.300000000000004,37.0,40.75,40.5,39.25,44.5
48.35,37.0,40.75,40.5,39.25,44.5
48.400000000000006,37.0,40.75,40.5,39.25,44.5
48.45,37.0,40.75,40.5,39.25,44.5
48.5,37.0,40.75,40.5,39.25,44.5
48.550000000000004,37.0,40.75,40.5,39.25,44.5
48.6,37.0,40.75,40.5,39.25,44.5
48.650000000000006,37.0,40.75,40.5,39.25,44.5
48.7,37.0,40.75,40.5,39.25,44.5
48.75,37.0,40.75,40.5,39.25,44.5
48.800000000000004,37.0,40.75,40.75,39.25,44.5
48.85,36.75,40.75,40.75,39.25,44.5
48.900000000000006,36.75,40.75,40.5,39.25,44.5
48.95,37.0,40.75,40.75,39.25,44.5
49.0,37.0,40.75,40.75,39.25,44.5
49.050000000000004,37.0,40.75,40.5,39.25,44.5
49.1,37.0,40.75,40.5,39.25,44.5
49.150000000000006,36.75,40.75,40.5,39.25,44.5
49.2,36.75,40.75,40.5,39.25,44.5
49.25,37.0,40.75,40.5,39.25,44.5
49.300000000000004,37.0,40.75,40.5,39.25,44.5
49.35,37.0,40.75,40.5,39.25,44.5
49.400000000000006,36.75,40.75,40.5,39.25,44.5
49.45,36.75,40.75,40.5,39.25,44.5
49.5,36.75,40.75,40.5,39.25,44.5
49.550000000000004,37.0,40.75,40.75,39.25,44.5
49.6,36.75,40.75,40.75,39.25,44.5
49.650000000000006,36.75,40.75,40.5,39.25,44.5
49.7,36.75,40.75,40.5,39.25,44.5
49.75,37.0,40.75,40.5,39.25,44.5
49.800000000000004,37.0,40.75,40.5,39.25,44.5
49.85,36.75,40.75,40.75,39.25,44.5
49.900000000000006,37.0,40.75,40.75,39.25,44.5
49.95,37.0,40.75,40.5,39.25,44.5
50.0,36.75,40.75,40.5,39.25,44.5
50.050000000000004,37.0,40.75,40.5,39.25,44.5
50.1,37.0,40.75,40.5,39.25,44.5
50.150000000000006,37.0,40.75,40.5,39.25,44.5
50.2,37.0,40.75,40.5,39.25,44.5
50.25,37.0,40.75,40.5,39.25,44.5
50.300000000000004,37.0,40.75,40.5,39.0,44.5
50.35,37.0,40.75,40.5,39.25,44.5
50.400000000000006,37.0,40.75,40.5,39.0,44.5
50.45,37.0,40.75,40.5,39.0,44.5
50.5,36.75,40.75,40.5,39.0,44.5
50.550000000000004,37.0,40.75,40.5,39.0,44.5
50.6,37.0,40.75,40.5,39.0,44.5
50.650000000000006,36.75,40.75,40.5,39.25,44.5
50.7,37.0,40.75,40.5,39.0,44.5
50.75,37.0,40.75,40.5,39.0,44.5
50.800000000000004,37.0,40.75,40.5,39.0,44.5
50.85,36.75,40.75,40.5,39.25,44.5
50.900000000000006,36.75,40.75,40.5,39.25,44.5
50.95,36.75,40.75,40.5,39.0,44.5
51.0,36.75,40.75,40.5,39.0,44.5
51.050000000000004,36.75,40.75,40.5,39.0,44.5
51.1,36.75,40.75,40.5,39.0,44.5
51.150000000000006,36.75,40.75,40.5,39.0,44.5
51.2,36.75,40.75,40.5,39.0,44.5
51.25,36.75,40.75,40.5,39.25,44.5
51.300000000000004,36.75,40.75,40.5,39.0,44.5
51.35,36.75,40.75,40.5,39.0,44.5
51.400000000000006,36.75,40.75,40.5,39.0,44.5
51.45,37.0,40.75,40.5,39.0,44.5
51.5,37.0,40.75,40.5,39.0,44.5
51.550000000000004,37.0,40.75,40.5,39.0,44.5
51.6,36.75,40.75,40.5,39.0,44.5
51.650000000000006,36.75,40.75,40.5,39.0,44.5
51.7,36.75,40.75,40.5,39.0,44.5
51.75,36.75,40.75,40.5,39.0,44.25
51.800000000000004,36.75,40.75,40.5,39.0,44.5
51.85,36.75,40.75,40.5,39.0,44.5
51.900000000000006,36.75,40.75,40.5,39.0,44.5
51.95,36.75,40.75,40.5,39.0,44.5
52.0,36.75,40.75,40.5,39.0,44.5
52.050000000000004,36.75,40.75,40.5,39.0,44.5
52.1,36.75,40.75,40.5,39.0,44.5
52.150000000000006,36.75,40.75,40.5,39.0,44.5
52.2,36.75,40.75,40.5,39.0,44.5
52.25,36.75,40.75,40.5,39.0,44.5
52.300000000000004,36.75,40.75,40.5,39.0,44.25
52.35,36.75,40.75,40.5,39.0,44.25
52.400000000000006,36.75,40.75,40.5,39.0,44.5
52.45,36.75,40.75,40.5,39.0,44.5
52.5,36.75,40.75,40.5,39.0,44.5
52.550000000000004,36.75,40.75,40.5,39.0,44.5
52.6,36.75,40.75,40.5,39.0,44.5
52.650000000000006,36.75,40.75,40.5,39.0,44.5
52.7,36.75,40.75,40.5,39.0,44.5
52.75,36.75,40.75,40.5,39.0,44.5
52.800000000000004,36.75,40.75,40.5,39.0,44.5
52.85,36.75,40.75,40.5,39.0,44.25
52.900000000000006,36.75,40.75,40.5,39.0,44.5
52.95,36.75,40.75,40.5,39.0,44.5
53.0,36.75,40.75,40.5,39.0,44.5
53.050000000000004,36.75,40.75,40.5,39.0,44.5
53.1,36.75,40.75,40.5,39.0,44.5
53.150000000000006,36.75,40.75,40.5,39.0,44.25
53.2,36.75,40.75,40.5,39.0,44.5
53.25,36.75,40.75,40.5,38.75,44.5
53.300000000000004,36.75,40.75,40.5,38.75,44.5
53.35,36.75,40.75,40.5,39.0,44.25
53.400000000000006,36.75,40.75,40.5,39.0,44.25
53.45,36.75,40.75,40.5,39.0,44.25
53.5,36.75,40.75,40.5,39.0,44.5
53.550000000000004,36.75,40.75,40.5,39.0,44.5
53.6,36.75,40.75,40.5,39.0,44.5
53.650000000000006,36.75,40.75,40.5,39.0,44.5
53.7,36.75,40.75,40.5,39.0,44.5
53.75,36.75,40.75,40.5,39.0,44.5
53.800000000000004,36.75,40.75,40.5,39.0,44.5
53.85,36.75,40.75,40.5,39.0,44.5
53.900000000000006,36.75,40.75,40.5,39.0,44.25
53.95,36.75,40.75,40.5,39.0,44.25
54.0,36.75,40.75,40.5,39.0,44.25
54.050000000000004,36.75,40.75,40.5,39.0,44.5
54.1,36.75,40.75,40.5,39.0,44.5
54.150000000000006,36.75,40.75,40.5,38.75,44.5
54.2,36.75,40.75,40.5,39.0,44.25
54.25,36.75,40.75,40.5,39.0,44.25
54.300000000000004,36.75,40.75,40.5,39.0,44.25
54.35,36.75,40.75,40.5,39.0,44.5
54.400000000000006,36.75,40.75,40.5,39.0,44.25
54.45,36.75,40.75,40.5,38.75,44.25
54.5,36.75,40.75,40.5,38.75,44.5
54.550000000000004,36.75,40.75,40.5,38.75,44.5
54.6,36.5,40.75,40.5,38.75,44.5
54.650000000000006,36.75,40.75,40.5,38.75,44.25
54.7,36.75,40.75,40.5,38.75,44.25
54.75,36.75,40.5,40.5,38.75,44.25
54.800000000000004,36.75,40.5,40.5,38.75,44.5
54.85,36.75,40.5,40.25,38.75,44.5
54.900000000000006,36.75,40.75,40.25,38.75,44.5
54.95,36.5,40.75,40.5,38.75,44.25
55.0,36.5,40.75,40.5,38.75,44.25
55.050000000000004,36.75,40.75,40.5,38.75,44.25
55.1,36.75,40.75,40.5,38.75,44.5
55.150000000000006,36.75,40.75,40.5,38.75,44.25
55.2,36.75,40.5,40.5,38.75,44.25
55.25,36.75,40.5,40.5,38.75,44.25
55.300000000000004,36.75,40.5,40.5,38.75,44.25
55.35,36.75,40.5,40.5,38.75,44.25
55.400000000000006,36.75,40.5,40.5,38.75,44.5
55.45,36.75,40.5,40.5,38.75,44.25
55.5,36.75,40.75,40.5,38.75,44.25
55.550000000000004,36.75,40.75,40.5,38.75,44.25
55.6,36.75,40.75,40.5,38.75,44.25
55.650000000000006,36.75,40.5,40.5,38.75,44.25
55.7,36.75,40.75,40.5,38.75,44.25
55.75,36.75,40.75,40.5,38.75,44.25
55.800000000000004,36.75,40.5,40.5,38.75,44.25
55.85,36.75,40.75,40.5,38.75,44.25
55.900000000000006,36.75,40.75,40.5,38.75,44.25
55.95,36.75,40.75,40.5,38.75,44.25
56.0,36.75,40.75,40.5,38.75,44.25
56.050000000000004,36.75,40.75,40.5,38.75,44.25
56.1,36.75,40.5,40.5,38.75,44.25
56.150000000000006,36.75,40.75,40.5,38.75,44.25
56.2,36.75,40.75,40.25,38.75,44.25
56.25,36.75,40.75,40.5,38.75,44.25
56.300000000000004,36.5,40.5,40.5,38.75,44.25
56.35,36.5,40.5,40.5,38.75,44.5
56.400000000000006,36.5,40.5,40.5,38.75,44.25
56.45,36.5,40.5,40.5,38.75,44.25
56.5,36.5,40.75,40.25,38.75,44.25
56.550000000000004,36.5,40.75,40.25,38.75,44.25
56.6,36.5,40.5,40.25,38.75,44.25
56.650000000000006,36.5,40.75,40.25,38.75,44.25
56.7,36.75,40.75,40.5,38.75,44.25
56.75,36.5,40.75,40.5,38.75,44.25
56.800000000000004,36.5,40.75,40.5,38.75,44.25
56.85,36.5,40.75,40.5,38.75,44.25
56.900000000000006,36.75,40.75,40.5,38.75,44.25
56.95,36.5,40.75,40.5,38.75,44.25
57.0,36.5,40.75,40.5,38.75,44.25
57.050000000000004,36.75,40.5,40.5,38.75,44.25
57.1,36.5,40.5,40.25,38.5,44.25
57.150000000000006,36.5,40.5,40.5,38.5,44.25
57.2,36.75,40.75,40.5,38.5,44.25
57.25,36.5,40.5,40.5,38.75,44.25
57.300000000000004,36.5,40.5,40.5,38.75,44.25
57.35,36.5,40.5,40.5,38.5,44.25
57.400000000000006,36.5,40.5,40.5,38.75,44.25
57.45,36.5,40.5,40.5,38.75,44.25
57.5,36.5,40.75,40.5,38.5,44.25
57.550000000000004,36.5,40.75,40.5,38.75,44.25
57.6,36.5,40.75,40.5,38.75,44.25
57.650000000000006,36.5,40.75,40.5,38.5,44.25
57.7,36.5,40.5,40.25,38.5,44.25
57.75,36.5,40.5,40.5,38.5,44.25
57.800000000000004,36.5,40.5,40.5,38.5,44.25
57.85,36.5,40.5,40.5,38.5,44.25
57.900000000000006,36.5,40.5,40.25,38.5,44.25
57.95,36.75,40.75,40.25,38.75,44.25
58.0,36.5,40.5,40.25,38.5,44.25
58.050000000000004,36.5,40.5,40.5,38.5,44.25
58.1,36.5,40.5,40.5,38.5,44.25
58.150000000000006,36.5,40.5,40.5,38.5,44.25
58.2,36.5,40.5,40.5,38.5,44.25
58.25,36.5,40.75,40.5,38.5,44.25
58.300000000000004,36.5,40.5,40.5,38.5,44.25
58.35,36.5,40.5,40.25,38.5,44.25
58.400000000000006,36.5,40.5,40.25,38.5,44.25
58.45,36.5,40.5,40.5,38.5,44.25
58.5,36.5,40.5,40.25,38.5,44.25
58.550000000000004,36.5,40.5,40.25,38.5,44.25
58.6,36.5,40.5,40.25,38.5,44.25
58.650000000000006,36.5,40.5,40.25,38.5,44.25
58.7,36.5,40.5,40.5,38.5,44.25
58.75,36.5,40.5,40.5,38.5,44.25
58.800000000000004,36.5,40.5,40.25,38.5,44.25
58.85,36.5,40.5,40.25,38.5,44.25
58.900000000000006,36.5,40.5,40.25,38.5,44.25
58.95,36.5,40.5,40.5,38.5,44.25
59.0,36.5,40.5,40.5,38.5,44.25
59.050000000000004,36.5,40.5,40.5,38.5,44.25
59.1,36.5,40.5,40.5,38.5,44.25
59.150000000000006,36.5,40.5,40.25,38.5,44.25
59.2,36.5,40.5,40.25,38.5,44.25
59.25,36.5,40.5,40.25,38.5,44.25
59.300000000000004,36.5,40.5,40.25,38.5,44.25
59.35,36.5,40.5,40.25,38.5,44.25
59.400000000000006,36.5,40.5,40.5,38.5,44.25
59.45,36.5,40.5,40.25,38.5,44.25
59.5,36.5,40.5,40.25,38.5,44.25
59.550000000000004,36.5,40.5,40.25,38.5,44.25
59.6,36.5,40.5,40.25,38.5,44.25
59.650000000000006,36.5,40.5,40.25,38.5,44.25
59.7,36.5,40.5,40.5,38.5,44.25
59.75,36.5,40.5,40.25,38.5,44.25
59.800000000000004,36.5,40.5,40.25,38.5,44.25
59.85,36.5,40.5,40.25,38.5,44.25
59.900000000000006,36.5,40.5,40.25,38.5,44.25
59.95,36.5,40.5,40.25,38.5,44.25
60.0,36.5,40.5,40.25,38.5,44.25
60.050000000000004,36.5,40.5,40.5,38.5,44.5
60.1,36.5,40.5,40.5,38.5,44.5
60.150000000000006,36.5,40.5,40.25,38.5,44.25
60.2,36.5,40.5,40.25,38.5,44.25
60.25,36.5,40.5,40.25,38.5,44.25
60.300000000000004,36.5,40.5,40.25,38.5,44.25
60.35,36.5,40.5,40.25,38.5,44.25
60.400000000000006,36.5,40.5,40.25,38.5,44.25
60.45,36.5,40.5,40.25,38.5,44.25
60.5,36.5,40.5,40.25,38.5,44.25
60.550000000000004,36.5,40.5,40.25,38.5,44.25
60.6,36.5,40.5,40.25,38.5,44.25
60.650000000000006,36.5,40.5,40.25,38.5,44.25
60.7,36.5,40.5,40.25,38.5,44.25
60.75,36.5,40.5,40.25,38.5,44.25
60.800000000000004,36.5,40.5,40.25,38.5,44.25
60.85,36.5,40.5,40.25,38.5,44.25
60.900000000000006,36.5,40.5,40.25,38.5,44.25
60.95,36.5,40.5,40.25,38.5,44.25
61.0,36.25,40.5,40.25,38.5,44.25
61.050000000000004,36.5,40.5,40.25,38.5,44.25
61.1,36.5,40.5,40.25,38.5,44.25
61.150000000000006,36.5,40.5,40.25,38.25,44.25
61.2,36.5,40.5,40.25,38.5,44.25
61.25,36.5,40.5,40.25,38.5,44.25
61.300000000000004,36.5,40.5,40.25,38.5,44.25
61.35,36.5,40.5,40.25,38.25,44.25
61.400000000000006,36.5,40.5,40.25,38.25,44.25
61.45,36.5,40.5,40.25,38.25,44.25
61.5,36.5,40.5,40.25,38.25,44.25
61.550000000000004,36.5,40.5,40.25,38.25,44.25
61.6,36.5,40.5,40.25,38.25,44.25
61.650000000000006,36.5,40.5,40.25,38.25,44.25
61.7,36.5,40.5,40.25,38.25,44.25
61.75,36.5,40.5,40.25,38.25,44.25
61.800000000000004,36.5,40.5,40.25,38.5,44.25
61.85,36.5,40.5,40.25,38.5,44.25
61.900000000000006,36.5,40.5,40.25,38.25,44.25
61.95,36.5,40.5,40.25,38.25,44.25
62.0,36.5,40.5,40.25,38.25,44.25
62.050000000000004,36.5,40.5,40.25,38.25,44.25
62.1,36.5,40.5,40.25,38.25,44.25
62.150000000000006,36.5,40.5,40.25,38.25,44.25
62.2,36.5,40.5,40.25,38.25,44.25
62.25,36.5,40.5,40.25,38.25,44.25
62.300000000000004,36.5,40.5,40.25,38.25,44.25
62.35,36.5,40.5,40.25,38.25,44.25
62.400000000000006,36.5,40.5,40.25,38.25,44.25
62.45,36.5,40.5,40.25,38.25,44.25
62.5,36.5,40.5,40.25,38.25,44.25
62.550000000000004,36.5,40.5,40.25,38.25,44.25
62.6,36.5,40.5,40.25,38.25,44.0
62.650000000000006,36.5,40.5,40.25,38.25,44.25
62.7,36.5,40.5,40.25,38.25,44.25
62.75,36.5,40.5,40.25,38.25,44.25
62.800000000000004,36.25,40.5,40.25,38.25,44.25
62.85,36.5,40.5,40.25,38.25,44.25
62.900000000000006,36.5,40.5,40.25,38.25,44.25
62.95,36.5,40.5,40.25,38.25,44.25
63.0,36.25,40.5,40.25,38.25,44.25
63.050000000000004,36.25,40.5,40.25,38.25,44.25
63.1,36.5,40.5,40.25,38.25,44.25
63.150000000000006,36.25,40.5,40.25,38.25,44.25
63.2,36.25,40.5,40.25,38.25,44.25
63.25,36.5,40.5,40.25,38.25,44.25
63.300000000000004,36.25,40.5,40.25,38.25,44.25
63.35,36.25,40.5,40.25,38.25,44.25
63.400000000000006,36.25,40.5,40.25,38.25,44.25
63.45,36.25,40.5,40.25,38.25,44.25
63.5,36.25,40.5,40.25,38.25,44.25
63.550000000000004,36.25,40.5,40.25,38.25,44.25
63.6,36.25,40.5,40.25,38.25,44.25
63.650000000000006,36.25,40.5,40.25,38.25,44.25
63.7,36.25,40.5,40.25,38.25,44.0
63.75,36.25,40.5,40.25,38.25,44.0
63.800000000000004,36.5,40.25,40.25,38.25,44.25
63.85,36.5,40.25,40.25,38.25,44.0
63.900000000000006,36.5,40.5,40.25,38.25,44.0
63.95,36.5,40.5,40.25,38.25,44.25
64.0,36.5,40.5,40.25,38.25,44.25
64.05,36.25,40.5,40.25,38.25,44.25
64.10000000000001,36.25,40.25,40.25,38.25,44.00000000000071
64.15,36.25,40.25,40.25,38.25,44.25
64.2,36.25,40.5,40.25,38.25,44.25
64.25,36.25,40.5,40.25,38.25,44.0
64.3,36.25,40.5,40.25,38.25,44.25
64.35000000000001,36.25,40.5,40.25,38.25,44.25
64.4,36.25,40.5,40.25,38.25,44.25
64.45,36.25,40.5,40.25,38.25,44.25
64.5,36.25,40.25,40.25,38.25,44.25
64.55,36.25,40.5,40.25,38.25,44.25
64.60000000000001,36.25,40.49999999999929,40.25,38.25,44.0
64.65,36.25,40.25,40.25,38.25,44.0
64.7,36.25,40.5,40.25,38.25,44.0
64.75,36.25,40.5,40.25,38.25,44.0
64.8,36.25,40.5,40.25,38.25,44.0
64.85000000000001,36.25,40.25,40.25,38.25,44.25
64.9,36.25,40.25,40.25,38.25,44.25
64.95,36.25,40.25,40.25,38.25,44.25
65.0,36.25,40.5,40.25,38.25,44.25
65.05,36.25,40.5,40.25,38.25,44.0
65.10000000000001,36.25,40.5,40.25,38.25,44.00000000000071
65.15,36.25,40.5,40.25,38.25,44.25
65.2,36.25,40.5,40.25,38.25,44.0
65.25,36.25,40.25,40.25,38.25,44.0
65.3,36.25,40.5,40.25,38.25,44.25
65.35000000000001,36.25,40.5,40.25,38.25,44.00000000000071
65.4,36.25,40.5,40.25,38.25,44.25
65.45,36.25,40.25,40.25,38.0,44.25
65.5,36.25,40.25,40.25,38.0,44.25
65.55,36.25,40.5,40.25,38.25,44.0
65.60000000000001,36.25,40.25,40.25,38.25,44.0
65.65,36.25,40.25,40.25,38.25,44.0
65.7,36.25,40.5,40.25,38.25,44.0
65.75,36.25,40.25,40.25,38.25,44.0
65.8,36.25,40.25,40.25,38.25,44.0
65.85000000000001,36.25,40.25,40.25,38.24999999999929,44.0
65.9,36.25,40.25,40.25,38.0,44.0
65.95,36.25,40.25,40.25,38.0,44.25
66.0,36.25,40.25,40.25,38.0,44.0
66.05,36.25,40.25,40.25,38.0,44.0
66.10000000000001,36.25,40.25000000000071,40.25,38.0,44.0
66.15,36.25,40.5,40.25,38.0,44.0
66.2,36.25,40.25,40.25,38.0,44.0
66.25,36.25,40.25,40.25,38.0,44.0
66.3,36.25,40.25,40.25,38.0,44.0
66.35000000000001,36.25,40.25,40.25,38.0,44.00000000000071
66.4,36.25,40.25,40.25,38.0,44.25
66.45,36.25,40.25,40.25,38.0,44.0
66.5,36.25,40.25,40.25,38.0,44.0
66.55,36.25,40.25,40.25,38.0,44.0
66.60000000000001,36.25,40.25,40.25,38.0,44.0
66.65,36.25,40.25,40.25,38.0,44.0
66.7,36.25,40.25,40.0,38.0,44.0
66.75,36.25,40.25,40.25,38.0,44.0
66.8,36.25,40.25,40.25,38.0,44.0
66.85000000000001,36.25,40.25,40.25,38.0,44.0
66.9,36.25,40.25,40.25,38.0,44.0
66.95,36.25,40.25,40.25,38.0,44.0
67.0,36.25,40.25,40.25,38.0,44.0
67.05,36.25,40.25,40.25,38.0,44.0
67.10000000000001,36.0,40.25,40.25,38.0,44.0
67.15,36.25,40.25,40.25,38.0,44.0
67.2,36.25,40.25,40.25,38.0,44.0
67.25,36.25,40.25,40.25,38.0,44.0
67.3,36.25,40.25,40.25,38.0,44.0
67.35000000000001,36.25,40.25,40.25,38.0,44.0
67.4,36.25,40.25,40.25,38.0,44.0
67.45,36.25,40.25,40.25,38.0,44.0
67.5,36.25,40.25,40.0,38.0,44.0
67.55,36.25,40.25,40.0,38.0,44.0
67.60000000000001,36.25,40.25,40.25,38.0,44.0
67.65,36.25,40.25,40.25,38.0,44.0
67.7,36.25,40.25,40.25,38.0,44.0
67.75,36.25,40.25,40.25,38.0,44.0
67.8,36.25,40.25,40.25,38.0,44.0
67.85000000000001,36.25,40.25,40.25,38.0,44.0
67.9,36.25,40.25,40.25,38.0,44.0
67.95,36.25,40.25,40.0,38.0,44.0
68.0,36.25,40.25,40.0,38.0,44.0
68.05,36.25,40.25,40.25,38.0,44.0
68.10000000000001,36.25,40.25,40.25,38.0,44.0
68.15,36.25,40.25,40.25,38.0,44.0
68.2,36.25,40.25,40.25,38.0,44.0
68.25,36.25,40.25,40.25,38.0,44.0
68.3,36.25,40.25,40.25,38.0,44.0
68.35000000000001,36.25,40.25,40.25,38.0,44.0
68.4,36.25,40.25,40.25,38.0,44.0
68.45,36.25,40.25,40.25,38.0,44.0
68.5,36.25,40.25,40.25,38.0,44.0
68.55,36.25,40.25,40.25,38.0,44.0
68.60000000000001,36.25,40.25,40.0,38.0,44.0
68.65,36.25,40.25,40.0,38.0,44.0
68.7,36.25,40.25,40.0,38.0,44.0
68.75,36.25,40.25,40.25,38.0,44.0
68.8,36.25,40.25,40.25,38.0,44.0
68.85000000000001,36.25,40.25,40.0,38.0,44.0
68.9,36.25,40.25,40.0,38.0,44.0
68.95,36.25,40.25,40.0,38.0,44.0
69.0,36.25,40.25,40.0,38.0,44.0
69.05,36.25,40.25,40.25,38.0,44.0
69.10000000000001,36.25,40.25,40.25,38.0,44.0
69.15,36.25,40.25,40.0,38.0,44.0
69.2,36.25,40.25,40.0,38.0,44.0
69.25,36.25,40.25,40.0,38.0,44.0
69.3,36.25,40.25,40.0,38.0,44.0
69.35000000000001,36.25,40.25,40.0,38.0,44.0
69.4,36.25,40.25,40.0,38.0,44.0
69.45,36.25,40.25,40.0,38.0,44.0
69.5,36.25,40.25,40.0,38.0,44.0
69.55,36.25,40.25,40.0,38.0,44.0
69.60000000000001,36.25,40.25,40.25,38.0,44.0
69.65,36.25,40.25,40.25,38.0,44.0
69.7,36.25,40.25,40.25,38.0,44.0
69.75,36.25,40.25,40.0,38.0,44.0
69.8,36.25,40.25,40.0,38.0,44.0
69.85000000000001,36.25,40.25,40.0,38.0,44.0
69.9,36.25,40.25,40.0,38.0,44.0
69.95,36.25,40.25,40.0,38.0,44.0
70.0,36.25,40.25,40.0,38.0,44.0
70.05,36.25,40.25,40.0,38.0,44.0
70.10000000000001,36.25,40.25,40.0,37.99999999999929,44.0
70.15,36.25,40.25,40.0,37.75,44.0
70.2,36.25,40.25,40.0,38.0,44.0
70.25,36.25,40.25,40.0,38.0,44.0
70.3,36.25,40.25,40.0,37.75,44.0
70.35000000000001,36.25,40.25,40.0,38.0,44.0
70.4,36.25,40.25,40.0,38.0,44.0
70.45,36.25,40.25,40.0,37.75,44.0
70.5,36.25,40.25,40.0,37.75,44.0
70.55,36.25,40.25,40.0,37.75,44.0
70.60000000000001,36.25,40.25,40.0,37.75,44.0
70.65,36.25,40.25,40.0,37.75,44.0
70.7,36.25,40.25,40.0,37.75,44.0
70.75,36.25,40.25,40.0,37.75,44.0
70.8,36.25,40.25,40.0,37.75,44.0
70.85000000000001,36.25,40.25,40.0,37.75,44.0
70.9,36.0,40.25,40.0,37.75,44.0
70.95,36.25,40.25,40.0,37.75,44.0
71.0,36.25,40.25,40.0,37.75,44.0
71.05,36.25,40.25,40.0,37.75,44.0
71.10000000000001,36.25,40.25,40.0,37.75,44.0
71.15,36.25,40.25,40.0,37.75,44.0
71.2,36.25,40.25,40.0,37.75,44.0
71.25,36.0,40.25,40.0,37.75,44.0
71.3,36.0,40.25,40.0,37.75,44.0
71.35000000000001,36.25,40.25,40.0,37.75,44.0
71.4,36.25,40.25,40.0,37.75,44.0
71.45,36.25,40.25,40.0,37.75,44.0
71.5,36.0,40.25,40.0,38.0,44.0
71.55,36.0,40.25,40.0,37.75,44.0
71.60000000000001,36.0,40.25,40.0,37.75,44.0
71.65,36.0,40.25,40.0,37.75,44.0
71.7,36.0,40.25,40.0,37.75,44.0
71.75,36.0,40.25,40.0,37.75,44.0
71.8,36.25,40.25,40.0,37.75,44.0
71.85000000000001,36.25,40.25,40.0,37.75,44.0
71.9,36.25,40.25,40.0,37.75,44.0
71.95,36.0,40.0,40.0,37.75,44.0
72.0,36.0,40.25,40.0,37.75,44.0
72.05,36.0,40.25,40.0,37.75,44.0
72.10000000000001,36.0,40.25,40.0,37.75,44.0
72.15,36.25,40.25,40.0,37.75,44.0
72.2,36.25,40.25,40.0,37.75,44.0
72.25,36.0,40.25,40.0,37.75,44.0
72.3,36.25,40.25,40.0,37.75,44.0
72.35000000000001,36.25,40.25,40.0,37.75,44.0
72.4,36.0,40.25,40.0,37.75,44.0
72.45,36.25,40.25,40.0,37.75,44.0
72.5,36.25,40.25,40.0,37.75,44.0
72.55,36.25,40.25,40.0,37.75,44.0
72.60000000000001,36.0,40.0,40.0,37.75,44.0
72.65,36.0,40.0,40.0,37.75,44.0
72.7,36.25,40.25,40.0,37.75,44.0
72.75,36.0,40.0,40.0,37.75,44.0
72.8,36.0,40.0,40.0,37.75,44.0
72.85000000000001,36.0,40.25,40.0,37.75,44.0
72.9,36.25,40.25,40.0,37.75,44.0
72.95,36.25,40.25,40.0,37.75,44.0
73.0,36.0,40.25,40.0,37.75,44.0
73.05,36.25,40.0,40.0,37.75,44.0
73.10000000000001,36.25,40.0,40.0,37.75,44.0
73.15,36.0,40.0,40.0,37.75,44.0
73.2,36.0,40.0,40.0,37.75,44.0
73.25,36.0,40.25,40.0,37.75,44.0
73.3,36.0,40.25,40.0,37.75,44.0
73.35000000000001,36.0,40.25,40.0,37.75,44.0
73.4,36.0,40.25,40.0,37.75,44.0
73.45,36.0,40.25,40.0,37.75,44.0
73.5,36.0,40.0,40.0,37.75,44.0
73.55,36.0,40.0,40.0,37.75,44.0
73.60000000000001,36.0,40.0,40.0,37.75,43.75
73.65,36.0,40.0,40.0,37.75,43.75
73.7,36.0,40.25,40.0,37.75,43.75
73.75,36.0,40.25,40.0,37.75,44.0
73.8,36.0,40.25,40.0,37.75,44.0
73.85000000000001,36.0,40.0,40.0,37.75,43.75
73.9,36.0,40.0,40.0,37.75,43.75
73.95,36.0,40.25,40.0,37.75,43.75
74.0,36.0,40.0,40.0,37.75,43.75
74.05,36.0,40.0,40.0,37.75,44.0
74.10000000000001,36.25,40.25,40.0,37.75,44.0
74.15,36.0,40.25,40.0,37.75,44.0
74.2,36.0,40.25,40.0,37.75,44.0
74.25,36.0,40.0,40.0,37.75,44.0
74.3,36.0,40.0,40.0,37.75,43.75
74.35000000000001,36.0,40.0,40.0,37.75,43.75
74.4,36.0,40.0,40.0,37.75,43.75
74.45,36.0,40.0,40.0,37.75,43.75
74.5,36.0,40.0,40.0,37.75,44.0
74.55,36.0,40.0,40.0,37.75,44.0
74.60000000000001,36.0,40.25,40.0,37.75,43.75
74.65,36.0,40.25,39.75,37.75,43.75
74.7,36.0,40.25,39.75,37.75,43.75
74.75,36.0,40.0,40.0,37.75,43.75
74.8,36.0,40.0,40.0,37.75,43.75
74.85000000000001,36.0,40.0,40.0,37.75,43.75
74.9,36.0,40.0,40.0,37.75,43.75
74.95,36.0,40.0,40.0,37.75,43.75
75.0,36.0,40.0,40.0,37.75,43.75
75.05,36.0,40.0,40.0,37.75,43.75
75.10000000000001,36.0,40.0,40.0,37.75,43.75
75.15,36.0,40.0,40.0,37.75,43.75
75.2,36.0,40.25,40.0,37.75,43.75
75.25,36.0,40.25,40.0,37.75,43.75
75.3,36.0,40.0,40.0,37.75,43.75
75.35000000000001,36.0,40.0,40.0,37.75,43.75
75.4,36.0,40.0,40.0,37.75,43.75
75.45,36.0,40.0,40.0,37.75,43.75
75.5,36.0,40.0,40.0,37.75,43.75
75.55,36.0,40.0,40.0,37.75,43.75
75.60000000000001,36.0,40.0,40.0,37.75,43.75
75.65,36.0,40.0,40.0,37.75,43.75
75.7,36.0,40.0,40.0,37.75,43.75
75.75,36.0,40.0,40.0,37.75,43.75
75.8,36.0,40.0,40.0,37.75,43.75
75.85000000000001,36.0,40.0,40.0,37.75,43.75
75.9,36.0,40.0,40.0,37.75,43.75
75.95,36.0,40.0,40.0,37.5,43.75
76.0,36.0,40.0,40.0,37.5,43.75
76.05,36.0,40.0,40.0,37.75,43.75
76.10000000000001,36.0,40.0,40.0,37.5,43.75
76.15,36.0,40.0,40.0,37.5,43.75
76.2,36.0,40.0,40.0,37.75,43.75
76.25,36.0,40.0,40.0,37.75,43.75
76.3,36.0,40.0,40.0,37.75,43.75
76.35000000000001,36.0,40.0,40.0,37.75,43.75
76.4,36.0,40.0,40.0,37.75,43.75
76.45,36.0,40.0,40.0,37.75,43.75
76.5,36.0,40.0,40.0,37.75,43.75
76.55,36.0,40.0,40.0,37.5,43.75
76.60000000000001,36.0,40.0,40.0,37.5,43.75
76.65,36.0,40.0,39.75,37.5,43.75
76.7,36.0,40.0,39.75,37.75,43.75
76.75,36.0,40.0,40.0,37.75,43.75
76.80000000000001,36.0,40.0,40.0,37.75,43.75
76.85000000000001,36.0,40.0,40.0,37.74999999999929,43.75
76.9,36.0,40.0,40.0,37.5,43.75
76.95,36.0,40.0,39.75,37.5,43.75
77.0,36.0,40.0,39.75,37.75,43.75
77.05000000000001,36.0,40.0,40.0,37.75,43.75
77.10000000000001,36.0,40.0,39.75,37.74999999999929,43.75
77.15,36.0,40.0,39.75,37.5,43.75
77.2,36.0,40.0,39.75,37.5,43.75
77.25,36.0,40.0,40.0,37.5,43.75
77.30000000000001,36.0,40.0,40.0,37.5,43.75
77.35000000000001,36.0,40.0,39.75,37.5,43.75
77.4,36.0,40.0,40.0,37.5,43.75
77.45,36.0,40.0,40.0,37.5,43.75
77.5,36.0,40.0,39.75,37.5,43.75
77.55000000000001,36.0,40.0,40.0,37.5,43.75
77.60000000000001,36.0,40.0,40.0,37.5,43.75
77.65,36.0,40.0,39.75,37.5,43.75
77.7,36.0,40.0,40.0,37.5,43.75
77.75,36.0,40.0,40.0,37.5,43.75
77.80000000000001,36.0,40.0,39.75,37.5,43.75
77.85000000000001,36.0,40.0,39.75,37.5,43.75
77.9,36.0,40.0,39.75,37.5,43.75
77.95,36.0,40.0,39.75,37.5,43.75
78.0,36.0,40.0,39.75,37.5,43.75
78.05000000000001,36.0,40.0,39.75,37.5,43.75
78.10000000000001,36.0,40.0,39.75,37.5,43.75
78.15,36.0,40.0,39.75,37.5,43.75
78.2,36.0,40.0,39.75,37.5,43.75
78.25,36.0,40.0,39.75,37.5,43.75
78.30000000000001,36.0,40.0,39.75,37.5,43.75
78.35000000000001,36.0,40.0,39.75,37.5,43.75
78.4,36.0,40.0,39.75,37.5,43.75
78.45,36.0,40.0,39.75,37.5,43.75
78.5,36.0,40.0,39.75,37.5,43.75
78.55000000000001,36.0,40.0,39.75,37.5,43.75
78.60000000000001,36.0,40.0,39.75,37.5,43.75
78.65,36.0,40.0,39.75,37.5,43.75
78.7,36.0,40.0,39.75,37.5,43.75
78.75,36.0,40.0,39.75,37.5,43.75
78.80000000000001,36.0,40.0,39.75,37.5,43.75
78.85000000000001,36.0,40.0,39.75,37.5,43.75
78.9,36.0,40.0,39.75,37.5,43.75
78.95,36.0,40.0,39.75,37.5,43.75
79.0,36.0,40.0,39.75,37.5,43.75
79.05000000000001,36.0,40.0,39.75,37.5,43.75
79.10000000000001,36.0,40.0,40.0,37.5,43.75
79.15,36.0,40.0,40.0,37.5,43.75
79.2,36.0,40.0,39.75,37.5,43.75
79.25,36.0,40.0,39.75,37.5,43.75
79.30000000000001,36.0,40.0,39.75,37.5,43.75
79.35000000000001,36.0,40.0,39.75,37.5,43.75
79.4,36.0,40.0,39.75,37.5,43.75
79.45,36.0,40.0,39.75,37.5,43.75
79.5,36.0,40.0,39.75,37.5,43.75
79.55000000000001,36.0,40.0,39.75,37.5,43.75
79.60000000000001,36.0,40.0,39.75,37.5,43.75
79.65,36.0,40.0,39.75,37.5,43.75
79.7,36.0,40.0,39.75,37.5,43.75
79.75,36.0,40.0,39.75,37.5,43.75
79.80000000000001,36.0,40.0,39.75,37.5,43.75
79.85000000000001,36.0,40.0,39.75,37.5,43.75
79.9,36.0,40.0,39.75,37.5,43.75
79.95,36.0,40.0,39.75,37.5,43.75
80.0,36.0,40.0,39.75,37.5,43.75
80.05000000000001,36.0,40.0,39.75,37.5,43.75
80.10000000000001,36.0,40.0,39.75,37.5,43.75
80.15,36.0,40.0,39.75,37.5,43.75
80.2,36.0,40.0,39.75,37.25,43.75
80.25,36.0,40.0,39.75,37.5,43.75
80.30000000000001,36.0,40.0,39.75,37.5,43.75
80.35000000000001,36.0,40.0,39.75,37.5,43.75
80.4,36.0,40.0,39.75,37.5,43.75
80.45,36.0,40.0,39.75,37.5,43.75
80.5,36.0,40.0,39.75,37.5,43.75
80.55000000000001,36.0,40.0,39.75,37.25,43.74999999999929
80.60000000000001,36.0,40.0,39.75,37.25,43.5
80.65,36.0,40.0,39.75,37.25,43.5
80.7,36.0,40.0,39.75,37.25,43.75
80.75,36.0,40.0,39.75,37.25,43.75
80.80000000000001,36.0,40.0,39.75,37.25,43.74999999999929
80.85000000000001,36.0,40.0,39.75,37.25,43.50000000000071
80.9,36.0,40.0,39.75,37.25,43.75
80.95,36.0,40.0,39.75,37.5,43.75
81.0,34.75,39.75,39.75,37.25,43.75
81.05000000000001,34.75,39.75000000000071,39.75,37.25,43.75
81.10000000000001,36.0,40.0,39.75,37.25,43.75
81.15,36.0,40.0,39.75,37.25,43.75
81.2,36.0,40.0,39.75,37.25,43.5
81.25,36.0,40.0,39.75,37.25,43.5
81.30000000000001,36.0,40.0,39.75,37.25,43.74999999999929
81.35000000000001,36.0,40.0,39.75,37.25,43.5
81.4,36.0,40.0,39.75,37.25,43.5
81.45,36.0,40.0,39.75,37.25,43.5
81.5,36.0,40.0,39.75,37.25,43.5
81.55000000000001,36.0,40.0,39.75,37.25,43.5
81.60000000000001,36.0,40.0,39.75,37.25,43.50000000000071
81.65,36.0,40.0,39.75,37.25,43.75
81.7,36.0,40.0,39.75,37.5,43.75
81.75,36.0,39.75,39.75,37.25,43.75
81.80000000000001,36.0,39.75000000000071,39.75,37.25,43.5
81.85000000000001,35.75,39.99999999999929,39.75,37.25,43.5
81.9,36.0,39.75,39.75,37.25,43.5
81.95,36.0,39.75,39.75,37.25,43.75
82.0,36.0,39.75,39.75,37.25,43.75
82.05000000000001,36.0,39.75,39.75,37.25,43.74999999999929
82.10000000000001,36.0,39.75000000000071,39.75,37.25,43.5
82.15,36.0,40.0,39.75,37.25,43.5
82.2,36.0,40.0,39.75,37.25,43.5
82.25,36.0,40.0,39.75,37.25,43.5
82.30000000000001,36.0,39.75000000000071,39.75,37.25,43.5
82.35000000000001,36.0,40.0,39.75,37.25,43.5
82.4,36.0,40.0,39.75,37.25,43.5
82.45,35.75,40.0,39.75,37.25,43.5
82.5,35.75,39.75,39.75,37.25,43.5
82.55000000000001,35.75,39.75,39.75,37.25,43.74999999999929
82.60000000000001,36.0,39.75,39.75,37.25,43.5
82.65,35.75,39.75,39.75,37.25,43.5
82.7,35.75,39.75,39.75,37.25,43.5
82.75,35.75,39.75,39.75,37.25,43.5
82.80000000000001,35.75,39.75,39.75,37.25,43.5
82.85000000000001,35.75,39.75,39.75,37.25,43.5
82.9,36.0,39.75,39.75,37.25,43.5
82.95,35.75,39.75,39.75,37.25,43.5
83.0,35.75,39.75,39.75,37.25,43.5
83.05000000000001,36.0,39.75,39.75,37.25,43.5
83.10000000000001,36.0,39.75,39.75,37.25,43.5
83.15,36.0,39.75,39.75,37.25,43.5
83.2,35.75,39.75,39.75,37.25,43.5
83.25,35.75,39.75,39.75,37.25,43.5
83.30000000000001,35.75,39.75,39.75,37.25,43.5
83.35000000000001,35.75,39.75,39.75,37.25,43.5
83.4,36.0,39.75,39.75,37.25,43.5
83.45,35.75,39.75,39.75,37.25,43.5
83.5,35.75,39.75,39.75,37.25,43.5
83.55000000000001,35.75,39.75,39.75,37.25,43.5
83.60000000000001,35.75,39.75,39.75,37.25,43.5
83.65,35.75,39.75,39.75,37.25,43.5
83.7,35.75,39.75,39.75,37.25,43.5
83.75,35.75,39.75,39.75,37.25,43.5
83.80000000000001,35.75,39.75000000000071,39.75,37.25,43.5
83.85000000000001,35.75,39.99999999999929,39.75,37.25,43.5
83.9,35.75,39.75,39.75,37.25,43.5
83.95,35.75,39.75,39.75,37.25,43.5
84.0,35.75,39.75,39.75,37.25,43.5
84.05000000000001,35.75,39.75,39.75,37.0,43.5
84.10000000000001,35.75,39.75,39.75,37.00000000000071,43.5
84.15,35.75,39.75,39.75,37.25,43.5
84.2,36.0,39.75,39.75,37.25,43.5
84.25,36.0,39.75,39.75,37.25,43.5
84.30000000000001,35.75,39.75,39.75,37.25,43.5
84.35000000000001,35.75,39.75,39.75,37.25,43.5
84.4,35.75,39.75,39.75,37.25,43.5
84.45,35.75,39.75,39.75,37.25,43.5
84.5,35.75,39.75,39.75,37.25,43.5
84.55000000000001,35.75,39.75,39.75,37.25,43.5
84.60000000000001,35.75,39.75,39.75,37.25,43.5
84.65,35.75,39.75,39.75,37.25,43.5
84.7,35.75,39.75,39.75,37.25,43.5
84.75,35.75,39.75,39.75,37.25,43.5
84.80000000000001,35.75,39.75,39.75,37.25,43.5
84.85000000000001,35.75,39.75,39.75,37.25,43.5
84.9,35.75,39.75,39.75,37.25,43.5
84.95,35.75,39.75,39.75,37.25,43.5
85.0,35.75,39.75,39.75,37.25,43.5
85.05000000000001,35.75,39.75,39.75,37.25,43.5
85.10000000000001,35.75,39.75,39.75,37.25,43.5
85.15,35.75,39.75,39.75,37.25,43.5
85.2,35.75,39.75,39.75,37.25,43.5
85.25,35.75,39.75,39.75,37.25,43.5
85.30000000000001,35.75,39.75,39.75,37.25,43.5
85.35000000000001,35.75,39.75,39.75,37.25,43.5
85.4,35.75,39.75,39.75,37.25,43.5
85.45,35.75,39.75,39.75,37.25,43.5
85.5,35.75,39.75,39.75,37.25,43.5
85.55000000000001,35.75,39.75,39.75,37.25,43.5
85.60000000000001,35.75,39.75,39.75,37.25,43.5
85.65,35.75,39.75,39.5,37.25,43.5
85.7,35.75,39.75,39.5,37.25,43.5
85.75,35.75,39.75,39.5,37.25,43.5
85.80000000000001,35.75,39.75,39.75,37.25,43.5
85.85000000000001,35.75,39.75,39.75,37.25,43.5
85.9,35.75,39.75,39.75,37.25,43.5
85.95,35.75,39.75,39.75,37.25,43.5
86.0,35.75,39.75,39.75,37.25,43.5
86.05000000000001,35.75,39.75,39.75,37.25,43.5
86.10000000000001,35.75,39.75,39.75,37.25,43.5
86.15,35.75,39.75,39.75,37.25,43.5
86.2,35.75,39.75,39.5,37.25,43.5
86.25,35.75,39.75,39.75,37.25,43.5
86.30000000000001,35.75,39.75,39.75,37.25,43.5
86.35000000000001,35.75,39.75,39.5,37.25,43.5
86.4,35.75,39.75,39.5,37.25,43.5
86.45,35.75,39.75,39.5,37.25,43.5
86.5,35.75,39.75,39.75,37.0,43.5
86.55000000000001,35.75,39.75,39.5,37.00000000000071,43.5
86.60000000000001,35.75,39.75,39.5,37.25,43.5
86.65,35.75,39.75,39.75,37.25,43.5
86.7,35.75,39.75,39.5,37.25,43.5
86.75,35.75,39.75,39.5,37.25,43.5
86.80000000000001,35.75,39.75,39.5,37.25,43.5
86.85000000000001,35.75,39.75,39.5,37.24999999999929,43.5
86.9,35.75,39.75,39.5,37.0,43.5
86.95,35.75,39.75,39.5,37.25,43.5
87.0,35.75,39.75,39.5,37.25,43.5
87.05000000000001,35.75,39.75,39.5,37.0,43.5
87.10000000000001,35.75,39.75,39.5,37.0,43.5
87.15,35.75,39.75,39.5,37.0,43.5
87.2,35.75,39.75,39.5,37.0,43.5
87.25,35.75,39.75,39.5,37.0,43.5
87.30000000000001,35.75,39.75,39.5,37.00000000000071,43.5
87.35000000000001,35.75,39.75,39.5,37.24999999999929,43.5
87.4,35.75,39.75,39.5,37.0,43.5
87.45,35.75,39.75,39.75,37.0,43.5
87.5,35.75,39.75,39.75,37.25,43.5
87.55000000000001,35.75,39.75,39.5,37.0,43.5
87.60000000000001,35.75,39.75,39.5,37.0,43.5
87.65,35.75,39.75,39.5,37.0,43.5
87.7,35.75,39.75,39.5,37.0,43.5
87.75,35.75,39.75,39.5,37.0,43.5
87.80000000000001,35.75,39.50000000000071,39.5,37.0,43.5
87.85000000000001,35.75,39.75,39.5,37.0,43.5
87.9,35.75,39.75,39.5,37.0,43.5
87.95,35.75,39.75,39.5,37.0,43.5
88.0,35.75,39.75,39.5,37.0,43.5
88.05000000000001,35.75,39.75,39.5,37.0,43.25
88.10000000000001,35.75,39.75,39.5,37.0,43.25000000000071
88.15,35.75,39.75,39.5,37.0,43.5
88.2,35.75,39.75,39.5,37.0,43.5
88.25,35.75,39.75,39.5,37.0,43.5
88.30000000000001,35.75,39.75,39.5,37.0,43.5
88.35000000000001,35.75,39.75,39.5,37.0,43.5
88.4,35.75,39.75,39.5,37.0,43.5
88.45,35.75,39.75,39.5,37.0,43.5
88.5,35.75,39.75,39.5,37.0,43.5
88.55000000000001,35.75,39.75,39.5,37.0,43.5
88.60000000000001,35.75,39.75,39.5,37.0,43.5
88.65,35.75,39.75,39.5,37.0,43.5
88.7,35.75,39.75,39.5,37.0,43.5
88.75,35.75,39.75,39.5,37.0,43.5
88.80000000000001,35.75,39.75,39.5,37.0,43.25000000000071
88.85000000000001,35.75,39.75,39.5,37.0,43.5
88.9,35.75,39.75,39.5,37.0,43.5
88.95,35.75,39.75,39.5,37.0,43.5
89.0,35.75,39.5,39.5,37.0,43.5
89.05000000000001,35.75,39.75,39.5,37.0,43.5
89.10000000000001,35.75,39.74999999999929,39.5,37.0,43.5
89.15,35.75,39.5,39.5,37.0,43.5
89.2,35.75,39.75,39.5,37.0,43.5
89.25,35.75,39.75,39.5,37.0,43.5
89.30000000000001,35.75,39.75,39.5,37.0,43.5
89.35000000000001,35.75,39.74999999999929,39.5,37.0,43.5
89.4,35.75,39.5,39.5,37.0,43.5
89.45,35.75,39.5,39.5,37.0,43.5
89.5,35.75,39.5,39.5,37.0,43.5
89.55000000000001,35.75,39.5,39.5,37.0,43.25000000000071
89.60000000000001,35.75,39.5,39.5,37.0,43.5
89.65,35.75,39.5,39.5,37.0,43.5
89.7,35.75,39.75,39.5,37.0,43.5
89.75,35.75,39.75,39.5,37.0,43.5
89.80000000000001,35.75,39.74999999999929,39.5,37.0,43.5
89.85000000000001,35.75,39.5,39.5,37.0,43.5
89.9,35.75,39.5,39.5,37.0,43.5
89.95,35.75,39.5,39.5,37.0,43.5
90.0,35.75,39.5,39.5,37.0,43.5
90.05000000000001,35.75,39.50000000000071,39.5,37.0,43.5
90.10000000000001,35.75,39.74999999999929,39.5,37.0,43.5
90.15,35.75,39.5,39.5,37.0,43.5
90.2,35.75,39.5,39.5,37.0,43.5
90.25,35.75,39.5,39.5,37.0,43.5
90.30000000000001,35.75,39.5,39.5,37.0,43.25
90.35000000000001,35.75,39.5,39.5,37.0,43.25
90.4,35.75,39.5,39.5,37.0,43.25
90.45,35.75,39.5,39.5,37.0,43.25
90.5,35.75,39.5,39.5,37.0,43.5
90.55000000000001,35.5,39.5,39.5,37.0,43.5
90.60000000000001,35.5,39.5,39.5,37.0,43.5
90.65,35.5,39.5,39.5,37.0,43.5
90.7,35.5,39.5,39.5,37.0,43.5
90.75,35.75,39.5,39.5,37.0,43.5
90.80000000000001,35.75,39.5,39.5,36.99999999999929,43.25
90.85000000000001,35.75,39.5,39.5,36.75000000000071,43.25
90.9,35.75,39.5,39.5,37.0,43.25
90.95,35.75,39.5,39.5,37.0,43.5
91.0,35.75,39.5,39.5,37.0,43.5
91.05000000000001,35.5,39.5,39.5,37.0,43.25
91.10000000000001,35.5,39.5,39.5,37.0,43.25
91.15,35.75,39.5,39.5,37.0,43.25
91.2,35.75,39.5,39.5,37.0,43.25
91.25,35.75,39.5,39.5,37.0,43.25
91.30000000000001,35.75,39.5,39.5,37.0,43.25
91.35000000000001,35.5,39.5,39.5,37.0,43.25
91.4,35.5,39.5,39.5,37.0,43.25
91.45,35.75,39.5,39.5,37.0,43.25
91.5,35.75,39.5,39.5,37.0,43.25
91.55000000000001,35.75,39.5,39.5,37.0,43.25
91.60000000000001,35.5,39.5,39.5,37.0,43.25
91.65,35.5,39.5,39.5,37.0,43.25
91.7,35.5,39.5,39.5,37.0,43.25
91.75,35.5,39.5,39.5,37.0,43.25
91.80000000000001,35.75,39.5,39.5,37.0,43.25
91.85000000000001,35.75,39.5,39.5,37.0,43.25
91.9,35.5,39.5,39.5,37.0,43.25
91.95,35.75,39.5,39.5,37.0,43.25
92.0,35.75,39.5,39.5,37.0,43.25
92.05000000000001,35.75,39.5,39.5,37.0,43.25
92.10000000000001,35.75,39.5,39.5,37.0,43.25000000000071
92.15,35.75,39.5,39.5,37.0,43.5
92.2,35.75,39.5,39.5,37.0,43.25
92.25,35.5,39.5,39.5,36.75,43.25
92.30000000000001,35.5,39.5,39.5,36.75000000000071,43.25
92.35000000000001,35.75,39.5,39.5,37.0,43.25
92.4,35.5,39.5,39.5,37.0,43.25
92.45,35.5,39.5,39.5,37.0,43.25
92.5,35.75,39.5,39.5,37.0,43.25
92.55000000000001,35.75,39.5,39.5,37.0,43.25
92.60000000000001,35.75,39.5,39.5,37.0,43.25
92.65,35.5,39.5,39.5,37.0,43.25
92.7,35.75,39.5,39.5,37.0,43.25
92.75,35.75,39.5,39.5,37.0,43.25
92.80000000000001,35.75,39.5,39.5,37.0,43.25
92.85000000000001,35.75,39.5,39.5,37.0,43.25
92.9,35.75,39.5,39.5,37.0,43.25
92.95,35.75,39.5,39.5,37.0,43.25
93.0,35.75,39.5,39.5,37.0,43.25
93.05000000000001,35.5,39.5,39.5,36.75,43.25
93.10000000000001,35.5,39.5,39.5,36.75000000000071,43.25
93.15,35.75,39.5,39.5,37.0,43.25
93.2,35.5,39.5,39.5,37.0,43.25
93.25,35.5,39.5,39.5,37.0,43.25
93.30000000000001,35.5,39.5,39.5,37.0,43.25
93.35000000000001,35.5,39.5,39.5,37.0,43.25
93.4,35.5,39.5,39.5,37.0,43.25
93.45,35.75,39.5,39.5,37.0,43.25
93.5,35.75,39.5,39.5,36.75,43.25
93.55000000000001,35.75,39.5,39.5,36.75000000000071,43.25
93.60000000000001,35.5,39.5,39.5,37.0,43.25
93.65,35.5,39.5,39.5,37.0,43.25
93.7,35.5,39.5,39.5,37.0,43.25
93.75,35.5,39.5,39.5,37.0,43.25
93.80000000000001,35.5,39.5,39.5,37.0,43.25
93.85000000000001,35.5,39.5,39.5,36.99999999999929,43.25
93.9,35.75,39.5,39.5,36.75,43.25
93.95,35.5,39.5,39.5,37.0,43.25
94.0,35.5,39.5,39.5,37.0,43.25
94.05000000000001,35.75,39.5,39.5,36.75,43.25
94.10000000000001,35.75,39.5,39.5,36.75,43.25
94.15,35.75,39.5,39.5,36.75,43.25
94.2,35.5,39.5,39.5,37.0,43.25
94.25,35.75,39.5,39.5,37.0,43.25
94.30000000000001,35.75,39.5,39.5,36.99999999999929,43.25
94.35000000000001,35.5,39.5,39.5,36.75,43.25
94.4,35.5,39.5,39.5,36.75,43.25
94.45,35.5,39.5,39.5,36.75,43.25
94.5,35.5,39.5,39.5,36.75,43.25
94.55000000000001,35.5,39.5,39.5,37.0,43.25
94.60000000000001,35.5,39.5,39.5,37.0,43.25
94.65,35.5,39.5,39.5,37.0,43.25
94.7,35.5,39.5,39.5,36.75,43.25
94.75,35.5,39.5,39.5,36.75,43.25
94.80000000000001,35.75,39.5,39.5,36.75,43.25
94.85000000000001,35.5,39.5,39.5,36.75,43.25
94.9,35.5,39.5,39.5,36.75,43.25
94.95,35.5,39.5,39.5,36.75,43.25
95.0,35.5,39.5,39.5,36.75,43.25
95.05000000000001,35.5,39.5,39.5,36.75,43.25
95.10000000000001,35.5,39.5,39.5,36.75,43.25
95.15,35.5,39.5,39.5,36.75,43.25
95.2,35.5,39.5,39.5,36.75,43.25
95.25,35.75,39.5,39.5,36.75,43.25
95.30000000000001,35.5,39.5,39.5,36.75,43.25
95.35000000000001,35.5,39.5,39.5,36.75,43.25
95.4,35.5,39.5,39.5,36.75,43.25
95.45,35.5,39.5,39.5,36.75,43.25
95.5,35.5,39.5,39.25,36.75,43.25
95.55000000000001,35.5,39.5,39.25,36.75000000000071,43.25
95.60000000000001,35.5,39.5,39.25,37.0,43.25
95.65,35.5,39.5,39.25,37.0,43.25
95.7,35.5,39.5,39.25,36.75,43.25
95.75,35.5,39.5,39.25,36.75,43.25
95.80000000000001,35.5,39.25,39.5,36.75,43.00000000000071
95.85000000000001,35.5,39.25000000000071,39.5,36.75,43.25
95.9,35.5,39.5,39.5,36.75,43.25
95.95,35.5,39.5,39.25,36.75,43.25
96.0,35.5,39.5,39.5,36.75,43.25
96.05000000000001,35.5,39.5,39.5,36.75,43.25
96.10000000000001,35.5,39.5,39.5,36.75,43.25
96.15,35.5,39.5,39.25,36.75,43.25
96.2,35.5,39.5,39.25,36.75,43.25
96.25,35.5,39.5,39.5,36.75,43.25
96.30000000000001,35.5,39.49999999999929,39.5,36.75,43.25
96.35000000000001,35.5,39.25000000000071,39.5,36.75,43.24999999999929
96.4,35.5,39.5,39.25,36.75,43.0
96.45,35.5,39.5,39.25,36.75,43.25
96.5,35.5,39.5,39.25,36.75,43.25
96.55000000000001,35.5,39.5,39.5,36.75,43.25
96.60000000000001,35.5,39.5,39.25,36.75,43.25
96.65,35.5,39.5,39.25,36.75,43.25
96.7,35.5,39.25,39.5,36.75,43.25
96.75,35.5,39.25,39.25,36.75,43.25
96.80000000000001,35.5,39.25000000000071,39.25,36.75,43.25
96.85000000000001,35.5,39.5,39.5,36.75,43.25
96.9,35.5,39.5,39.25,36.75,43.25
96.95,35.5,39.5,39.25,36.75,43.25
97.0,35.5,39.5,39.25,36.75,43.0
97.05000000000001,35.5,39.49999999999929,39.25,36.75,43.25
97.10000000000001,35.5,39.25,39.25,36.75,43.25
97.15,35.5,39.25,39.25,36.75,43.25
97.2,35.5,39.25,39.25,36.75,43.0
97.25,35.5,39.5,39.25,36.75,43.0
97.30000000000001,35.5,39.25,39.25,36.75,43.0
97.35000000000001,35.5,39.25,39.25,36.75,43.0
97.4,35.5,39.25,39.25,36.75,43.0
97.45,35.5,39.25,39.5,36.75,43.25
97.5,35.5,39.25,39.25,36.75,43.25
97.55000000000001,35.5,39.25,39.25,36.75,43.25
97.60000000000001,35.5,39.25,39.25,36.75,43.24999999999929
97.65,35.5,39.25,39.25,36.75,43.0
97.7,35.5,39.25,39.25,36.75,43.0
97.75,35.5,39.25,39.25,36.75,43.0
97.80000000000001,35.5,39.25,39.25,36.75,43.0
97.85000000000001,35.5,39.25,39.25,36.75,43.0
97.9,35.5,39.25,39.25,36.75,43.0
97.95,35.5,39.25,39.25,36.75,43.0
98.0,35.5,39.25,39.25,36.75,43.0
98.05000000000001,35.5,39.25,39.25,36.75,43.0
98.10000000000001,35.5,39.25,39.25,36.75,43.00000000000071
98.15,35.5,39.25,39.25,36.75,43.25
98.2,35.5,39.25,39.25,36.75,43.25
98.25,35.5,39.25,39.25,36.75,43.0
98.30000000000001,35.5,39.25,39.25,36.75,43.0
98.35000000000001,35.5,39.25,39.25,36.75,43.0
98.4,35.5,39.25,39.25,36.75,43.0
98.45,35.5,39.25,39.25,36.75,43.0
98.5,35.5,39.25,39.25,36.75,43.0
98.55000000000001,35.5,39.25,39.25,36.75,43.0
98.60000000000001,35.5,39.25000000000071,39.25,36.75,43.0
98.65,35.5,39.5,39.25,36.75,43.0
98.7,35.5,39.5,39.25,36.75,43.0
98.75,35.5,39.25,39.25,36.75,43.0
98.80000000000001,35.5,39.5,39.25,36.75,43.0
98.85000000000001,35.5,39.49999999999929,39.25,36.75,43.0
98.9,35.5,39.25,39.25,36.75,43.0
98.95,35.5,39.5,39.25,36.75,43.0
99.0,35.5,39.5,39.25,36.75,43.0
99.05000000000001,35.5,39.25,39.25,36.75,43.0
99.10000000000001,35.5,39.25,39.25,36.75,43.0
99.15,35.5,39.25,39.25,36.75,43.0
99.2,35.5,39.25,39.25,36.75,43.0
99.25,35.5,39.25,39.25,36.75,43.0
99.30000000000001,35.5,39.25,39.25,36.75,43.0
99.35000000000001,35.5,39.25,39.25,36.75,43.0
99.4,35.5,39.25,39.25,36.75,43.0
99.45,35.5,39.25,39.25,36.75,43.0
99.5,35.5,39.25,39.25,36.75,43.0
99.55000000000001,35.5,39.25,39.25,36.75,43.0
99.60000000000001,35.5,39.25,39.25,36.75,43.0
99.65,35.5,39.25,39.25,36.75,43.0
99.7,35.5,39.25,39.25,36.75,43.0
99.75,35.5,39.25,39.25,36.75,43.0
99.80000000000001,35.5,39.25,39.25,36.75,43.0
99.85000000000001,35.5,39.25,39.25,36.75,43.0
99.9,35.5,39.25,39.25,36.75,43.0
99.95,35.5,39.25,39.25,36.75,43.0
100.0,35.5,39.25,39.25,36.75,43.0
